readiness-terraform	Set up job	﻿2026-10-03T05:40:13.9481011Z Current runner version: '2.337.0'
readiness-terraform	Set up job	2026-10-03T05:40:13.9489431Z Runner name: 'blacksmith-2vcpu-ubuntu-2404-arm-Runner-a817eb326f'
readiness-terraform	Set up job	2026-10-03T05:40:13.9490596Z Runner group name: 'blacksmith scale sets - blacksmith-2vcpu-ubuntu-2404-arm'
readiness-terraform	Set up job	2026-10-03T05:40:13.9491821Z Machine name: 'ip-172-31-74-117'
readiness-terraform	Set up job	2026-10-03T05:40:13.9494076Z ##[group]GITHUB_TOKEN Permissions
readiness-terraform	Set up job	2026-10-03T05:40:13.9497576Z Contents: read
readiness-terraform	Set up job	2026-10-03T05:40:13.9498104Z Metadata: read
readiness-terraform	Set up job	2026-10-03T05:40:13.9498543Z ##[endgroup]
readiness-terraform	Set up job	2026-10-03T05:40:13.9501189Z Secret source: Actions
readiness-terraform	Set up job	2026-10-03T05:40:13.9501971Z Cache mode: write
readiness-terraform	Set up job	2026-10-03T05:40:13.9502565Z Prepare workflow directory
readiness-terraform	Set up job	2026-10-03T05:40:13.9874448Z Prepare all required actions
readiness-terraform	Set up job	2026-10-03T05:40:13.9926949Z Getting action download info
readiness-terraform	Set up job	2026-10-03T05:40:15.2366971Z Download action repository 'actions/checkout@34e114876b0b11c390a56381ad16ebd13914f8d5' (SHA:34e114876b0b11c390a56381ad16ebd13914f8d5)
readiness-terraform	Set up job	2026-10-03T05:40:15.8606914Z Download action repository 'hashicorp/setup-terraform@b9cd54a3c349d3f38e8881555d616ced269862dd' (SHA:b9cd54a3c349d3f38e8881555d616ced269862dd)
readiness-terraform	Set up job	2026-10-03T05:40:16.5786101Z Setting BLACKSMITH_ACTIONS_RESULTS_URL to https://results-receiver.actions.githubusercontent.com/
readiness-terraform	Set up job	2026-10-03T05:40:16.5874607Z Complete job name: readiness-terraform
readiness-terraform	Set up runner	﻿2026-10-03T05:40:16.6640270Z A job started hook has been configured by the self-hosted runner administrator
readiness-terraform	Set up runner	2026-10-03T05:40:16.6848896Z ##[group]Run '/setup.sh'
readiness-terraform	Set up runner	2026-10-03T05:40:16.6878565Z shell: /usr/bin/bash --noprofile --norc -e -o pipefail {0}
readiness-terraform	Set up runner	2026-10-03T05:40:16.6880205Z env:
readiness-terraform	Set up runner	2026-10-03T05:40:16.6881046Z   BLACKSMITH_RUNNER_MESSAGE_WAIT_MS: 204
readiness-terraform	Set up runner	2026-10-03T05:40:16.6882129Z   BLACKSMITH_RUNNER_ACQUIRE_JOB_MS: 866
readiness-terraform	Set up runner	2026-10-03T05:40:16.6883185Z   BLACKSMITH_CHECK_RUN_ID: 111139061379
readiness-terraform	Set up runner	2026-10-03T05:40:16.6884342Z   BLACKSMITH_JOB_DISPLAY_NAME: readiness-terraform
readiness-terraform	Set up runner	2026-10-03T05:40:16.6885779Z   GITHUB_ACTIONS_CACHE_MODE: write
readiness-terraform	Set up runner	2026-10-03T05:40:16.6886819Z ##[endgroup]
readiness-terraform	Set up runner	2026-10-03T05:40:16.7722791Z Logging daemon started (blacksmithd for logs)
readiness-terraform	Set up runner	2026-10-03T05:40:16.7987036Z Results daemon started (blacksmithd for results)
readiness-terraform	Set up runner	2026-10-03T05:40:16.8352162Z Background adoption and SSH setup started (PID: 3210)
readiness-terraform	Set up runner	2026-10-03T05:40:16.8353633Z 
readiness-terraform	Set up runner	2026-10-03T05:40:16.8375647Z ----------------------------------------
readiness-terraform	Set up runner	2026-10-03T05:40:16.8378362Z View this job: https://app.blacksmith.sh/Lumiwealth/runs/37100549152/jobs/111139061379
readiness-terraform	Set up runner	2026-10-03T05:40:16.8382127Z SSH Access (using your GitHub SSH key):
readiness-terraform	Set up runner	2026-10-03T05:40:16.8383909Z   ssh -p 64000 runner@blacksmith-2vcpu-ubuntu-2404-arm-runner-a817eb326f.vm.blacksmith.sh
readiness-terraform	Set up runner	2026-10-03T05:40:16.8385470Z 
readiness-terraform	Set up runner	2026-10-03T05:40:16.8386041Z No GitHub SSH key? Add one at:
readiness-terraform	Set up runner	2026-10-03T05:40:16.8388210Z https://docs.github.com/en/authentication/connecting-to-github-with-ssh/adding-a-new-ssh-key-to-your-github-account
readiness-terraform	Set up runner	2026-10-03T05:40:16.8390125Z 
readiness-terraform	Set up runner	2026-10-03T05:40:16.8390567Z ----------------------------------------
readiness-terraform	Set up runner	2026-10-03T05:40:16.8391247Z 
readiness-terraform	Set up runner	2026-10-03T05:40:16.8391949Z VM ID: blacksmith-2vcpu-ubuntu-2404-arm-Runner-a817eb326f
readiness-terraform	Set up runner	2026-10-03T05:40:16.8393561Z Host: production-192.240.237.150-aarch64
readiness-terraform	Set up runner	2026-10-03T05:40:16.8394912Z Host Agent PID: 1420526
readiness-terraform	Set up runner	2026-10-03T05:40:16.8395866Z Host Agent Git SHA: e97f83469
readiness-terraform	Set up runner	2026-10-03T05:40:16.8397253Z Host CPU Manufacturer: Ampere
readiness-terraform	Set up runner	2026-10-03T05:40:16.8398410Z Blacksmith Host Generation: gen 2
readiness-terraform	Set up runner	2026-10-03T05:40:16.8399630Z Petname: production-decent-sunfish-669632fe-arm
readiness-terraform	Set up runner	2026-10-03T05:40:16.8400788Z Region: us-west
readiness-terraform	Set up runner	2026-10-03T05:40:16.8401691Z Rootfs Version: ubuntu24-full-aarch64-110625
readiness-terraform	Set up runner	2026-10-03T05:40:16.8603224Z OS Version: Ubuntu 24.04.3 LTS
readiness-terraform	Set up runner	2026-10-03T05:40:16.8870756Z 
readiness-terraform	Set up runner	2026-10-03T05:40:16.8881206Z Enabling Blacksmith transparent cache
readiness-terraform	Checkout exact candidate	﻿2026-10-03T05:40:16.9835323Z ##[group]Run actions/checkout@34e114876b0b11c390a56381ad16ebd13914f8d5
readiness-terraform	Checkout exact candidate	2026-10-03T05:40:16.9837892Z with:
readiness-terraform	Checkout exact candidate	2026-10-03T05:40:16.9838864Z   ref: 330bd1095c61852b4c7534a79ff387b2f6d9bed3
readiness-terraform	Checkout exact candidate	2026-10-03T05:40:16.9839981Z   persist-credentials: false
readiness-terraform	Checkout exact candidate	2026-10-03T05:40:16.9840963Z   repository: Lumiwealth/bot_manager
readiness-terraform	Checkout exact candidate	2026-10-03T05:40:16.9851132Z   token: ***
readiness-terraform	Checkout exact candidate	2026-10-03T05:40:16.9852883Z   ssh-strict: true
readiness-terraform	Checkout exact candidate	2026-10-03T05:40:16.9853926Z   ssh-user: git
readiness-terraform	Checkout exact candidate	2026-10-03T05:40:16.9854757Z   clean: true
readiness-terraform	Checkout exact candidate	2026-10-03T05:40:16.9855564Z   sparse-checkout-cone-mode: true
readiness-terraform	Checkout exact candidate	2026-10-03T05:40:16.9856598Z   fetch-depth: 1
readiness-terraform	Checkout exact candidate	2026-10-03T05:40:16.9857379Z   fetch-tags: false
readiness-terraform	Checkout exact candidate	2026-10-03T05:40:16.9858173Z   show-progress: true
readiness-terraform	Checkout exact candidate	2026-10-03T05:40:16.9858982Z   lfs: false
readiness-terraform	Checkout exact candidate	2026-10-03T05:40:16.9859717Z   submodules: false
readiness-terraform	Checkout exact candidate	2026-10-03T05:40:16.9860525Z   set-safe-directory: true
readiness-terraform	Checkout exact candidate	2026-10-03T05:40:16.9861402Z env:
readiness-terraform	Checkout exact candidate	2026-10-03T05:40:16.9862172Z   BLACKSMITH_RUNNER_MESSAGE_WAIT_MS: 204
readiness-terraform	Checkout exact candidate	2026-10-03T05:40:16.9863435Z   BLACKSMITH_RUNNER_ACQUIRE_JOB_MS: 866
readiness-terraform	Checkout exact candidate	2026-10-03T05:40:16.9864693Z   GITHUB_REPO_NAME: Lumiwealth/bot_manager
readiness-terraform	Checkout exact candidate	2026-10-03T05:40:16.9865783Z ##[endgroup]
readiness-terraform	Checkout exact candidate	2026-10-03T05:40:17.3284429Z Syncing repository: Lumiwealth/bot_manager
readiness-terraform	Checkout exact candidate	2026-10-03T05:40:17.3290127Z ##[group]Getting Git version info
readiness-terraform	Checkout exact candidate	2026-10-03T05:40:17.3291912Z Working directory is '/home/runner/_work/bot_manager/bot_manager'
readiness-terraform	Checkout exact candidate	2026-10-03T05:40:17.3298176Z [command]/usr/local/bin/git version
readiness-terraform	Checkout exact candidate	2026-10-03T05:40:17.3448827Z git version 2.51.2
readiness-terraform	Checkout exact candidate	2026-10-03T05:40:17.3457994Z ##[endgroup]
readiness-terraform	Checkout exact candidate	2026-10-03T05:40:17.3463045Z Temporarily overriding HOME='/home/runner/_work/_temp/3c0f6896-f780-4faa-bd65-bab16d594af1' before making global git config changes
readiness-terraform	Checkout exact candidate	2026-10-03T05:40:17.3465645Z Adding repository directory to the temporary git global config as a safe directory
readiness-terraform	Checkout exact candidate	2026-10-03T05:40:17.3467923Z [command]/usr/local/bin/git config --global --add safe.directory /home/runner/_work/bot_manager/bot_manager
readiness-terraform	Checkout exact candidate	2026-10-03T05:40:17.3548172Z Deleting the contents of '/home/runner/_work/bot_manager/bot_manager'
readiness-terraform	Checkout exact candidate	2026-10-03T05:40:17.3553591Z ##[group]Initializing the repository
readiness-terraform	Checkout exact candidate	2026-10-03T05:40:17.3582018Z [command]/usr/local/bin/git init /home/runner/_work/bot_manager/bot_manager
readiness-terraform	Checkout exact candidate	2026-10-03T05:40:17.3700543Z hint: Using 'master' as the name for the initial branch. This default branch name
readiness-terraform	Checkout exact candidate	2026-10-03T05:40:17.3702966Z hint: is subject to change. To configure the initial branch name to use in all
readiness-terraform	Checkout exact candidate	2026-10-03T05:40:17.3705614Z hint: of your new repositories, which will suppress this warning, call:
readiness-terraform	Checkout exact candidate	2026-10-03T05:40:17.3710246Z hint:
readiness-terraform	Checkout exact candidate	2026-10-03T05:40:17.3726428Z hint: 	git config --global init.defaultBranch <name>
readiness-terraform	Checkout exact candidate	2026-10-03T05:40:17.3728155Z hint:
readiness-terraform	Checkout exact candidate	2026-10-03T05:40:17.3731497Z hint: Names commonly chosen instead of 'master' are 'main', 'trunk' and
readiness-terraform	Checkout exact candidate	2026-10-03T05:40:17.3734454Z hint: 'development'. The just-created branch can be renamed via this command:
readiness-terraform	Checkout exact candidate	2026-10-03T05:40:17.3736855Z hint:
readiness-terraform	Checkout exact candidate	2026-10-03T05:40:17.3738503Z hint: 	git branch -m <name>
readiness-terraform	Checkout exact candidate	2026-10-03T05:40:17.3740333Z hint:
readiness-terraform	Checkout exact candidate	2026-10-03T05:40:17.3745720Z hint: Disable this message with "git config set advice.defaultBranchName false"
readiness-terraform	Checkout exact candidate	2026-10-03T05:40:17.3748173Z Initialized empty Git repository in /home/runner/_work/bot_manager/bot_manager/.git/
readiness-terraform	Checkout exact candidate	2026-10-03T05:40:17.3752442Z [command]/usr/local/bin/git remote add origin https://github.com/Lumiwealth/bot_manager
readiness-terraform	Checkout exact candidate	2026-10-03T05:40:17.3787945Z ##[endgroup]
readiness-terraform	Checkout exact candidate	2026-10-03T05:40:17.3789670Z ##[group]Disabling automatic garbage collection
readiness-terraform	Checkout exact candidate	2026-10-03T05:40:17.3801714Z [command]/usr/local/bin/git config --local gc.auto 0
readiness-terraform	Checkout exact candidate	2026-10-03T05:40:17.3867846Z ##[endgroup]
readiness-terraform	Checkout exact candidate	2026-10-03T05:40:17.3869399Z ##[group]Setting up auth
readiness-terraform	Checkout exact candidate	2026-10-03T05:40:17.3874212Z [command]/usr/local/bin/git config --local --name-only --get-regexp core\.sshCommand
readiness-terraform	Checkout exact candidate	2026-10-03T05:40:17.4036796Z [command]/usr/local/bin/git submodule foreach --recursive sh -c "git config --local --name-only --get-regexp 'core\.sshCommand' && git config --local --unset-all 'core.sshCommand' || :"
readiness-terraform	Checkout exact candidate	2026-10-03T05:40:17.4579023Z [command]/usr/local/bin/git config --local --name-only --get-regexp http\.https\:\/\/github\.com\/\.extraheader
readiness-terraform	Checkout exact candidate	2026-10-03T05:40:17.4591509Z [command]/usr/local/bin/git submodule foreach --recursive sh -c "git config --local --name-only --get-regexp 'http\.https\:\/\/github\.com\/\.extraheader' && git config --local --unset-all 'http.https://github.com/.extraheader' || :"
readiness-terraform	Checkout exact candidate	2026-10-03T05:40:17.4875053Z [command]/usr/local/bin/git config --local --name-only --get-regexp ^includeIf\.gitdir:
readiness-terraform	Checkout exact candidate	2026-10-03T05:40:17.4959888Z [command]/usr/local/bin/git submodule foreach --recursive git config --local --show-origin --name-only --get-regexp remote.origin.url
readiness-terraform	Checkout exact candidate	2026-10-03T05:40:17.5419797Z [command]/usr/local/bin/git config --local http.https://github.com/.extraheader AUTHORIZATION: basic ***
readiness-terraform	Checkout exact candidate	2026-10-03T05:40:17.5427636Z ##[endgroup]
readiness-terraform	Checkout exact candidate	2026-10-03T05:40:17.5429148Z ##[group]Fetching the repository
readiness-terraform	Checkout exact candidate	2026-10-03T05:40:17.5431497Z [command]/usr/local/bin/git -c protocol.version=2 fetch --no-tags --prune --no-recurse-submodules --depth=1 origin 330bd1095c61852b4c7534a79ff387b2f6d9bed3
readiness-terraform	Checkout exact candidate	2026-10-03T05:40:18.7784150Z From https://github.com/Lumiwealth/bot_manager
readiness-terraform	Checkout exact candidate	2026-10-03T05:40:18.7786297Z  * branch            330bd1095c61852b4c7534a79ff387b2f6d9bed3 -> FETCH_HEAD
readiness-terraform	Checkout exact candidate	2026-10-03T05:40:18.7887307Z ##[endgroup]
readiness-terraform	Checkout exact candidate	2026-10-03T05:40:18.7889429Z ##[group]Determining the checkout info
readiness-terraform	Checkout exact candidate	2026-10-03T05:40:18.7890091Z ##[endgroup]
readiness-terraform	Checkout exact candidate	2026-10-03T05:40:18.7893243Z [command]/usr/local/bin/git sparse-checkout disable
readiness-terraform	Checkout exact candidate	2026-10-03T05:40:18.7983984Z [command]/usr/local/bin/git config --local --unset-all extensions.worktreeConfig
readiness-terraform	Checkout exact candidate	2026-10-03T05:40:18.8041021Z ##[group]Checking out the ref
readiness-terraform	Checkout exact candidate	2026-10-03T05:40:18.8070697Z [command]/usr/local/bin/git checkout --progress --force 330bd1095c61852b4c7534a79ff387b2f6d9bed3
readiness-terraform	Checkout exact candidate	2026-10-03T05:40:18.8950901Z Note: switching to '330bd1095c61852b4c7534a79ff387b2f6d9bed3'.
readiness-terraform	Checkout exact candidate	2026-10-03T05:40:18.8951647Z 
readiness-terraform	Checkout exact candidate	2026-10-03T05:40:18.8952402Z You are in 'detached HEAD' state. You can look around, make experimental
readiness-terraform	Checkout exact candidate	2026-10-03T05:40:18.8953187Z changes and commit them, and you can discard any commits you make in this
readiness-terraform	Checkout exact candidate	2026-10-03T05:40:18.8960751Z state without impacting any branches by switching back to a branch.
readiness-terraform	Checkout exact candidate	2026-10-03T05:40:18.8961467Z 
readiness-terraform	Checkout exact candidate	2026-10-03T05:40:18.8980227Z If you want to create a new branch to retain commits you create, you may
readiness-terraform	Checkout exact candidate	2026-10-03T05:40:18.8991030Z do so (now or later) by using -c with the switch command. Example:
readiness-terraform	Checkout exact candidate	2026-10-03T05:40:18.9006417Z 
readiness-terraform	Checkout exact candidate	2026-10-03T05:40:18.9018030Z   git switch -c <new-branch-name>
readiness-terraform	Checkout exact candidate	2026-10-03T05:40:18.9018685Z 
readiness-terraform	Checkout exact candidate	2026-10-03T05:40:18.9033332Z Or undo this operation with:
readiness-terraform	Checkout exact candidate	2026-10-03T05:40:18.9033866Z 
readiness-terraform	Checkout exact candidate	2026-10-03T05:40:18.9034118Z   git switch -
readiness-terraform	Checkout exact candidate	2026-10-03T05:40:18.9057584Z 
readiness-terraform	Checkout exact candidate	2026-10-03T05:40:18.9079403Z Turn off this advice by setting config variable advice.detachedHead to false
readiness-terraform	Checkout exact candidate	2026-10-03T05:40:18.9080070Z 
readiness-terraform	Checkout exact candidate	2026-10-03T05:40:18.9104014Z HEAD is now at 330bd10 Merge pull request #551 from Lumiwealth/main
readiness-terraform	Checkout exact candidate	2026-10-03T05:40:18.9130872Z ##[endgroup]
readiness-terraform	Checkout exact candidate	2026-10-03T05:40:18.9175973Z [command]/usr/local/bin/git log -1 --format=%H
readiness-terraform	Checkout exact candidate	2026-10-03T05:40:18.9194863Z 330bd1095c61852b4c7534a79ff387b2f6d9bed3
readiness-terraform	Checkout exact candidate	2026-10-03T05:40:18.9247574Z ##[group]Removing auth
readiness-terraform	Checkout exact candidate	2026-10-03T05:40:18.9261609Z [command]/usr/local/bin/git config --local --name-only --get-regexp core\.sshCommand
readiness-terraform	Checkout exact candidate	2026-10-03T05:40:18.9313418Z [command]/usr/local/bin/git submodule foreach --recursive sh -c "git config --local --name-only --get-regexp 'core\.sshCommand' && git config --local --unset-all 'core.sshCommand' || :"
readiness-terraform	Checkout exact candidate	2026-10-03T05:40:18.9556423Z [command]/usr/local/bin/git config --local --name-only --get-regexp http\.https\:\/\/github\.com\/\.extraheader
readiness-terraform	Checkout exact candidate	2026-10-03T05:40:18.9609565Z http.https://github.com/.extraheader
readiness-terraform	Checkout exact candidate	2026-10-03T05:40:18.9617581Z [command]/usr/local/bin/git config --local --unset-all http.https://github.com/.extraheader
readiness-terraform	Checkout exact candidate	2026-10-03T05:40:18.9693954Z [command]/usr/local/bin/git submodule foreach --recursive sh -c "git config --local --name-only --get-regexp 'http\.https\:\/\/github\.com\/\.extraheader' && git config --local --unset-all 'http.https://github.com/.extraheader' || :"
readiness-terraform	Checkout exact candidate	2026-10-03T05:40:19.0029526Z [command]/usr/local/bin/git config --local --name-only --get-regexp ^includeIf\.gitdir:
readiness-terraform	Checkout exact candidate	2026-10-03T05:40:19.0123489Z [command]/usr/local/bin/git submodule foreach --recursive git config --local --show-origin --name-only --get-regexp remote.origin.url
readiness-terraform	Checkout exact candidate	2026-10-03T05:40:19.0427972Z ##[endgroup]
readiness-terraform	Require develop candidate	﻿2026-10-03T05:40:19.0617435Z ##[group]Run set -euo pipefail
readiness-terraform	Require develop candidate	2026-10-03T05:40:19.0617858Z [36;1mset -euo pipefail[0m
readiness-terraform	Require develop candidate	2026-10-03T05:40:19.0618201Z [36;1mif [[ "$GITHUB_EVENT_NAME" == "pull_request" ]]; then[0m
readiness-terraform	Require develop candidate	2026-10-03T05:40:19.0618710Z [36;1m  if [[ "$GITHUB_BASE_REF" != "production" || "$GITHUB_HEAD_REF" != "develop" ]]; then[0m
readiness-terraform	Require develop candidate	2026-10-03T05:40:19.0619330Z [36;1m    echo "Production readiness PRs must promote develop to production." >&2[0m
readiness-terraform	Require develop candidate	2026-10-03T05:40:19.0619764Z [36;1m    exit 1[0m
readiness-terraform	Require develop candidate	2026-10-03T05:40:19.0619986Z [36;1m  fi[0m
readiness-terraform	Require develop candidate	2026-10-03T05:40:19.0620278Z [36;1melif [[ "$GITHUB_REF" != "refs/heads/develop" ]]; then[0m
readiness-terraform	Require develop candidate	2026-10-03T05:40:19.0620781Z [36;1m  echo "Manual production readiness must run on develop, not $GITHUB_REF." >&2[0m
readiness-terraform	Require develop candidate	2026-10-03T05:40:19.0621221Z [36;1m  exit 1[0m
readiness-terraform	Require develop candidate	2026-10-03T05:40:19.0621443Z [36;1mfi[0m
readiness-terraform	Require develop candidate	2026-10-03T05:40:19.0643246Z shell: /usr/bin/bash -e {0}
readiness-terraform	Require develop candidate	2026-10-03T05:40:19.0643548Z env:
readiness-terraform	Require develop candidate	2026-10-03T05:40:19.0643788Z   BLACKSMITH_RUNNER_MESSAGE_WAIT_MS: 204
readiness-terraform	Require develop candidate	2026-10-03T05:40:19.0644104Z   BLACKSMITH_RUNNER_ACQUIRE_JOB_MS: 866
readiness-terraform	Require develop candidate	2026-10-03T05:40:19.0644516Z   GITHUB_REPO_NAME: Lumiwealth/bot_manager
readiness-terraform	Require develop candidate	2026-10-03T05:40:19.0644812Z ##[endgroup]
readiness-terraform	Setup Terraform	﻿2026-10-03T05:40:19.0792708Z ##[group]Run hashicorp/setup-terraform@b9cd54a3c349d3f38e8881555d616ced269862dd
readiness-terraform	Setup Terraform	2026-10-03T05:40:19.0793575Z with:
readiness-terraform	Setup Terraform	2026-10-03T05:40:19.0793818Z   terraform_version: 1.10.5
readiness-terraform	Setup Terraform	2026-10-03T05:40:19.0794082Z   terraform_wrapper: false
readiness-terraform	Setup Terraform	2026-10-03T05:40:19.0794383Z   cli_config_credentials_hostname: app.terraform.io
readiness-terraform	Setup Terraform	2026-10-03T05:40:19.0794711Z env:
readiness-terraform	Setup Terraform	2026-10-03T05:40:19.0794931Z   BLACKSMITH_RUNNER_MESSAGE_WAIT_MS: 204
readiness-terraform	Setup Terraform	2026-10-03T05:40:19.0795237Z   BLACKSMITH_RUNNER_ACQUIRE_JOB_MS: 866
readiness-terraform	Setup Terraform	2026-10-03T05:40:19.0795550Z   GITHUB_REPO_NAME: Lumiwealth/bot_manager
readiness-terraform	Setup Terraform	2026-10-03T05:40:19.0795903Z ##[endgroup]
readiness-terraform	Setup Terraform	2026-10-03T05:40:19.2448870Z (node:3621) [DEP0169] DeprecationWarning: `url.parse()` behavior is not standardized and prone to errors that have security implications. Use the WHATWG URL API instead. CVEs are not issued for `url.parse()` vulnerabilities.
readiness-terraform	Setup Terraform	2026-10-03T05:40:19.2450563Z (Use `node --trace-deprecation ...` to show where the warning was created)
readiness-terraform	Setup Terraform	2026-10-03T05:40:19.7576001Z [command]/usr/bin/unzip -o -q /home/runner/_work/_temp/3bfc7c1a-898f-42a7-81b5-a90cc4eefbc7
readiness-terraform	Validate production infrastructure without planning or applying	﻿2026-10-03T05:40:20.4297379Z ##[group]Run set -euo pipefail
readiness-terraform	Validate production infrastructure without planning or applying	2026-10-03T05:40:20.4297826Z [36;1mset -euo pipefail[0m
readiness-terraform	Validate production infrastructure without planning or applying	2026-10-03T05:40:20.4298127Z [36;1mterraform fmt -check -recursive terraform[0m
readiness-terraform	Validate production infrastructure without planning or applying	2026-10-03T05:40:20.4298520Z [36;1mterraform -chdir=terraform init -backend=false[0m
readiness-terraform	Validate production infrastructure without planning or applying	2026-10-03T05:40:20.4298908Z [36;1mterraform -chdir=terraform validate[0m
readiness-terraform	Validate production infrastructure without planning or applying	2026-10-03T05:40:20.4323089Z shell: /usr/bin/bash -e {0}
readiness-terraform	Validate production infrastructure without planning or applying	2026-10-03T05:40:20.4323423Z env:
readiness-terraform	Validate production infrastructure without planning or applying	2026-10-03T05:40:20.4323656Z   BLACKSMITH_RUNNER_MESSAGE_WAIT_MS: 204
readiness-terraform	Validate production infrastructure without planning or applying	2026-10-03T05:40:20.4323970Z   BLACKSMITH_RUNNER_ACQUIRE_JOB_MS: 866
readiness-terraform	Validate production infrastructure without planning or applying	2026-10-03T05:40:20.4336837Z   GITHUB_REPO_NAME: Lumiwealth/bot_manager
readiness-terraform	Validate production infrastructure without planning or applying	2026-10-03T05:40:20.4337215Z ##[endgroup]
readiness-terraform	Validate production infrastructure without planning or applying	2026-10-03T05:40:20.7962805Z [0m[1mInitializing modules...[0m
readiness-terraform	Validate production infrastructure without planning or applying	2026-10-03T05:40:20.8021279Z - nat_router_qualification in modules/private_nat_router
readiness-terraform	Validate production infrastructure without planning or applying	2026-10-03T05:40:20.8117349Z [0m[1mInitializing provider plugins...[0m
readiness-terraform	Validate production infrastructure without planning or applying	2026-10-03T05:40:20.8130254Z - Reusing previous version of hashicorp/archive from the dependency lock file
readiness-terraform	Validate production infrastructure without planning or applying	2026-10-03T05:40:20.8545028Z - Reusing previous version of hashicorp/aws from the dependency lock file
readiness-terraform	Validate production infrastructure without planning or applying	2026-10-03T05:40:20.8662734Z - Reusing previous version of hashicorp/null from the dependency lock file
readiness-terraform	Validate production infrastructure without planning or applying	2026-10-03T05:40:20.8733415Z - Reusing previous version of hashicorp/tls from the dependency lock file
readiness-terraform	Validate production infrastructure without planning or applying	2026-10-03T05:40:21.0757014Z - Installing hashicorp/archive v2.7.1...
readiness-terraform	Validate production infrastructure without planning or applying	2026-10-03T05:40:21.4677690Z - Installed hashicorp/archive v2.7.1 (signed by HashiCorp)
readiness-terraform	Validate production infrastructure without planning or applying	2026-10-03T05:40:21.7599633Z - Installing hashicorp/aws v5.100.0...
readiness-terraform	Validate production infrastructure without planning or applying	2026-10-03T05:40:29.8046072Z - Installed hashicorp/aws v5.100.0 (signed by HashiCorp)
readiness-terraform	Validate production infrastructure without planning or applying	2026-10-03T05:40:29.9167075Z - Installing hashicorp/null v3.2.4...
readiness-terraform	Validate production infrastructure without planning or applying	2026-10-03T05:40:30.2894009Z - Installed hashicorp/null v3.2.4 (signed by HashiCorp)
readiness-terraform	Validate production infrastructure without planning or applying	2026-10-03T05:40:30.5520174Z - Installing hashicorp/tls v4.1.0...
readiness-terraform	Validate production infrastructure without planning or applying	2026-10-03T05:40:30.9598250Z - Installed hashicorp/tls v4.1.0 (signed by HashiCorp)
readiness-terraform	Validate production infrastructure without planning or applying	2026-10-03T05:40:30.9599833Z Terraform has made some changes to the provider dependency selections recorded
readiness-terraform	Validate production infrastructure without planning or applying	2026-10-03T05:40:30.9601983Z in the .terraform.lock.hcl file. Review those changes and commit them to your
readiness-terraform	Validate production infrastructure without planning or applying	2026-10-03T05:40:30.9602826Z version control system if they represent changes you intended to make.
readiness-terraform	Validate production infrastructure without planning or applying	2026-10-03T05:40:30.9686891Z 
readiness-terraform	Validate production infrastructure without planning or applying	2026-10-03T05:40:30.9688922Z [0m[1m[32mTerraform has been successfully initialized![0m[32m[0m
readiness-terraform	Validate production infrastructure without planning or applying	2026-10-03T05:40:30.9699792Z [0m[32m
readiness-terraform	Validate production infrastructure without planning or applying	2026-10-03T05:40:30.9700657Z You may now begin working with Terraform. Try running "terraform plan" to see
readiness-terraform	Validate production infrastructure without planning or applying	2026-10-03T05:40:30.9701943Z any changes that are required for your infrastructure. All Terraform commands
readiness-terraform	Validate production infrastructure without planning or applying	2026-10-03T05:40:30.9702449Z should now work.
readiness-terraform	Validate production infrastructure without planning or applying	2026-10-03T05:40:30.9703365Z 
readiness-terraform	Validate production infrastructure without planning or applying	2026-10-03T05:40:30.9704042Z If you ever set or change modules or backend configuration for Terraform,
readiness-terraform	Validate production infrastructure without planning or applying	2026-10-03T05:40:30.9705415Z rerun this command to reinitialize your working directory. If you forget, other
readiness-terraform	Validate production infrastructure without planning or applying	2026-10-03T05:40:30.9706151Z commands will detect it and remind you to do so if necessary.[0m
readiness-terraform	Validate production infrastructure without planning or applying	2026-10-03T05:40:34.9407568Z [32m[1mSuccess![0m The configuration is valid.
readiness-terraform	Validate production infrastructure without planning or applying	2026-10-03T05:40:34.9420807Z [0m
readiness-terraform	Post Checkout exact candidate	﻿2026-10-03T05:40:34.9652142Z Post job cleanup.
readiness-terraform	Post Checkout exact candidate	2026-10-03T05:40:35.0593271Z [command]/usr/local/bin/git version
readiness-terraform	Post Checkout exact candidate	2026-10-03T05:40:35.0668498Z git version 2.51.2
readiness-terraform	Post Checkout exact candidate	2026-10-03T05:40:35.0705899Z Temporarily overriding HOME='/home/runner/_work/_temp/dd75e7c0-e3ee-4103-8eeb-f5c5a5c3e5f7' before making global git config changes
readiness-terraform	Post Checkout exact candidate	2026-10-03T05:40:35.0706891Z Adding repository directory to the temporary git global config as a safe directory
readiness-terraform	Post Checkout exact candidate	2026-10-03T05:40:35.0713469Z [command]/usr/local/bin/git config --global --add safe.directory /home/runner/_work/bot_manager/bot_manager
readiness-terraform	Post Checkout exact candidate	2026-10-03T05:40:35.0788451Z [command]/usr/local/bin/git config --local --name-only --get-regexp core\.sshCommand
readiness-terraform	Post Checkout exact candidate	2026-10-03T05:40:35.0862066Z [command]/usr/local/bin/git submodule foreach --recursive sh -c "git config --local --name-only --get-regexp 'core\.sshCommand' && git config --local --unset-all 'core.sshCommand' || :"
readiness-terraform	Post Checkout exact candidate	2026-10-03T05:40:35.1198248Z [command]/usr/local/bin/git config --local --name-only --get-regexp http\.https\:\/\/github\.com\/\.extraheader
readiness-terraform	Post Checkout exact candidate	2026-10-03T05:40:35.1270149Z [command]/usr/local/bin/git submodule foreach --recursive sh -c "git config --local --name-only --get-regexp 'http\.https\:\/\/github\.com\/\.extraheader' && git config --local --unset-all 'http.https://github.com/.extraheader' || :"
readiness-terraform	Post Checkout exact candidate	2026-10-03T05:40:35.1639827Z [command]/usr/local/bin/git config --local --name-only --get-regexp ^includeIf\.gitdir:
readiness-terraform	Post Checkout exact candidate	2026-10-03T05:40:35.1708881Z [command]/usr/local/bin/git submodule foreach --recursive git config --local --show-origin --name-only --get-regexp remote.origin.url
readiness-terraform	Complete runner	﻿2026-10-03T05:40:35.2346328Z A job completed hook has been configured by the self-hosted runner administrator
readiness-terraform	Complete runner	2026-10-03T05:40:35.2395567Z ##[group]Run '/job_completed.sh'
readiness-terraform	Complete runner	2026-10-03T05:40:35.2419235Z shell: /usr/bin/bash --noprofile --norc -e -o pipefail {0}
readiness-terraform	Complete runner	2026-10-03T05:40:35.2419637Z env:
readiness-terraform	Complete runner	2026-10-03T05:40:35.2419877Z   BLACKSMITH_RUNNER_MESSAGE_WAIT_MS: 204
readiness-terraform	Complete runner	2026-10-03T05:40:35.2420185Z   BLACKSMITH_RUNNER_ACQUIRE_JOB_MS: 866
readiness-terraform	Complete runner	2026-10-03T05:40:35.2420533Z   BLACKSMITH_CHECK_RUN_ID: 111139061379
readiness-terraform	Complete runner	2026-10-03T05:40:35.2420862Z   BLACKSMITH_JOB_DISPLAY_NAME: readiness-terraform
readiness-terraform	Complete runner	2026-10-03T05:40:35.2421330Z   GITHUB_ACTIONS_CACHE_MODE: write
readiness-terraform	Complete runner	2026-10-03T05:40:35.2421656Z ##[endgroup]
readiness-terraform	Complete runner	2026-10-03T05:40:35.2647348Z Docker container cache not activated, skipping hash computation.
readiness-terraform	Complete runner	2026-10-03T05:40:35.3154650Z No active SSH sessions detected. Proceeding with shutdown immediately.
readiness-terraform	Complete job	﻿2026-10-03T05:40:35.3260512Z Cleaning up orphan processes
readiness-terraform	Complete job	2026-10-03T05:40:35.4291334Z ##[warning]Node.js 20 is deprecated. The following actions target Node.js 20 but are being forced to run on Node.js 24: actions/checkout@34e114876b0b11c390a56381ad16ebd13914f8d5, hashicorp/setup-terraform@b9cd54a3c349d3f38e8881555d616ced269862dd. For more information see: https://github.blog/changelog/2025-09-19-deprecation-of-node-20-on-github-actions-runners/
python-quality / python-quality	UNKNOWN STEP	﻿2026-10-03T05:40:13.9172894Z Current runner version: '2.337.0'
python-quality / python-quality	UNKNOWN STEP	2026-10-03T05:40:13.9180249Z Runner name: 'blacksmith-2vcpu-ubuntu-2404-arm-Runner-7c1f8cc80a'
python-quality / python-quality	UNKNOWN STEP	2026-10-03T05:40:13.9181363Z Runner group name: 'blacksmith scale sets - blacksmith-2vcpu-ubuntu-2404-arm'
python-quality / python-quality	UNKNOWN STEP	2026-10-03T05:40:13.9182594Z Machine name: 'ip-172-31-74-117'
python-quality / python-quality	UNKNOWN STEP	2026-10-03T05:40:13.9184950Z ##[group]GITHUB_TOKEN Permissions
python-quality / python-quality	UNKNOWN STEP	2026-10-03T05:40:13.9188034Z Contents: read
python-quality / python-quality	UNKNOWN STEP	2026-10-03T05:40:13.9188567Z Metadata: read
python-quality / python-quality	UNKNOWN STEP	2026-10-03T05:40:13.9189041Z ##[endgroup]
python-quality / python-quality	UNKNOWN STEP	2026-10-03T05:40:13.9191525Z Secret source: Actions
python-quality / python-quality	UNKNOWN STEP	2026-10-03T05:40:13.9192320Z Cache mode: write
python-quality / python-quality	UNKNOWN STEP	2026-10-03T05:40:13.9192957Z Prepare workflow directory
python-quality / python-quality	UNKNOWN STEP	2026-10-03T05:40:13.9589808Z Prepare all required actions
python-quality / python-quality	UNKNOWN STEP	2026-10-03T05:40:13.9646063Z Getting action download info
python-quality / python-quality	UNKNOWN STEP	2026-10-03T05:40:15.2606831Z Download action repository 'actions/checkout@34e114876b0b11c390a56381ad16ebd13914f8d5' (SHA:34e114876b0b11c390a56381ad16ebd13914f8d5)
python-quality / python-quality	UNKNOWN STEP	2026-10-03T05:40:15.8891619Z Download action repository 'actions/setup-python@a26af69be951a213d495a4c3e4e4022e16d87065' (SHA:a26af69be951a213d495a4c3e4e4022e16d87065)
python-quality / python-quality	UNKNOWN STEP	2026-10-03T05:40:15.9931318Z Download action repository 'astral-sh/setup-uv@caf0cab7a618c569241d31dcd442f54681755d39' (SHA:caf0cab7a618c569241d31dcd442f54681755d39)
python-quality / python-quality	UNKNOWN STEP	2026-10-03T05:40:16.8807267Z Setting BLACKSMITH_ACTIONS_RESULTS_URL to https://results-receiver.actions.githubusercontent.com/
python-quality / python-quality	UNKNOWN STEP	2026-10-03T05:40:16.8912550Z Uses: Lumiwealth/bot_manager/.github/workflows/python-quality.yml@refs/heads/develop (330bd1095c61852b4c7534a79ff387b2f6d9bed3)
python-quality / python-quality	UNKNOWN STEP	2026-10-03T05:40:16.8918534Z Complete job name: python-quality / python-quality
python-quality / python-quality	UNKNOWN STEP	2026-10-03T05:40:16.9912578Z A job started hook has been configured by the self-hosted runner administrator
python-quality / python-quality	UNKNOWN STEP	2026-10-03T05:40:17.0281481Z ##[group]Run '/setup.sh'
python-quality / python-quality	UNKNOWN STEP	2026-10-03T05:40:17.0341929Z shell: /usr/bin/bash --noprofile --norc -e -o pipefail {0}
python-quality / python-quality	UNKNOWN STEP	2026-10-03T05:40:17.0343518Z env:
python-quality / python-quality	UNKNOWN STEP	2026-10-03T05:40:17.0344331Z   BLACKSMITH_RUNNER_MESSAGE_WAIT_MS: 232
python-quality / python-quality	UNKNOWN STEP	2026-10-03T05:40:17.0345434Z   BLACKSMITH_RUNNER_ACQUIRE_JOB_MS: 796
python-quality / python-quality	UNKNOWN STEP	2026-10-03T05:40:17.0346588Z   BLACKSMITH_CHECK_RUN_ID: 111139061495
python-quality / python-quality	UNKNOWN STEP	2026-10-03T05:40:17.0348031Z   BLACKSMITH_JOB_DISPLAY_NAME: python-quality / python-quality
python-quality / python-quality	UNKNOWN STEP	2026-10-03T05:40:17.0349406Z   GITHUB_ACTIONS_CACHE_MODE: write
python-quality / python-quality	UNKNOWN STEP	2026-10-03T05:40:17.0350406Z ##[endgroup]
python-quality / python-quality	UNKNOWN STEP	2026-10-03T05:40:17.1098065Z Logging daemon started (blacksmithd for logs)
python-quality / python-quality	UNKNOWN STEP	2026-10-03T05:40:17.1416908Z Results daemon started (blacksmithd for results)
python-quality / python-quality	UNKNOWN STEP	2026-10-03T05:40:17.1844842Z Background adoption and SSH setup started (PID: 3203)
python-quality / python-quality	UNKNOWN STEP	2026-10-03T05:40:17.1847968Z 
python-quality / python-quality	UNKNOWN STEP	2026-10-03T05:40:17.1848914Z ----------------------------------------
python-quality / python-quality	UNKNOWN STEP	2026-10-03T05:40:17.1850859Z View this job: https://app.blacksmith.sh/Lumiwealth/runs/37100549152/jobs/111139061495
python-quality / python-quality	UNKNOWN STEP	2026-10-03T05:40:17.1852687Z SSH Access (using your GitHub SSH key):
python-quality / python-quality	UNKNOWN STEP	2026-10-03T05:40:17.1854592Z   ssh -p 64001 runner@blacksmith-2vcpu-ubuntu-2404-arm-runner-7c1f8cc80a.vm.blacksmith.sh
python-quality / python-quality	UNKNOWN STEP	2026-10-03T05:40:17.1856128Z 
python-quality / python-quality	UNKNOWN STEP	2026-10-03T05:40:17.1857329Z No GitHub SSH key? Add one at:
python-quality / python-quality	UNKNOWN STEP	2026-10-03T05:40:17.1859502Z https://docs.github.com/en/authentication/connecting-to-github-with-ssh/adding-a-new-ssh-key-to-your-github-account
python-quality / python-quality	UNKNOWN STEP	2026-10-03T05:40:17.1861408Z 
python-quality / python-quality	UNKNOWN STEP	2026-10-03T05:40:17.1861918Z ----------------------------------------
python-quality / python-quality	UNKNOWN STEP	2026-10-03T05:40:17.1862792Z 
python-quality / python-quality	UNKNOWN STEP	2026-10-03T05:40:17.1863533Z VM ID: blacksmith-2vcpu-ubuntu-2404-arm-Runner-7c1f8cc80a
python-quality / python-quality	UNKNOWN STEP	2026-10-03T05:40:17.1900239Z Host: production-192.240.237.178-aarch64
python-quality / python-quality	UNKNOWN STEP	2026-10-03T05:40:17.1902442Z Host Agent PID: 3132159
python-quality / python-quality	UNKNOWN STEP	2026-10-03T05:40:17.1903782Z Host Agent Git SHA: e97f83469
python-quality / python-quality	UNKNOWN STEP	2026-10-03T05:40:17.1905600Z Host CPU Manufacturer: Ampere
python-quality / python-quality	UNKNOWN STEP	2026-10-03T05:40:17.1907001Z Blacksmith Host Generation: gen 2
python-quality / python-quality	UNKNOWN STEP	2026-10-03T05:40:17.1908355Z Petname: production-needed-katydid-cecb674f-arm
python-quality / python-quality	UNKNOWN STEP	2026-10-03T05:40:17.1910100Z Region: us-west
python-quality / python-quality	UNKNOWN STEP	2026-10-03T05:40:17.1911243Z Rootfs Version: ubuntu24-full-aarch64-110625
python-quality / python-quality	UNKNOWN STEP	2026-10-03T05:40:17.1938930Z OS Version: Ubuntu 24.04.3 LTS
python-quality / python-quality	UNKNOWN STEP	2026-10-03T05:40:17.1957164Z 
python-quality / python-quality	UNKNOWN STEP	2026-10-03T05:40:17.1977774Z Enabling Blacksmith transparent cache
python-quality / python-quality	UNKNOWN STEP	2026-10-03T05:40:17.2922506Z ##[group]Run actions/checkout@34e114876b0b11c390a56381ad16ebd13914f8d5
python-quality / python-quality	UNKNOWN STEP	2026-10-03T05:40:17.2925838Z with:
python-quality / python-quality	UNKNOWN STEP	2026-10-03T05:40:17.2926772Z   persist-credentials: false
python-quality / python-quality	UNKNOWN STEP	2026-10-03T05:40:17.2928006Z   repository: Lumiwealth/bot_manager
python-quality / python-quality	UNKNOWN STEP	2026-10-03T05:40:17.2938660Z   token: ***
python-quality / python-quality	UNKNOWN STEP	2026-10-03T05:40:17.2939643Z   ssh-strict: true
python-quality / python-quality	UNKNOWN STEP	2026-10-03T05:40:17.2940452Z   ssh-user: git
python-quality / python-quality	UNKNOWN STEP	2026-10-03T05:40:17.2941231Z   clean: true
python-quality / python-quality	UNKNOWN STEP	2026-10-03T05:40:17.2942068Z   sparse-checkout-cone-mode: true
python-quality / python-quality	UNKNOWN STEP	2026-10-03T05:40:17.2943054Z   fetch-depth: 1
python-quality / python-quality	UNKNOWN STEP	2026-10-03T05:40:17.2943853Z   fetch-tags: false
python-quality / python-quality	UNKNOWN STEP	2026-10-03T05:40:17.2944918Z   show-progress: true
python-quality / python-quality	UNKNOWN STEP	2026-10-03T05:40:17.2945769Z   lfs: false
python-quality / python-quality	UNKNOWN STEP	2026-10-03T05:40:17.2946539Z   submodules: false
python-quality / python-quality	UNKNOWN STEP	2026-10-03T05:40:17.2948102Z   set-safe-directory: true
python-quality / python-quality	UNKNOWN STEP	2026-10-03T05:40:17.2949044Z env:
python-quality / python-quality	UNKNOWN STEP	2026-10-03T05:40:17.2950273Z   BLACKSMITH_RUNNER_MESSAGE_WAIT_MS: 232
python-quality / python-quality	UNKNOWN STEP	2026-10-03T05:40:17.2951454Z   BLACKSMITH_RUNNER_ACQUIRE_JOB_MS: 796
python-quality / python-quality	UNKNOWN STEP	2026-10-03T05:40:17.2952689Z   GITHUB_REPO_NAME: Lumiwealth/bot_manager
python-quality / python-quality	UNKNOWN STEP	2026-10-03T05:40:17.2953753Z ##[endgroup]
python-quality / python-quality	UNKNOWN STEP	2026-10-03T05:40:17.5927157Z Syncing repository: Lumiwealth/bot_manager
python-quality / python-quality	UNKNOWN STEP	2026-10-03T05:40:17.5930706Z ##[group]Getting Git version info
python-quality / python-quality	UNKNOWN STEP	2026-10-03T05:40:17.5932069Z Working directory is '/home/runner/_work/bot_manager/bot_manager'
python-quality / python-quality	UNKNOWN STEP	2026-10-03T05:40:17.5934031Z [command]/usr/local/bin/git version
python-quality / python-quality	UNKNOWN STEP	2026-10-03T05:40:17.6172499Z git version 2.51.2
python-quality / python-quality	UNKNOWN STEP	2026-10-03T05:40:17.6285493Z ##[endgroup]
python-quality / python-quality	UNKNOWN STEP	2026-10-03T05:40:17.6301428Z Temporarily overriding HOME='/home/runner/_work/_temp/a6120290-c24d-4a09-a077-de91764ba394' before making global git config changes
python-quality / python-quality	UNKNOWN STEP	2026-10-03T05:40:17.6319004Z Adding repository directory to the temporary git global config as a safe directory
python-quality / python-quality	UNKNOWN STEP	2026-10-03T05:40:17.6338993Z [command]/usr/local/bin/git config --global --add safe.directory /home/runner/_work/bot_manager/bot_manager
python-quality / python-quality	UNKNOWN STEP	2026-10-03T05:40:17.6390494Z Deleting the contents of '/home/runner/_work/bot_manager/bot_manager'
python-quality / python-quality	UNKNOWN STEP	2026-10-03T05:40:17.6392951Z ##[group]Initializing the repository
python-quality / python-quality	UNKNOWN STEP	2026-10-03T05:40:17.6400340Z [command]/usr/local/bin/git init /home/runner/_work/bot_manager/bot_manager
python-quality / python-quality	UNKNOWN STEP	2026-10-03T05:40:17.6513477Z hint: Using 'master' as the name for the initial branch. This default branch name
python-quality / python-quality	UNKNOWN STEP	2026-10-03T05:40:17.6515827Z hint: is subject to change. To configure the initial branch name to use in all
python-quality / python-quality	UNKNOWN STEP	2026-10-03T05:40:17.6520018Z hint: of your new repositories, which will suppress this warning, call:
python-quality / python-quality	UNKNOWN STEP	2026-10-03T05:40:17.6521616Z hint:
python-quality / python-quality	UNKNOWN STEP	2026-10-03T05:40:17.6522885Z hint: 	git config --global init.defaultBranch <name>
python-quality / python-quality	UNKNOWN STEP	2026-10-03T05:40:17.6524270Z hint:
python-quality / python-quality	UNKNOWN STEP	2026-10-03T05:40:17.6525651Z hint: Names commonly chosen instead of 'master' are 'main', 'trunk' and
python-quality / python-quality	UNKNOWN STEP	2026-10-03T05:40:17.6527739Z hint: 'development'. The just-created branch can be renamed via this command:
python-quality / python-quality	UNKNOWN STEP	2026-10-03T05:40:17.6529405Z hint:
python-quality / python-quality	UNKNOWN STEP	2026-10-03T05:40:17.6530368Z hint: 	git branch -m <name>
python-quality / python-quality	UNKNOWN STEP	2026-10-03T05:40:17.6531504Z hint:
python-quality / python-quality	UNKNOWN STEP	2026-10-03T05:40:17.6533060Z hint: Disable this message with "git config set advice.defaultBranchName false"
python-quality / python-quality	UNKNOWN STEP	2026-10-03T05:40:17.6536604Z Initialized empty Git repository in /home/runner/_work/bot_manager/bot_manager/.git/
python-quality / python-quality	UNKNOWN STEP	2026-10-03T05:40:17.6541010Z [command]/usr/local/bin/git remote add origin https://github.com/Lumiwealth/bot_manager
python-quality / python-quality	UNKNOWN STEP	2026-10-03T05:40:17.6603899Z ##[endgroup]
python-quality / python-quality	UNKNOWN STEP	2026-10-03T05:40:17.6605439Z ##[group]Disabling automatic garbage collection
python-quality / python-quality	UNKNOWN STEP	2026-10-03T05:40:17.6621628Z [command]/usr/local/bin/git config --local gc.auto 0
python-quality / python-quality	UNKNOWN STEP	2026-10-03T05:40:17.6689647Z ##[endgroup]
python-quality / python-quality	UNKNOWN STEP	2026-10-03T05:40:17.6691004Z ##[group]Setting up auth
python-quality / python-quality	UNKNOWN STEP	2026-10-03T05:40:17.6692423Z [command]/usr/local/bin/git config --local --name-only --get-regexp core\.sshCommand
python-quality / python-quality	UNKNOWN STEP	2026-10-03T05:40:17.6763185Z [command]/usr/local/bin/git submodule foreach --recursive sh -c "git config --local --name-only --get-regexp 'core\.sshCommand' && git config --local --unset-all 'core.sshCommand' || :"
python-quality / python-quality	UNKNOWN STEP	2026-10-03T05:40:17.7167394Z [command]/usr/local/bin/git config --local --name-only --get-regexp http\.https\:\/\/github\.com\/\.extraheader
python-quality / python-quality	UNKNOWN STEP	2026-10-03T05:40:17.7244154Z [command]/usr/local/bin/git submodule foreach --recursive sh -c "git config --local --name-only --get-regexp 'http\.https\:\/\/github\.com\/\.extraheader' && git config --local --unset-all 'http.https://github.com/.extraheader' || :"
python-quality / python-quality	UNKNOWN STEP	2026-10-03T05:40:17.7578550Z [command]/usr/local/bin/git config --local --name-only --get-regexp ^includeIf\.gitdir:
python-quality / python-quality	UNKNOWN STEP	2026-10-03T05:40:17.7634553Z [command]/usr/local/bin/git submodule foreach --recursive git config --local --show-origin --name-only --get-regexp remote.origin.url
python-quality / python-quality	UNKNOWN STEP	2026-10-03T05:40:17.8034616Z [command]/usr/local/bin/git config --local http.https://github.com/.extraheader AUTHORIZATION: basic ***
python-quality / python-quality	UNKNOWN STEP	2026-10-03T05:40:17.8065695Z ##[endgroup]
python-quality / python-quality	UNKNOWN STEP	2026-10-03T05:40:17.8084021Z ##[group]Fetching the repository
python-quality / python-quality	UNKNOWN STEP	2026-10-03T05:40:17.8094597Z [command]/usr/local/bin/git -c protocol.version=2 fetch --no-tags --prune --no-recurse-submodules --depth=1 origin +330bd1095c61852b4c7534a79ff387b2f6d9bed3:refs/remotes/origin/develop
python-quality / python-quality	UNKNOWN STEP	2026-10-03T05:40:19.0001939Z From https://github.com/Lumiwealth/bot_manager
python-quality / python-quality	UNKNOWN STEP	2026-10-03T05:40:19.0004094Z  * [new ref]         330bd1095c61852b4c7534a79ff387b2f6d9bed3 -> origin/develop
python-quality / python-quality	UNKNOWN STEP	2026-10-03T05:40:19.0110519Z ##[endgroup]
python-quality / python-quality	UNKNOWN STEP	2026-10-03T05:40:19.0111900Z ##[group]Determining the checkout info
python-quality / python-quality	UNKNOWN STEP	2026-10-03T05:40:19.0112469Z ##[endgroup]
python-quality / python-quality	UNKNOWN STEP	2026-10-03T05:40:19.0113008Z [command]/usr/local/bin/git sparse-checkout disable
python-quality / python-quality	UNKNOWN STEP	2026-10-03T05:40:19.0190021Z [command]/usr/local/bin/git config --local --unset-all extensions.worktreeConfig
python-quality / python-quality	UNKNOWN STEP	2026-10-03T05:40:19.0246004Z ##[group]Checking out the ref
python-quality / python-quality	UNKNOWN STEP	2026-10-03T05:40:19.0250437Z [command]/usr/local/bin/git checkout --progress --force -B develop refs/remotes/origin/develop
python-quality / python-quality	UNKNOWN STEP	2026-10-03T05:40:19.1087388Z Switched to a new branch 'develop'
python-quality / python-quality	UNKNOWN STEP	2026-10-03T05:40:19.1128872Z branch 'develop' set up to track 'origin/develop'.
python-quality / python-quality	UNKNOWN STEP	2026-10-03T05:40:19.1157729Z ##[endgroup]
python-quality / python-quality	UNKNOWN STEP	2026-10-03T05:40:19.1177349Z [command]/usr/local/bin/git log -1 --format=%H
python-quality / python-quality	UNKNOWN STEP	2026-10-03T05:40:19.1231816Z 330bd1095c61852b4c7534a79ff387b2f6d9bed3
python-quality / python-quality	UNKNOWN STEP	2026-10-03T05:40:19.1259174Z ##[group]Removing auth
python-quality / python-quality	UNKNOWN STEP	2026-10-03T05:40:19.1260198Z [command]/usr/local/bin/git config --local --name-only --get-regexp core\.sshCommand
python-quality / python-quality	UNKNOWN STEP	2026-10-03T05:40:19.1324549Z [command]/usr/local/bin/git submodule foreach --recursive sh -c "git config --local --name-only --get-regexp 'core\.sshCommand' && git config --local --unset-all 'core.sshCommand' || :"
python-quality / python-quality	UNKNOWN STEP	2026-10-03T05:40:19.1632777Z [command]/usr/local/bin/git config --local --name-only --get-regexp http\.https\:\/\/github\.com\/\.extraheader
python-quality / python-quality	UNKNOWN STEP	2026-10-03T05:40:19.1675497Z http.https://github.com/.extraheader
python-quality / python-quality	UNKNOWN STEP	2026-10-03T05:40:19.1697962Z [command]/usr/local/bin/git config --local --unset-all http.https://github.com/.extraheader
python-quality / python-quality	UNKNOWN STEP	2026-10-03T05:40:19.1795258Z [command]/usr/local/bin/git submodule foreach --recursive sh -c "git config --local --name-only --get-regexp 'http\.https\:\/\/github\.com\/\.extraheader' && git config --local --unset-all 'http.https://github.com/.extraheader' || :"
python-quality / python-quality	UNKNOWN STEP	2026-10-03T05:40:19.2132190Z [command]/usr/local/bin/git config --local --name-only --get-regexp ^includeIf\.gitdir:
python-quality / python-quality	UNKNOWN STEP	2026-10-03T05:40:19.2195432Z [command]/usr/local/bin/git submodule foreach --recursive git config --local --show-origin --name-only --get-regexp remote.origin.url
python-quality / python-quality	UNKNOWN STEP	2026-10-03T05:40:19.2506552Z ##[endgroup]
python-quality / python-quality	UNKNOWN STEP	2026-10-03T05:40:19.2768738Z ##[group]Run actions/setup-python@a26af69be951a213d495a4c3e4e4022e16d87065
python-quality / python-quality	UNKNOWN STEP	2026-10-03T05:40:19.2769252Z with:
python-quality / python-quality	UNKNOWN STEP	2026-10-03T05:40:19.2769460Z   python-version: 3.13
python-quality / python-quality	UNKNOWN STEP	2026-10-03T05:40:19.2769688Z   check-latest: false
python-quality / python-quality	UNKNOWN STEP	2026-10-03T05:40:19.2772880Z   token: ***
python-quality / python-quality	UNKNOWN STEP	2026-10-03T05:40:19.2773146Z   update-environment: true
python-quality / python-quality	UNKNOWN STEP	2026-10-03T05:40:19.2773465Z   allow-prereleases: false
python-quality / python-quality	UNKNOWN STEP	2026-10-03T05:40:19.2773712Z   freethreaded: false
python-quality / python-quality	UNKNOWN STEP	2026-10-03T05:40:19.2773930Z env:
python-quality / python-quality	UNKNOWN STEP	2026-10-03T05:40:19.2800204Z   BLACKSMITH_RUNNER_MESSAGE_WAIT_MS: 232
python-quality / python-quality	UNKNOWN STEP	2026-10-03T05:40:19.2800698Z   BLACKSMITH_RUNNER_ACQUIRE_JOB_MS: 796
python-quality / python-quality	UNKNOWN STEP	2026-10-03T05:40:19.2800997Z   GITHUB_REPO_NAME: Lumiwealth/bot_manager
python-quality / python-quality	UNKNOWN STEP	2026-10-03T05:40:19.2801287Z ##[endgroup]
python-quality / python-quality	UNKNOWN STEP	2026-10-03T05:40:19.4507482Z ##[group]Installed versions
python-quality / python-quality	UNKNOWN STEP	2026-10-03T05:40:19.4544888Z Version 3.13 was not found in the local cache
python-quality / python-quality	UNKNOWN STEP	2026-10-03T05:40:19.4674229Z (node:3614) [DEP0040] DeprecationWarning: The `punycode` module is deprecated. Please use a userland alternative instead.
python-quality / python-quality	UNKNOWN STEP	2026-10-03T05:40:19.4693084Z (Use `node --trace-deprecation ...` to show where the warning was created)
python-quality / python-quality	UNKNOWN STEP	2026-10-03T05:40:20.6472007Z Version 3.13 is available for downloading
python-quality / python-quality	UNKNOWN STEP	2026-10-03T05:40:20.6472960Z Download from "https://github.com/actions/python-versions/releases/download/3.13.16-36805956071/python-3.13.16-linux-24.04-arm64.tar.gz"
python-quality / python-quality	UNKNOWN STEP	2026-10-03T05:40:21.9470514Z Extract downloaded archive
python-quality / python-quality	UNKNOWN STEP	2026-10-03T05:40:21.9707581Z [command]/usr/bin/tar xz --warning=no-unknown-keyword --overwrite -C /home/runner/_work/_temp/af209a68-b8bb-4a6b-a52d-12fe6c309845 -f /home/runner/_work/_temp/140b8329-8b42-4bfa-886e-edc96832d222
python-quality / python-quality	UNKNOWN STEP	2026-10-03T05:40:23.9723967Z Execute installation script
python-quality / python-quality	UNKNOWN STEP	2026-10-03T05:40:23.9891368Z Check if Python hostedtoolcache folder exist...
python-quality / python-quality	UNKNOWN STEP	2026-10-03T05:40:23.9892865Z Creating Python hostedtoolcache folder...
python-quality / python-quality	UNKNOWN STEP	2026-10-03T05:40:23.9927550Z Create Python 3.13.16 folder
python-quality / python-quality	UNKNOWN STEP	2026-10-03T05:40:23.9966186Z Copy Python binaries to hostedtoolcache folder
python-quality / python-quality	UNKNOWN STEP	2026-10-03T05:40:25.3244495Z Create additional symlinks (Required for the UsePythonVersion Azure Pipelines task and the setup-python GitHub Action)
python-quality / python-quality	UNKNOWN STEP	2026-10-03T05:40:25.3300986Z Upgrading pip...
python-quality / python-quality	UNKNOWN STEP	2026-10-03T05:40:27.2265419Z Collecting pip
python-quality / python-quality	UNKNOWN STEP	2026-10-03T05:40:27.3037995Z Downloading pip-26.2.1-py3-none-any.whl.metadata (4.6 kB)
python-quality / python-quality	UNKNOWN STEP	2026-10-03T05:40:27.3155333Z Downloading pip-26.2.1-py3-none-any.whl (1.8 MB)
python-quality / python-quality	UNKNOWN STEP	2026-10-03T05:40:27.3742142Z ━━━━━━━━━━━━━━━━━━━━━━━━━━━━━━━━━━━━━━━━ 1.8/1.8 MB 112.9 MB/s  0:00:00
python-quality / python-quality	UNKNOWN STEP	2026-10-03T05:40:27.3742548Z 
python-quality / python-quality	UNKNOWN STEP	2026-10-03T05:40:27.4710169Z Installing collected packages: pip
python-quality / python-quality	UNKNOWN STEP	2026-10-03T05:40:27.4738764Z Attempting uninstall: pip
python-quality / python-quality	UNKNOWN STEP	2026-10-03T05:40:27.4743748Z Found existing installation: pip 26.2.1
python-quality / python-quality	UNKNOWN STEP	2026-10-03T05:40:27.5040014Z Uninstalling pip-26.2.1:
python-quality / python-quality	UNKNOWN STEP	2026-10-03T05:40:27.5104802Z Successfully uninstalled pip-26.2.1
python-quality / python-quality	UNKNOWN STEP	2026-10-03T05:40:28.4620096Z Successfully installed pip-26.2.1
python-quality / python-quality	UNKNOWN STEP	2026-10-03T05:40:28.5945377Z Create complete file
python-quality / python-quality	UNKNOWN STEP	2026-10-03T05:40:28.6004341Z Successfully set up CPython (3.13.16)
python-quality / python-quality	UNKNOWN STEP	2026-10-03T05:40:28.6006202Z ##[endgroup]
python-quality / python-quality	UNKNOWN STEP	2026-10-03T05:40:28.6734770Z ##[group]Run astral-sh/setup-uv@caf0cab7a618c569241d31dcd442f54681755d39
python-quality / python-quality	UNKNOWN STEP	2026-10-03T05:40:28.6735252Z with:
python-quality / python-quality	UNKNOWN STEP	2026-10-03T05:40:28.6735515Z   version: 0.11.8
python-quality / python-quality	UNKNOWN STEP	2026-10-03T05:40:28.6735748Z   enable-cache: true
python-quality / python-quality	UNKNOWN STEP	2026-10-03T05:40:28.6735991Z   cache-dependency-glob: uv.lock
python-quality / python-quality	UNKNOWN STEP	2026-10-03T05:40:28.6740184Z   github-token: ***
python-quality / python-quality	UNKNOWN STEP	2026-10-03T05:40:28.6751735Z   prune-cache: true
python-quality / python-quality	UNKNOWN STEP	2026-10-03T05:40:28.6751979Z env:
python-quality / python-quality	UNKNOWN STEP	2026-10-03T05:40:28.6752201Z   BLACKSMITH_RUNNER_MESSAGE_WAIT_MS: 232
python-quality / python-quality	UNKNOWN STEP	2026-10-03T05:40:28.6752518Z   BLACKSMITH_RUNNER_ACQUIRE_JOB_MS: 796
python-quality / python-quality	UNKNOWN STEP	2026-10-03T05:40:28.6752814Z   GITHUB_REPO_NAME: Lumiwealth/bot_manager
python-quality / python-quality	UNKNOWN STEP	2026-10-03T05:40:28.6753178Z   pythonLocation: /opt/hostedtoolcache/Python/3.13.16/arm64
python-quality / python-quality	UNKNOWN STEP	2026-10-03T05:40:28.6753728Z   PKG_CONFIG_PATH: /opt/hostedtoolcache/Python/3.13.16/arm64/lib/pkgconfig
python-quality / python-quality	UNKNOWN STEP	2026-10-03T05:40:28.6754186Z   Python_ROOT_DIR: /opt/hostedtoolcache/Python/3.13.16/arm64
python-quality / python-quality	UNKNOWN STEP	2026-10-03T05:40:28.6754604Z   Python2_ROOT_DIR: /opt/hostedtoolcache/Python/3.13.16/arm64
python-quality / python-quality	UNKNOWN STEP	2026-10-03T05:40:28.6755141Z   Python3_ROOT_DIR: /opt/hostedtoolcache/Python/3.13.16/arm64
python-quality / python-quality	UNKNOWN STEP	2026-10-03T05:40:28.6755562Z   LD_LIBRARY_PATH: /opt/hostedtoolcache/Python/3.13.16/arm64/lib
python-quality / python-quality	UNKNOWN STEP	2026-10-03T05:40:28.6755920Z ##[endgroup]
python-quality / python-quality	UNKNOWN STEP	2026-10-03T05:40:28.8646958Z (node:3671) [DEP0040] DeprecationWarning: The `punycode` module is deprecated. Please use a userland alternative instead.
python-quality / python-quality	UNKNOWN STEP	2026-10-03T05:40:28.8658197Z (Use `node --trace-deprecation ...` to show where the warning was created)
python-quality / python-quality	UNKNOWN STEP	2026-10-03T05:40:28.8661752Z Downloading uv from "https://github.com/astral-sh/uv/releases/download/0.11.8/uv-aarch64-unknown-linux-gnu.tar.gz" ...
python-quality / python-quality	UNKNOWN STEP	2026-10-03T05:40:29.5591436Z [command]/usr/bin/tar xz --warning=no-unknown-keyword --overwrite -C /home/runner/_work/_temp/035fe09e-13fe-4cc0-805d-5dbb7d0169d1 -f /home/runner/_work/_temp/9b829379-c685-4eac-b862-3e2535e913a2
python-quality / python-quality	UNKNOWN STEP	2026-10-03T05:40:30.0630271Z Added /opt/hostedtoolcache/uv/0.11.8/aarch64 to the path
python-quality / python-quality	UNKNOWN STEP	2026-10-03T05:40:30.0632211Z Added /home/runner/.local/bin to the path
python-quality / python-quality	UNKNOWN STEP	2026-10-03T05:40:30.0639689Z Successfully installed uv version 0.11.8
python-quality / python-quality	UNKNOWN STEP	2026-10-03T05:40:30.0670267Z Set UV_CACHE_DIR to /home/runner/_work/_temp/setup-uv-cache
python-quality / python-quality	UNKNOWN STEP	2026-10-03T05:40:30.0674726Z Searching files using cache dependency glob: uv.lock
python-quality / python-quality	UNKNOWN STEP	2026-10-03T05:40:30.0714612Z /home/runner/_work/bot_manager/bot_manager/uv.lock
python-quality / python-quality	UNKNOWN STEP	2026-10-03T05:40:30.0761200Z Found 1 files to hash.
python-quality / python-quality	UNKNOWN STEP	2026-10-03T05:40:30.0762549Z Trying to restore uv cache from GitHub Actions cache with key: setup-uv-1-aarch64-unknown-linux-gnu-0.11.8-b5a73c9e60b3d1f51a768b078414d58f1f3844dc53996b22f18be30091fb9ab8
python-quality / python-quality	UNKNOWN STEP	2026-10-03T05:40:30.1684429Z ##[warning]Failed to restore: Cache service responded with 400
python-quality / python-quality	UNKNOWN STEP	2026-10-03T05:40:30.1700585Z No GitHub Actions cache found for key: setup-uv-1-aarch64-unknown-linux-gnu-0.11.8-b5a73c9e60b3d1f51a768b078414d58f1f3844dc53996b22f18be30091fb9ab8
python-quality / python-quality	UNKNOWN STEP	2026-10-03T05:40:30.1891711Z ##[group]Run uv sync --locked --python 3.13
python-quality / python-quality	UNKNOWN STEP	2026-10-03T05:40:30.1892203Z [36;1muv sync --locked --python 3.13[0m
python-quality / python-quality	UNKNOWN STEP	2026-10-03T05:40:30.1949905Z shell: /usr/bin/bash -e {0}
python-quality / python-quality	UNKNOWN STEP	2026-10-03T05:40:30.1950256Z env:
python-quality / python-quality	UNKNOWN STEP	2026-10-03T05:40:30.1950512Z   BLACKSMITH_RUNNER_MESSAGE_WAIT_MS: 232
python-quality / python-quality	UNKNOWN STEP	2026-10-03T05:40:30.1950820Z   BLACKSMITH_RUNNER_ACQUIRE_JOB_MS: 796
python-quality / python-quality	UNKNOWN STEP	2026-10-03T05:40:30.1951884Z   GITHUB_REPO_NAME: Lumiwealth/bot_manager
python-quality / python-quality	UNKNOWN STEP	2026-10-03T05:40:30.1952262Z   pythonLocation: /opt/hostedtoolcache/Python/3.13.16/arm64
python-quality / python-quality	UNKNOWN STEP	2026-10-03T05:40:30.1952750Z   PKG_CONFIG_PATH: /opt/hostedtoolcache/Python/3.13.16/arm64/lib/pkgconfig
python-quality / python-quality	UNKNOWN STEP	2026-10-03T05:40:30.1953224Z   Python_ROOT_DIR: /opt/hostedtoolcache/Python/3.13.16/arm64
python-quality / python-quality	UNKNOWN STEP	2026-10-03T05:40:30.1953641Z   Python2_ROOT_DIR: /opt/hostedtoolcache/Python/3.13.16/arm64
python-quality / python-quality	UNKNOWN STEP	2026-10-03T05:40:30.1954048Z   Python3_ROOT_DIR: /opt/hostedtoolcache/Python/3.13.16/arm64
python-quality / python-quality	UNKNOWN STEP	2026-10-03T05:40:30.1954475Z   LD_LIBRARY_PATH: /opt/hostedtoolcache/Python/3.13.16/arm64/lib
python-quality / python-quality	UNKNOWN STEP	2026-10-03T05:40:30.1955017Z   UV_CACHE_DIR: /home/runner/_work/_temp/setup-uv-cache
python-quality / python-quality	UNKNOWN STEP	2026-10-03T05:40:30.1955346Z ##[endgroup]
python-quality / python-quality	UNKNOWN STEP	2026-10-03T05:40:30.3059601Z Using CPython 3.13.16 interpreter at: /opt/hostedtoolcache/Python/3.13.16/arm64/bin/python3.13
python-quality / python-quality	UNKNOWN STEP	2026-10-03T05:40:30.3060674Z Creating virtual environment at: .venv
python-quality / python-quality	UNKNOWN STEP	2026-10-03T05:40:30.3112059Z Resolved 39 packages in 1ms
python-quality / python-quality	UNKNOWN STEP	2026-10-03T05:40:30.3781233Z    Building bot-manager @ file:///home/runner/_work/bot_manager/bot_manager
python-quality / python-quality	UNKNOWN STEP	2026-10-03T05:40:30.4149093Z Downloading ty (11.6MiB)
python-quality / python-quality	UNKNOWN STEP	2026-10-03T05:40:30.4178774Z Downloading pygments (1.2MiB)
python-quality / python-quality	UNKNOWN STEP	2026-10-03T05:40:30.4179605Z Downloading moto (6.3MiB)
python-quality / python-quality	UNKNOWN STEP	2026-10-03T05:40:30.4201463Z Downloading cryptography (4.5MiB)
python-quality / python-quality	UNKNOWN STEP	2026-10-03T05:40:30.4206282Z Downloading zstandard (4.8MiB)
python-quality / python-quality	UNKNOWN STEP	2026-10-03T05:40:30.4224386Z Downloading botocore (14.9MiB)
python-quality / python-quality	UNKNOWN STEP	2026-10-03T05:40:30.4226566Z Downloading ruff (10.2MiB)
python-quality / python-quality	UNKNOWN STEP	2026-10-03T05:40:31.1055901Z  Downloaded zstandard
python-quality / python-quality	UNKNOWN STEP	2026-10-03T05:40:31.2871720Z  Downloaded ruff
python-quality / python-quality	UNKNOWN STEP	2026-10-03T05:40:31.2922877Z  Downloaded ty
python-quality / python-quality	UNKNOWN STEP	2026-10-03T05:40:31.3130482Z  Downloaded cryptography
python-quality / python-quality	UNKNOWN STEP	2026-10-03T05:40:31.3281976Z  Downloaded pygments
python-quality / python-quality	UNKNOWN STEP	2026-10-03T05:40:31.4379728Z       Built bot-manager @ file:///home/runner/_work/bot_manager/bot_manager
python-quality / python-quality	UNKNOWN STEP	2026-10-03T05:40:31.8916721Z  Downloaded moto
python-quality / python-quality	UNKNOWN STEP	2026-10-03T05:40:31.9473853Z  Downloaded botocore
python-quality / python-quality	UNKNOWN STEP	2026-10-03T05:40:31.9479444Z Prepared 38 packages in 1.63s
python-quality / python-quality	UNKNOWN STEP	2026-10-03T05:40:32.0739214Z Installed 38 packages in 121ms
python-quality / python-quality	UNKNOWN STEP	2026-10-03T05:40:32.0777531Z  + aws-wsgi==0.2.7
python-quality / python-quality	UNKNOWN STEP	2026-10-03T05:40:32.0777860Z  + blinker==1.9.0
python-quality / python-quality	UNKNOWN STEP	2026-10-03T05:40:32.0778424Z  + bot-manager==1.0.0 (from file:///home/runner/_work/bot_manager/bot_manager)
python-quality / python-quality	UNKNOWN STEP	2026-10-03T05:40:32.0779014Z  + boto3==1.43.1
python-quality / python-quality	UNKNOWN STEP	2026-10-03T05:40:32.0779318Z  + botocore==1.43.74
python-quality / python-quality	UNKNOWN STEP	2026-10-03T05:40:32.0779622Z  + certifi==2026.7.22
python-quality / python-quality	UNKNOWN STEP	2026-10-03T05:40:32.0779931Z  + cffi==2.1.1
python-quality / python-quality	UNKNOWN STEP	2026-10-03T05:40:32.0780232Z  + charset-normalizer==3.5.1
python-quality / python-quality	UNKNOWN STEP	2026-10-03T05:40:32.0780564Z  + click==8.4.2
python-quality / python-quality	UNKNOWN STEP	2026-10-03T05:40:32.0780865Z  + cryptography==50.0.0
python-quality / python-quality	UNKNOWN STEP	2026-10-03T05:40:32.0781191Z  + execnet==2.1.2
python-quality / python-quality	UNKNOWN STEP	2026-10-03T05:40:32.0781503Z  + flask==3.1.3
python-quality / python-quality	UNKNOWN STEP	2026-10-03T05:40:32.0782005Z  + idna==3.19
python-quality / python-quality	UNKNOWN STEP	2026-10-03T05:40:32.0782292Z  + iniconfig==2.3.0
python-quality / python-quality	UNKNOWN STEP	2026-10-03T05:40:32.0782600Z  + itsdangerous==2.2.0
python-quality / python-quality	UNKNOWN STEP	2026-10-03T05:40:32.0782906Z  + jinja2==3.1.6
python-quality / python-quality	UNKNOWN STEP	2026-10-03T05:40:32.0783195Z  + jmespath==1.1.0
python-quality / python-quality	UNKNOWN STEP	2026-10-03T05:40:32.0783490Z  + markupsafe==3.0.3
python-quality / python-quality	UNKNOWN STEP	2026-10-03T05:40:32.0783800Z  + moto==5.1.22
python-quality / python-quality	UNKNOWN STEP	2026-10-03T05:40:32.0784095Z  + packaging==25.0
python-quality / python-quality	UNKNOWN STEP	2026-10-03T05:40:32.0784400Z  + pluggy==1.6.0
python-quality / python-quality	UNKNOWN STEP	2026-10-03T05:40:32.0784708Z  + pycparser==3.0
python-quality / python-quality	UNKNOWN STEP	2026-10-03T05:40:32.0785017Z  + pygments==2.21.0
python-quality / python-quality	UNKNOWN STEP	2026-10-03T05:40:32.0785308Z  + pytest==9.0.3
python-quality / python-quality	UNKNOWN STEP	2026-10-03T05:40:32.0785615Z  + pytest-xdist==3.8.0
python-quality / python-quality	UNKNOWN STEP	2026-10-03T05:40:32.0785944Z  + python-dateutil==2.9.0.post0
python-quality / python-quality	UNKNOWN STEP	2026-10-03T05:40:32.0786296Z  + python-dotenv==1.2.2
python-quality / python-quality	UNKNOWN STEP	2026-10-03T05:40:32.0786614Z  + pyyaml==6.0.3
python-quality / python-quality	UNKNOWN STEP	2026-10-03T05:40:32.0786901Z  + requests==2.33.1
python-quality / python-quality	UNKNOWN STEP	2026-10-03T05:40:32.0787201Z  + responses==0.26.2
python-quality / python-quality	UNKNOWN STEP	2026-10-03T05:40:32.0788156Z  + ruff==0.16.3
python-quality / python-quality	UNKNOWN STEP	2026-10-03T05:40:32.0788450Z  + s3transfer==0.17.1
python-quality / python-quality	UNKNOWN STEP	2026-10-03T05:40:32.0795679Z  + six==1.17.0
python-quality / python-quality	UNKNOWN STEP	2026-10-03T05:40:32.0796258Z  + ty==0.0.73
python-quality / python-quality	UNKNOWN STEP	2026-10-03T05:40:32.0796464Z  + urllib3==2.8.0
python-quality / python-quality	UNKNOWN STEP	2026-10-03T05:40:32.0796687Z  + werkzeug==3.1.8
python-quality / python-quality	UNKNOWN STEP	2026-10-03T05:40:32.0796901Z  + xmltodict==1.0.4
python-quality / python-quality	UNKNOWN STEP	2026-10-03T05:40:32.0797116Z  + zstandard==0.25.0
python-quality / python-quality	UNKNOWN STEP	2026-10-03T05:40:32.0969308Z ##[group]Run uv export --locked --no-dev --no-emit-project --no-header --no-annotate --no-hashes --output-file /tmp/runtime-requirements.txt
python-quality / python-quality	UNKNOWN STEP	2026-10-03T05:40:32.0970464Z [36;1muv export --locked --no-dev --no-emit-project --no-header --no-annotate --no-hashes --output-file /tmp/runtime-requirements.txt[0m
python-quality / python-quality	UNKNOWN STEP	2026-10-03T05:40:32.0971196Z [36;1mdiff -u requirements.txt /tmp/runtime-requirements.txt[0m
python-quality / python-quality	UNKNOWN STEP	2026-10-03T05:40:32.1046223Z shell: /usr/bin/bash -e {0}
python-quality / python-quality	UNKNOWN STEP	2026-10-03T05:40:32.1046574Z env:
python-quality / python-quality	UNKNOWN STEP	2026-10-03T05:40:32.1046812Z   BLACKSMITH_RUNNER_MESSAGE_WAIT_MS: 232
python-quality / python-quality	UNKNOWN STEP	2026-10-03T05:40:32.1047117Z   BLACKSMITH_RUNNER_ACQUIRE_JOB_MS: 796
python-quality / python-quality	UNKNOWN STEP	2026-10-03T05:40:32.1047422Z   GITHUB_REPO_NAME: Lumiwealth/bot_manager
python-quality / python-quality	UNKNOWN STEP	2026-10-03T05:40:32.1047792Z   pythonLocation: /opt/hostedtoolcache/Python/3.13.16/arm64
python-quality / python-quality	UNKNOWN STEP	2026-10-03T05:40:32.1048265Z   PKG_CONFIG_PATH: /opt/hostedtoolcache/Python/3.13.16/arm64/lib/pkgconfig
python-quality / python-quality	UNKNOWN STEP	2026-10-03T05:40:32.1048819Z   Python_ROOT_DIR: /opt/hostedtoolcache/Python/3.13.16/arm64
python-quality / python-quality	UNKNOWN STEP	2026-10-03T05:40:32.1049376Z   Python2_ROOT_DIR: /opt/hostedtoolcache/Python/3.13.16/arm64
python-quality / python-quality	UNKNOWN STEP	2026-10-03T05:40:32.1049788Z   Python3_ROOT_DIR: /opt/hostedtoolcache/Python/3.13.16/arm64
python-quality / python-quality	UNKNOWN STEP	2026-10-03T05:40:32.1050204Z   LD_LIBRARY_PATH: /opt/hostedtoolcache/Python/3.13.16/arm64/lib
python-quality / python-quality	UNKNOWN STEP	2026-10-03T05:40:32.1050630Z   UV_CACHE_DIR: /home/runner/_work/_temp/setup-uv-cache
python-quality / python-quality	UNKNOWN STEP	2026-10-03T05:40:32.1050950Z ##[endgroup]
python-quality / python-quality	UNKNOWN STEP	2026-10-03T05:40:32.1756984Z Resolved 39 packages in 1ms
python-quality / python-quality	UNKNOWN STEP	2026-10-03T05:40:32.1757367Z aws-wsgi==0.2.7
python-quality / python-quality	UNKNOWN STEP	2026-10-03T05:40:32.1758040Z blinker==1.9.0
python-quality / python-quality	UNKNOWN STEP	2026-10-03T05:40:32.1762931Z boto3==1.43.1
python-quality / python-quality	UNKNOWN STEP	2026-10-03T05:40:32.1763518Z botocore==1.43.74
python-quality / python-quality	UNKNOWN STEP	2026-10-03T05:40:32.1770429Z certifi==2026.7.22
python-quality / python-quality	UNKNOWN STEP	2026-10-03T05:40:32.1777691Z cffi==2.1.1 ; platform_python_implementation != 'PyPy'
python-quality / python-quality	UNKNOWN STEP	2026-10-03T05:40:32.1778184Z charset-normalizer==3.5.1
python-quality / python-quality	UNKNOWN STEP	2026-10-03T05:40:32.1778489Z click==8.4.2
python-quality / python-quality	UNKNOWN STEP	2026-10-03T05:40:32.1778820Z colorama==0.4.6 ; sys_platform == 'win32'
python-quality / python-quality	UNKNOWN STEP	2026-10-03T05:40:32.1779461Z cryptography==50.0.0
python-quality / python-quality	UNKNOWN STEP	2026-10-03T05:40:32.1779875Z flask==3.1.3
python-quality / python-quality	UNKNOWN STEP	2026-10-03T05:40:32.1780142Z idna==3.19
python-quality / python-quality	UNKNOWN STEP	2026-10-03T05:40:32.1780550Z itsdangerous==2.2.0
python-quality / python-quality	UNKNOWN STEP	2026-10-03T05:40:32.1780817Z jinja2==3.1.6
python-quality / python-quality	UNKNOWN STEP	2026-10-03T05:40:32.1781095Z jmespath==1.1.0
python-quality / python-quality	UNKNOWN STEP	2026-10-03T05:40:32.1781367Z markupsafe==3.0.3
python-quality / python-quality	UNKNOWN STEP	2026-10-03T05:40:32.1783844Z packaging==25.0
python-quality / python-quality	UNKNOWN STEP	2026-10-03T05:40:32.1784342Z pycparser==3.0 ; implementation_name != 'PyPy' and platform_python_implementation != 'PyPy'
python-quality / python-quality	UNKNOWN STEP	2026-10-03T05:40:32.1784883Z python-dateutil==2.9.0.post0
python-quality / python-quality	UNKNOWN STEP	2026-10-03T05:40:32.1785186Z requests==2.33.1
python-quality / python-quality	UNKNOWN STEP	2026-10-03T05:40:32.1785454Z s3transfer==0.17.1
python-quality / python-quality	UNKNOWN STEP	2026-10-03T05:40:32.1785725Z six==1.17.0
python-quality / python-quality	UNKNOWN STEP	2026-10-03T05:40:32.1797524Z urllib3==2.8.0
python-quality / python-quality	UNKNOWN STEP	2026-10-03T05:40:32.1798217Z werkzeug==3.1.8
python-quality / python-quality	UNKNOWN STEP	2026-10-03T05:40:32.1798538Z zstandard==0.25.0
python-quality / python-quality	UNKNOWN STEP	2026-10-03T05:40:32.1877202Z ##[group]Run uv --preview-features audit audit --frozen
python-quality / python-quality	UNKNOWN STEP	2026-10-03T05:40:32.1877728Z [36;1muv --preview-features audit audit --frozen[0m
python-quality / python-quality	UNKNOWN STEP	2026-10-03T05:40:32.1924403Z shell: /usr/bin/bash -e {0}
python-quality / python-quality	UNKNOWN STEP	2026-10-03T05:40:32.1924755Z env:
python-quality / python-quality	UNKNOWN STEP	2026-10-03T05:40:32.1925009Z   BLACKSMITH_RUNNER_MESSAGE_WAIT_MS: 232
python-quality / python-quality	UNKNOWN STEP	2026-10-03T05:40:32.1925328Z   BLACKSMITH_RUNNER_ACQUIRE_JOB_MS: 796
python-quality / python-quality	UNKNOWN STEP	2026-10-03T05:40:32.1925636Z   GITHUB_REPO_NAME: Lumiwealth/bot_manager
python-quality / python-quality	UNKNOWN STEP	2026-10-03T05:40:32.1926013Z   pythonLocation: /opt/hostedtoolcache/Python/3.13.16/arm64
python-quality / python-quality	UNKNOWN STEP	2026-10-03T05:40:32.1926535Z   PKG_CONFIG_PATH: /opt/hostedtoolcache/Python/3.13.16/arm64/lib/pkgconfig
python-quality / python-quality	UNKNOWN STEP	2026-10-03T05:40:32.1927016Z   Python_ROOT_DIR: /opt/hostedtoolcache/Python/3.13.16/arm64
python-quality / python-quality	UNKNOWN STEP	2026-10-03T05:40:32.1927424Z   Python2_ROOT_DIR: /opt/hostedtoolcache/Python/3.13.16/arm64
python-quality / python-quality	UNKNOWN STEP	2026-10-03T05:40:32.1927827Z   Python3_ROOT_DIR: /opt/hostedtoolcache/Python/3.13.16/arm64
python-quality / python-quality	UNKNOWN STEP	2026-10-03T05:40:32.1928347Z   LD_LIBRARY_PATH: /opt/hostedtoolcache/Python/3.13.16/arm64/lib
python-quality / python-quality	UNKNOWN STEP	2026-10-03T05:40:32.1928801Z   UV_CACHE_DIR: /home/runner/_work/_temp/setup-uv-cache
python-quality / python-quality	UNKNOWN STEP	2026-10-03T05:40:32.1929118Z ##[endgroup]
python-quality / python-quality	UNKNOWN STEP	2026-10-03T05:40:32.4824058Z Found no known vulnerabilities and no adverse project statuses in 38 packages
python-quality / python-quality	UNKNOWN STEP	2026-10-03T05:40:32.4945721Z ##[group]Run uv run --locked ruff check --output-format=github .
python-quality / python-quality	UNKNOWN STEP	2026-10-03T05:40:32.4946242Z [36;1muv run --locked ruff check --output-format=github .[0m
python-quality / python-quality	UNKNOWN STEP	2026-10-03T05:40:32.4999721Z shell: /usr/bin/bash -e {0}
python-quality / python-quality	UNKNOWN STEP	2026-10-03T05:40:32.5000013Z env:
python-quality / python-quality	UNKNOWN STEP	2026-10-03T05:40:32.5000279Z   BLACKSMITH_RUNNER_MESSAGE_WAIT_MS: 232
python-quality / python-quality	UNKNOWN STEP	2026-10-03T05:40:32.5000580Z   BLACKSMITH_RUNNER_ACQUIRE_JOB_MS: 796
python-quality / python-quality	UNKNOWN STEP	2026-10-03T05:40:32.5000883Z   GITHUB_REPO_NAME: Lumiwealth/bot_manager
python-quality / python-quality	UNKNOWN STEP	2026-10-03T05:40:32.5001254Z   pythonLocation: /opt/hostedtoolcache/Python/3.13.16/arm64
python-quality / python-quality	UNKNOWN STEP	2026-10-03T05:40:32.5001715Z   PKG_CONFIG_PATH: /opt/hostedtoolcache/Python/3.13.16/arm64/lib/pkgconfig
python-quality / python-quality	UNKNOWN STEP	2026-10-03T05:40:32.5002175Z   Python_ROOT_DIR: /opt/hostedtoolcache/Python/3.13.16/arm64
python-quality / python-quality	UNKNOWN STEP	2026-10-03T05:40:32.5002593Z   Python2_ROOT_DIR: /opt/hostedtoolcache/Python/3.13.16/arm64
python-quality / python-quality	UNKNOWN STEP	2026-10-03T05:40:32.5002998Z   Python3_ROOT_DIR: /opt/hostedtoolcache/Python/3.13.16/arm64
python-quality / python-quality	UNKNOWN STEP	2026-10-03T05:40:32.5003492Z   LD_LIBRARY_PATH: /opt/hostedtoolcache/Python/3.13.16/arm64/lib
python-quality / python-quality	UNKNOWN STEP	2026-10-03T05:40:32.5003896Z   UV_CACHE_DIR: /home/runner/_work/_temp/setup-uv-cache
python-quality / python-quality	UNKNOWN STEP	2026-10-03T05:40:32.5004213Z ##[endgroup]
python-quality / python-quality	UNKNOWN STEP	2026-10-03T05:40:32.6353405Z ##[group]Run uv run --locked ruff format --check .
python-quality / python-quality	UNKNOWN STEP	2026-10-03T05:40:32.6353848Z [36;1muv run --locked ruff format --check .[0m
python-quality / python-quality	UNKNOWN STEP	2026-10-03T05:40:32.6414084Z shell: /usr/bin/bash -e {0}
python-quality / python-quality	UNKNOWN STEP	2026-10-03T05:40:32.6414411Z env:
python-quality / python-quality	UNKNOWN STEP	2026-10-03T05:40:32.6414732Z   BLACKSMITH_RUNNER_MESSAGE_WAIT_MS: 232
python-quality / python-quality	UNKNOWN STEP	2026-10-03T05:40:32.6415043Z   BLACKSMITH_RUNNER_ACQUIRE_JOB_MS: 796
python-quality / python-quality	UNKNOWN STEP	2026-10-03T05:40:32.6415354Z   GITHUB_REPO_NAME: Lumiwealth/bot_manager
python-quality / python-quality	UNKNOWN STEP	2026-10-03T05:40:32.6415719Z   pythonLocation: /opt/hostedtoolcache/Python/3.13.16/arm64
python-quality / python-quality	UNKNOWN STEP	2026-10-03T05:40:32.6416189Z   PKG_CONFIG_PATH: /opt/hostedtoolcache/Python/3.13.16/arm64/lib/pkgconfig
python-quality / python-quality	UNKNOWN STEP	2026-10-03T05:40:32.6417640Z   Python_ROOT_DIR: /opt/hostedtoolcache/Python/3.13.16/arm64
python-quality / python-quality	UNKNOWN STEP	2026-10-03T05:40:32.6418055Z   Python2_ROOT_DIR: /opt/hostedtoolcache/Python/3.13.16/arm64
python-quality / python-quality	UNKNOWN STEP	2026-10-03T05:40:32.6418466Z   Python3_ROOT_DIR: /opt/hostedtoolcache/Python/3.13.16/arm64
python-quality / python-quality	UNKNOWN STEP	2026-10-03T05:40:32.6418969Z   LD_LIBRARY_PATH: /opt/hostedtoolcache/Python/3.13.16/arm64/lib
python-quality / python-quality	UNKNOWN STEP	2026-10-03T05:40:32.6419474Z   UV_CACHE_DIR: /home/runner/_work/_temp/setup-uv-cache
python-quality / python-quality	UNKNOWN STEP	2026-10-03T05:40:32.6419800Z ##[endgroup]
python-quality / python-quality	UNKNOWN STEP	2026-10-03T05:40:32.8163915Z 264 files already formatted
python-quality / python-quality	UNKNOWN STEP	2026-10-03T05:40:32.8473427Z ##[group]Run uv run --locked ty check
python-quality / python-quality	UNKNOWN STEP	2026-10-03T05:40:32.8473846Z [36;1muv run --locked ty check[0m
python-quality / python-quality	UNKNOWN STEP	2026-10-03T05:40:32.8685866Z shell: /usr/bin/bash -e {0}
python-quality / python-quality	UNKNOWN STEP	2026-10-03T05:40:32.8686199Z env:
python-quality / python-quality	UNKNOWN STEP	2026-10-03T05:40:32.8686451Z   BLACKSMITH_RUNNER_MESSAGE_WAIT_MS: 232
python-quality / python-quality	UNKNOWN STEP	2026-10-03T05:40:32.8686773Z   BLACKSMITH_RUNNER_ACQUIRE_JOB_MS: 796
python-quality / python-quality	UNKNOWN STEP	2026-10-03T05:40:32.8687107Z   GITHUB_REPO_NAME: Lumiwealth/bot_manager
python-quality / python-quality	UNKNOWN STEP	2026-10-03T05:40:32.8687492Z   pythonLocation: /opt/hostedtoolcache/Python/3.13.16/arm64
python-quality / python-quality	UNKNOWN STEP	2026-10-03T05:40:32.8687976Z   PKG_CONFIG_PATH: /opt/hostedtoolcache/Python/3.13.16/arm64/lib/pkgconfig
python-quality / python-quality	UNKNOWN STEP	2026-10-03T05:40:32.8688456Z   Python_ROOT_DIR: /opt/hostedtoolcache/Python/3.13.16/arm64
python-quality / python-quality	UNKNOWN STEP	2026-10-03T05:40:32.8689029Z   Python2_ROOT_DIR: /opt/hostedtoolcache/Python/3.13.16/arm64
python-quality / python-quality	UNKNOWN STEP	2026-10-03T05:40:32.8689441Z   Python3_ROOT_DIR: /opt/hostedtoolcache/Python/3.13.16/arm64
python-quality / python-quality	UNKNOWN STEP	2026-10-03T05:40:32.8689867Z   LD_LIBRARY_PATH: /opt/hostedtoolcache/Python/3.13.16/arm64/lib
python-quality / python-quality	UNKNOWN STEP	2026-10-03T05:40:32.8690454Z   UV_CACHE_DIR: /home/runner/_work/_temp/setup-uv-cache
python-quality / python-quality	UNKNOWN STEP	2026-10-03T05:40:32.8690776Z ##[endgroup]
python-quality / python-quality	UNKNOWN STEP	2026-10-03T05:40:33.0441111Z All checks passed!
python-quality / python-quality	UNKNOWN STEP	2026-10-03T05:40:33.0683350Z Post job cleanup.
python-quality / python-quality	UNKNOWN STEP	2026-10-03T05:40:33.2304928Z Pruning cache...
python-quality / python-quality	UNKNOWN STEP	2026-10-03T05:40:33.2321654Z (node:3767) [DEP0040] DeprecationWarning: The `punycode` module is deprecated. Please use a userland alternative instead.
python-quality / python-quality	UNKNOWN STEP	2026-10-03T05:40:33.2332296Z (Use `node --trace-deprecation ...` to show where the warning was created)
python-quality / python-quality	UNKNOWN STEP	2026-10-03T05:40:33.3930642Z Saving cache path: /home/runner/_work/_temp/setup-uv-cache
python-quality / python-quality	UNKNOWN STEP	2026-10-03T05:40:33.4110286Z [command]/usr/bin/tar --posix -cf cache.tzst --exclude cache.tzst -P -C /home/runner/_work/bot_manager/bot_manager --files-from manifest.txt --use-compress-program zstdmt
python-quality / python-quality	UNKNOWN STEP	2026-10-03T05:40:33.4708167Z ##[warning]Failed to save: <h2>Our services aren't available right now</h2><p>We're working to restore all services as soon as possible. Please check back soon.</p>0UZXAagAAAACPqCRBcwZpQZG7oV7KBLmeUEhYMzFFREdFMDIwNwBFZGdl
python-quality / python-quality	UNKNOWN STEP	2026-10-03T05:40:33.4738178Z cache saved with the key: setup-uv-1-aarch64-unknown-linux-gnu-0.11.8-b5a73c9e60b3d1f51a768b078414d58f1f3844dc53996b22f18be30091fb9ab8
python-quality / python-quality	UNKNOWN STEP	2026-10-03T05:40:33.4964073Z Post job cleanup.
python-quality / python-quality	UNKNOWN STEP	2026-10-03T05:40:33.6729322Z (node:3790) [DEP0040] DeprecationWarning: The `punycode` module is deprecated. Please use a userland alternative instead.
python-quality / python-quality	UNKNOWN STEP	2026-10-03T05:40:33.6730480Z (Use `node --trace-deprecation ...` to show where the warning was created)
python-quality / python-quality	UNKNOWN STEP	2026-10-03T05:40:33.6968791Z Post job cleanup.
python-quality / python-quality	UNKNOWN STEP	2026-10-03T05:40:33.8017995Z [command]/usr/local/bin/git version
python-quality / python-quality	UNKNOWN STEP	2026-10-03T05:40:33.8114297Z git version 2.51.2
python-quality / python-quality	UNKNOWN STEP	2026-10-03T05:40:33.8183616Z Temporarily overriding HOME='/home/runner/_work/_temp/4a2b88f1-163a-46ea-9137-747a04aa19c9' before making global git config changes
python-quality / python-quality	UNKNOWN STEP	2026-10-03T05:40:33.8191731Z Adding repository directory to the temporary git global config as a safe directory
python-quality / python-quality	UNKNOWN STEP	2026-10-03T05:40:33.8202612Z [command]/usr/local/bin/git config --global --add safe.directory /home/runner/_work/bot_manager/bot_manager
python-quality / python-quality	UNKNOWN STEP	2026-10-03T05:40:33.8529369Z [command]/usr/local/bin/git config --local --name-only --get-regexp core\.sshCommand
python-quality / python-quality	UNKNOWN STEP	2026-10-03T05:40:33.8782873Z [command]/usr/local/bin/git submodule foreach --recursive sh -c "git config --local --name-only --get-regexp 'core\.sshCommand' && git config --local --unset-all 'core.sshCommand' || :"
python-quality / python-quality	UNKNOWN STEP	2026-10-03T05:40:33.9152225Z [command]/usr/local/bin/git config --local --name-only --get-regexp http\.https\:\/\/github\.com\/\.extraheader
python-quality / python-quality	UNKNOWN STEP	2026-10-03T05:40:33.9252891Z [command]/usr/local/bin/git submodule foreach --recursive sh -c "git config --local --name-only --get-regexp 'http\.https\:\/\/github\.com\/\.extraheader' && git config --local --unset-all 'http.https://github.com/.extraheader' || :"
python-quality / python-quality	UNKNOWN STEP	2026-10-03T05:40:33.9627193Z [command]/usr/local/bin/git config --local --name-only --get-regexp ^includeIf\.gitdir:
python-quality / python-quality	UNKNOWN STEP	2026-10-03T05:40:33.9720113Z [command]/usr/local/bin/git submodule foreach --recursive git config --local --show-origin --name-only --get-regexp remote.origin.url
python-quality / python-quality	UNKNOWN STEP	2026-10-03T05:40:34.0399659Z A job completed hook has been configured by the self-hosted runner administrator
python-quality / python-quality	UNKNOWN STEP	2026-10-03T05:40:34.0467335Z ##[group]Run '/job_completed.sh'
python-quality / python-quality	UNKNOWN STEP	2026-10-03T05:40:34.0511458Z shell: /usr/bin/bash --noprofile --norc -e -o pipefail {0}
python-quality / python-quality	UNKNOWN STEP	2026-10-03T05:40:34.0511856Z env:
python-quality / python-quality	UNKNOWN STEP	2026-10-03T05:40:34.0512108Z   BLACKSMITH_RUNNER_MESSAGE_WAIT_MS: 232
python-quality / python-quality	UNKNOWN STEP	2026-10-03T05:40:34.0512412Z   BLACKSMITH_RUNNER_ACQUIRE_JOB_MS: 796
python-quality / python-quality	UNKNOWN STEP	2026-10-03T05:40:34.0512706Z   BLACKSMITH_CHECK_RUN_ID: 111139061495
python-quality / python-quality	UNKNOWN STEP	2026-10-03T05:40:34.0513079Z   BLACKSMITH_JOB_DISPLAY_NAME: python-quality / python-quality
python-quality / python-quality	UNKNOWN STEP	2026-10-03T05:40:34.0513458Z   GITHUB_ACTIONS_CACHE_MODE: write
python-quality / python-quality	UNKNOWN STEP	2026-10-03T05:40:34.0513734Z ##[endgroup]
python-quality / python-quality	UNKNOWN STEP	2026-10-03T05:40:34.0761207Z Docker container cache not activated, skipping hash computation.
python-quality / python-quality	UNKNOWN STEP	2026-10-03T05:40:34.1344617Z No active SSH sessions detected. Proceeding with shutdown immediately.
python-quality / python-quality	UNKNOWN STEP	2026-10-03T05:40:34.1460717Z Cleaning up orphan processes
python-quality / python-quality	UNKNOWN STEP	2026-10-03T05:40:34.3465041Z ##[warning]Node.js 20 is deprecated. The following actions target Node.js 20 but are being forced to run on Node.js 24: actions/checkout@34e114876b0b11c390a56381ad16ebd13914f8d5, actions/setup-python@a26af69be951a213d495a4c3e4e4022e16d87065, astral-sh/setup-uv@caf0cab7a618c569241d31dcd442f54681755d39. For more information see: https://github.blog/changelog/2025-09-19-deprecation-of-node-20-on-github-actions-runners/
readiness-unit-tests	Set up job	﻿2026-10-03T05:40:48.9662660Z Current runner version: '2.337.0'
readiness-unit-tests	Set up job	2026-10-03T05:40:48.9674705Z Runner name: 'blacksmith-2vcpu-ubuntu-2404-arm-Runner-d4f876dab0'
readiness-unit-tests	Set up job	2026-10-03T05:40:48.9676470Z Runner group name: 'blacksmith scale sets - blacksmith-2vcpu-ubuntu-2404-arm'
readiness-unit-tests	Set up job	2026-10-03T05:40:48.9678174Z Machine name: 'ip-172-31-74-117'
readiness-unit-tests	Set up job	2026-10-03T05:40:48.9681987Z ##[group]GITHUB_TOKEN Permissions
readiness-unit-tests	Set up job	2026-10-03T05:40:48.9685393Z Contents: read
readiness-unit-tests	Set up job	2026-10-03T05:40:48.9686222Z Metadata: read
readiness-unit-tests	Set up job	2026-10-03T05:40:48.9687200Z ##[endgroup]
readiness-unit-tests	Set up job	2026-10-03T05:40:48.9690331Z Secret source: Actions
readiness-unit-tests	Set up job	2026-10-03T05:40:48.9691576Z Cache mode: write
readiness-unit-tests	Set up job	2026-10-03T05:40:48.9692527Z Prepare workflow directory
readiness-unit-tests	Set up job	2026-10-03T05:40:49.0235867Z Prepare all required actions
readiness-unit-tests	Set up job	2026-10-03T05:40:49.0309392Z Getting action download info
readiness-unit-tests	Set up job	2026-10-03T05:40:50.3816006Z Download action repository 'actions/checkout@34e114876b0b11c390a56381ad16ebd13914f8d5' (SHA:34e114876b0b11c390a56381ad16ebd13914f8d5)
readiness-unit-tests	Set up job	2026-10-03T05:40:51.0852495Z Download action repository 'actions/setup-python@a26af69be951a213d495a4c3e4e4022e16d87065' (SHA:a26af69be951a213d495a4c3e4e4022e16d87065)
readiness-unit-tests	Set up job	2026-10-03T05:40:51.1966300Z Download action repository 'astral-sh/setup-uv@caf0cab7a618c569241d31dcd442f54681755d39' (SHA:caf0cab7a618c569241d31dcd442f54681755d39)
readiness-unit-tests	Set up job	2026-10-03T05:40:52.1687987Z Setting BLACKSMITH_ACTIONS_RESULTS_URL to https://results-receiver.actions.githubusercontent.com/
readiness-unit-tests	Set up job	2026-10-03T05:40:52.1817013Z Complete job name: readiness-unit-tests
readiness-unit-tests	Set up runner	﻿2026-10-03T05:40:52.2869157Z A job started hook has been configured by the self-hosted runner administrator
readiness-unit-tests	Set up runner	2026-10-03T05:40:52.3182260Z ##[group]Run '/setup.sh'
readiness-unit-tests	Set up runner	2026-10-03T05:40:52.3219021Z shell: /usr/bin/bash --noprofile --norc -e -o pipefail {0}
readiness-unit-tests	Set up runner	2026-10-03T05:40:52.3221482Z env:
readiness-unit-tests	Set up runner	2026-10-03T05:40:52.3222799Z   BLACKSMITH_RUNNER_MESSAGE_WAIT_MS: 216
readiness-unit-tests	Set up runner	2026-10-03T05:40:52.3224705Z   BLACKSMITH_RUNNER_ACQUIRE_JOB_MS: 689
readiness-unit-tests	Set up runner	2026-10-03T05:40:52.3226422Z   BLACKSMITH_CHECK_RUN_ID: 111139159318
readiness-unit-tests	Set up runner	2026-10-03T05:40:52.3228248Z   BLACKSMITH_JOB_DISPLAY_NAME: readiness-unit-tests
readiness-unit-tests	Set up runner	2026-10-03T05:40:52.3230575Z   GITHUB_ACTIONS_CACHE_MODE: write
readiness-unit-tests	Set up runner	2026-10-03T05:40:52.3232169Z ##[endgroup]
readiness-unit-tests	Set up runner	2026-10-03T05:40:52.4003932Z Logging daemon started (blacksmithd for logs)
readiness-unit-tests	Set up runner	2026-10-03T05:40:52.4095749Z Results daemon started (blacksmithd for results)
readiness-unit-tests	Set up runner	2026-10-03T05:40:52.4419607Z Background adoption and SSH setup started (PID: 3214)
readiness-unit-tests	Set up runner	2026-10-03T05:40:52.4422017Z 
readiness-unit-tests	Set up runner	2026-10-03T05:40:52.4423384Z ----------------------------------------
readiness-unit-tests	Set up runner	2026-10-03T05:40:52.4426614Z View this job: https://app.blacksmith.sh/Lumiwealth/runs/37100549152/jobs/111139159318
readiness-unit-tests	Set up runner	2026-10-03T05:40:52.4430485Z SSH Access (using your GitHub SSH key):
readiness-unit-tests	Set up runner	2026-10-03T05:40:52.4433789Z   ssh -p 64000 runner@blacksmith-2vcpu-ubuntu-2404-arm-runner-d4f876dab0.vm.blacksmith.sh
readiness-unit-tests	Set up runner	2026-10-03T05:40:52.4456436Z 
readiness-unit-tests	Set up runner	2026-10-03T05:40:52.4459691Z No GitHub SSH key? Add one at:
readiness-unit-tests	Set up runner	2026-10-03T05:40:52.4463643Z https://docs.github.com/en/authentication/connecting-to-github-with-ssh/adding-a-new-ssh-key-to-your-github-account
readiness-unit-tests	Set up runner	2026-10-03T05:40:52.4466750Z 
readiness-unit-tests	Set up runner	2026-10-03T05:40:52.4468017Z ----------------------------------------
readiness-unit-tests	Set up runner	2026-10-03T05:40:52.4471927Z 
readiness-unit-tests	Set up runner	2026-10-03T05:40:52.4486259Z VM ID: blacksmith-2vcpu-ubuntu-2404-arm-Runner-d4f876dab0
readiness-unit-tests	Set up runner	2026-10-03T05:40:52.4488634Z Host: production-192.240.237.91-aarch64
readiness-unit-tests	Set up runner	2026-10-03T05:40:52.4490374Z Host Agent PID: 617774
readiness-unit-tests	Set up runner	2026-10-03T05:40:52.4492037Z Host Agent Git SHA: e97f83469
readiness-unit-tests	Set up runner	2026-10-03T05:40:52.4493646Z Host CPU Manufacturer: ARM
readiness-unit-tests	Set up runner	2026-10-03T05:40:52.4495304Z Blacksmith Host Generation: gen 1
readiness-unit-tests	Set up runner	2026-10-03T05:40:52.4497138Z Petname: production-great-lark-1e96884a-arm
readiness-unit-tests	Set up runner	2026-10-03T05:40:52.4498936Z Region: us-west
readiness-unit-tests	Set up runner	2026-10-03T05:40:52.4500427Z Rootfs Version: ubuntu24-full-aarch64-110625
readiness-unit-tests	Set up runner	2026-10-03T05:40:52.4561559Z OS Version: Ubuntu 24.04.3 LTS
readiness-unit-tests	Set up runner	2026-10-03T05:40:52.4563187Z 
readiness-unit-tests	Set up runner	2026-10-03T05:40:52.4565735Z Enabling Blacksmith transparent cache
readiness-unit-tests	Checkout exact candidate	﻿2026-10-03T05:40:52.5613795Z ##[group]Run actions/checkout@34e114876b0b11c390a56381ad16ebd13914f8d5
readiness-unit-tests	Checkout exact candidate	2026-10-03T05:40:52.5616087Z with:
readiness-unit-tests	Checkout exact candidate	2026-10-03T05:40:52.5617604Z   ref: 330bd1095c61852b4c7534a79ff387b2f6d9bed3
readiness-unit-tests	Checkout exact candidate	2026-10-03T05:40:52.5619962Z   persist-credentials: false
readiness-unit-tests	Checkout exact candidate	2026-10-03T05:40:52.5621537Z   repository: Lumiwealth/bot_manager
readiness-unit-tests	Checkout exact candidate	2026-10-03T05:40:52.5635846Z   token: ***
readiness-unit-tests	Checkout exact candidate	2026-10-03T05:40:52.5637217Z   ssh-strict: true
readiness-unit-tests	Checkout exact candidate	2026-10-03T05:40:52.5638561Z   ssh-user: git
readiness-unit-tests	Checkout exact candidate	2026-10-03T05:40:52.5639986Z   clean: true
readiness-unit-tests	Checkout exact candidate	2026-10-03T05:40:52.5641342Z   sparse-checkout-cone-mode: true
readiness-unit-tests	Checkout exact candidate	2026-10-03T05:40:52.5642915Z   fetch-depth: 1
readiness-unit-tests	Checkout exact candidate	2026-10-03T05:40:52.5644231Z   fetch-tags: false
readiness-unit-tests	Checkout exact candidate	2026-10-03T05:40:52.5645543Z   show-progress: true
readiness-unit-tests	Checkout exact candidate	2026-10-03T05:40:52.5646914Z   lfs: false
readiness-unit-tests	Checkout exact candidate	2026-10-03T05:40:52.5648176Z   submodules: false
readiness-unit-tests	Checkout exact candidate	2026-10-03T05:40:52.5649520Z   set-safe-directory: true
readiness-unit-tests	Checkout exact candidate	2026-10-03T05:40:52.5651054Z env:
readiness-unit-tests	Checkout exact candidate	2026-10-03T05:40:52.5652360Z   BLACKSMITH_RUNNER_MESSAGE_WAIT_MS: 216
readiness-unit-tests	Checkout exact candidate	2026-10-03T05:40:52.5654082Z   BLACKSMITH_RUNNER_ACQUIRE_JOB_MS: 689
readiness-unit-tests	Checkout exact candidate	2026-10-03T05:40:52.5655915Z   GITHUB_REPO_NAME: Lumiwealth/bot_manager
readiness-unit-tests	Checkout exact candidate	2026-10-03T05:40:52.5658716Z ##[endgroup]
readiness-unit-tests	Checkout exact candidate	2026-10-03T05:40:52.9065088Z Syncing repository: Lumiwealth/bot_manager
readiness-unit-tests	Checkout exact candidate	2026-10-03T05:40:52.9069542Z ##[group]Getting Git version info
readiness-unit-tests	Checkout exact candidate	2026-10-03T05:40:52.9084733Z Working directory is '/home/runner/_work/bot_manager/bot_manager'
readiness-unit-tests	Checkout exact candidate	2026-10-03T05:40:52.9087830Z [command]/usr/local/bin/git version
readiness-unit-tests	Checkout exact candidate	2026-10-03T05:40:52.9343027Z git version 2.51.2
readiness-unit-tests	Checkout exact candidate	2026-10-03T05:40:52.9375584Z ##[endgroup]
readiness-unit-tests	Checkout exact candidate	2026-10-03T05:40:52.9392004Z Temporarily overriding HOME='/home/runner/_work/_temp/4bfe0080-677e-4fba-bb10-d213e0d12013' before making global git config changes
readiness-unit-tests	Checkout exact candidate	2026-10-03T05:40:52.9396216Z Adding repository directory to the temporary git global config as a safe directory
readiness-unit-tests	Checkout exact candidate	2026-10-03T05:40:52.9417187Z [command]/usr/local/bin/git config --global --add safe.directory /home/runner/_work/bot_manager/bot_manager
readiness-unit-tests	Checkout exact candidate	2026-10-03T05:40:52.9471904Z Deleting the contents of '/home/runner/_work/bot_manager/bot_manager'
readiness-unit-tests	Checkout exact candidate	2026-10-03T05:40:52.9478059Z ##[group]Initializing the repository
readiness-unit-tests	Checkout exact candidate	2026-10-03T05:40:52.9500557Z [command]/usr/local/bin/git init /home/runner/_work/bot_manager/bot_manager
readiness-unit-tests	Checkout exact candidate	2026-10-03T05:40:52.9572206Z hint: Using 'master' as the name for the initial branch. This default branch name
readiness-unit-tests	Checkout exact candidate	2026-10-03T05:40:52.9581595Z hint: is subject to change. To configure the initial branch name to use in all
readiness-unit-tests	Checkout exact candidate	2026-10-03T05:40:52.9584273Z hint: of your new repositories, which will suppress this warning, call:
readiness-unit-tests	Checkout exact candidate	2026-10-03T05:40:52.9586249Z hint:
readiness-unit-tests	Checkout exact candidate	2026-10-03T05:40:52.9612156Z hint: 	git config --global init.defaultBranch <name>
readiness-unit-tests	Checkout exact candidate	2026-10-03T05:40:52.9613913Z hint:
readiness-unit-tests	Checkout exact candidate	2026-10-03T05:40:52.9616457Z hint: Names commonly chosen instead of 'master' are 'main', 'trunk' and
readiness-unit-tests	Checkout exact candidate	2026-10-03T05:40:52.9619186Z hint: 'development'. The just-created branch can be renamed via this command:
readiness-unit-tests	Checkout exact candidate	2026-10-03T05:40:52.9662856Z hint:
readiness-unit-tests	Checkout exact candidate	2026-10-03T05:40:52.9664353Z hint: 	git branch -m <name>
readiness-unit-tests	Checkout exact candidate	2026-10-03T05:40:52.9665724Z hint:
readiness-unit-tests	Checkout exact candidate	2026-10-03T05:40:52.9668180Z hint: Disable this message with "git config set advice.defaultBranchName false"
readiness-unit-tests	Checkout exact candidate	2026-10-03T05:40:52.9671281Z Initialized empty Git repository in /home/runner/_work/bot_manager/bot_manager/.git/
readiness-unit-tests	Checkout exact candidate	2026-10-03T05:40:52.9675891Z [command]/usr/local/bin/git remote add origin https://github.com/Lumiwealth/bot_manager
readiness-unit-tests	Checkout exact candidate	2026-10-03T05:40:53.0708937Z ##[endgroup]
readiness-unit-tests	Checkout exact candidate	2026-10-03T05:40:53.0711847Z ##[group]Disabling automatic garbage collection
readiness-unit-tests	Checkout exact candidate	2026-10-03T05:40:53.0714395Z [command]/usr/local/bin/git config --local gc.auto 0
readiness-unit-tests	Checkout exact candidate	2026-10-03T05:40:53.0720141Z ##[endgroup]
readiness-unit-tests	Checkout exact candidate	2026-10-03T05:40:53.0722138Z ##[group]Setting up auth
readiness-unit-tests	Checkout exact candidate	2026-10-03T05:40:53.0724153Z [command]/usr/local/bin/git config --local --name-only --get-regexp core\.sshCommand
readiness-unit-tests	Checkout exact candidate	2026-10-03T05:40:53.0730170Z [command]/usr/local/bin/git submodule foreach --recursive sh -c "git config --local --name-only --get-regexp 'core\.sshCommand' && git config --local --unset-all 'core.sshCommand' || :"
readiness-unit-tests	Checkout exact candidate	2026-10-03T05:40:53.0736657Z [command]/usr/local/bin/git config --local --name-only --get-regexp http\.https\:\/\/github\.com\/\.extraheader
readiness-unit-tests	Checkout exact candidate	2026-10-03T05:40:53.0747245Z [command]/usr/local/bin/git submodule foreach --recursive sh -c "git config --local --name-only --get-regexp 'http\.https\:\/\/github\.com\/\.extraheader' && git config --local --unset-all 'http.https://github.com/.extraheader' || :"
readiness-unit-tests	Checkout exact candidate	2026-10-03T05:40:53.0763752Z [command]/usr/local/bin/git config --local --name-only --get-regexp ^includeIf\.gitdir:
readiness-unit-tests	Checkout exact candidate	2026-10-03T05:40:53.0769122Z [command]/usr/local/bin/git submodule foreach --recursive git config --local --show-origin --name-only --get-regexp remote.origin.url
readiness-unit-tests	Checkout exact candidate	2026-10-03T05:40:53.0878014Z [command]/usr/local/bin/git config --local http.https://github.com/.extraheader AUTHORIZATION: basic ***
readiness-unit-tests	Checkout exact candidate	2026-10-03T05:40:53.0924283Z ##[endgroup]
readiness-unit-tests	Checkout exact candidate	2026-10-03T05:40:53.0926951Z ##[group]Fetching the repository
readiness-unit-tests	Checkout exact candidate	2026-10-03T05:40:53.0937204Z [command]/usr/local/bin/git -c protocol.version=2 fetch --no-tags --prune --no-recurse-submodules --depth=1 origin 330bd1095c61852b4c7534a79ff387b2f6d9bed3
readiness-unit-tests	Checkout exact candidate	2026-10-03T05:40:54.0205409Z From https://github.com/Lumiwealth/bot_manager
readiness-unit-tests	Checkout exact candidate	2026-10-03T05:40:54.0217189Z  * branch            330bd1095c61852b4c7534a79ff387b2f6d9bed3 -> FETCH_HEAD
readiness-unit-tests	Checkout exact candidate	2026-10-03T05:40:54.0301283Z ##[endgroup]
readiness-unit-tests	Checkout exact candidate	2026-10-03T05:40:54.0302402Z ##[group]Determining the checkout info
readiness-unit-tests	Checkout exact candidate	2026-10-03T05:40:54.0303465Z ##[endgroup]
readiness-unit-tests	Checkout exact candidate	2026-10-03T05:40:54.0304228Z [command]/usr/local/bin/git sparse-checkout disable
readiness-unit-tests	Checkout exact candidate	2026-10-03T05:40:54.0358503Z [command]/usr/local/bin/git config --local --unset-all extensions.worktreeConfig
readiness-unit-tests	Checkout exact candidate	2026-10-03T05:40:54.0407725Z ##[group]Checking out the ref
readiness-unit-tests	Checkout exact candidate	2026-10-03T05:40:54.0408918Z [command]/usr/local/bin/git checkout --progress --force 330bd1095c61852b4c7534a79ff387b2f6d9bed3
readiness-unit-tests	Checkout exact candidate	2026-10-03T05:40:54.1104000Z Note: switching to '330bd1095c61852b4c7534a79ff387b2f6d9bed3'.
readiness-unit-tests	Checkout exact candidate	2026-10-03T05:40:54.1117885Z 
readiness-unit-tests	Checkout exact candidate	2026-10-03T05:40:54.1118888Z You are in 'detached HEAD' state. You can look around, make experimental
readiness-unit-tests	Checkout exact candidate	2026-10-03T05:40:54.1120469Z changes and commit them, and you can discard any commits you make in this
readiness-unit-tests	Checkout exact candidate	2026-10-03T05:40:54.1121607Z state without impacting any branches by switching back to a branch.
readiness-unit-tests	Checkout exact candidate	2026-10-03T05:40:54.1122438Z 
readiness-unit-tests	Checkout exact candidate	2026-10-03T05:40:54.1123009Z If you want to create a new branch to retain commits you create, you may
readiness-unit-tests	Checkout exact candidate	2026-10-03T05:40:54.1124031Z do so (now or later) by using -c with the switch command. Example:
readiness-unit-tests	Checkout exact candidate	2026-10-03T05:40:54.1124731Z 
readiness-unit-tests	Checkout exact candidate	2026-10-03T05:40:54.1125156Z   git switch -c <new-branch-name>
readiness-unit-tests	Checkout exact candidate	2026-10-03T05:40:54.1125670Z 
readiness-unit-tests	Checkout exact candidate	2026-10-03T05:40:54.1126251Z Or undo this operation with:
readiness-unit-tests	Checkout exact candidate	2026-10-03T05:40:54.1126769Z 
readiness-unit-tests	Checkout exact candidate	2026-10-03T05:40:54.1127182Z   git switch -
readiness-unit-tests	Checkout exact candidate	2026-10-03T05:40:54.1127660Z 
readiness-unit-tests	Checkout exact candidate	2026-10-03T05:40:54.1128265Z Turn off this advice by setting config variable advice.detachedHead to false
readiness-unit-tests	Checkout exact candidate	2026-10-03T05:40:54.1129003Z 
readiness-unit-tests	Checkout exact candidate	2026-10-03T05:40:54.1129514Z HEAD is now at 330bd10 Merge pull request #551 from Lumiwealth/main
readiness-unit-tests	Checkout exact candidate	2026-10-03T05:40:54.1131880Z ##[endgroup]
readiness-unit-tests	Checkout exact candidate	2026-10-03T05:40:54.1171766Z [command]/usr/local/bin/git log -1 --format=%H
readiness-unit-tests	Checkout exact candidate	2026-10-03T05:40:54.1207811Z 330bd1095c61852b4c7534a79ff387b2f6d9bed3
readiness-unit-tests	Checkout exact candidate	2026-10-03T05:40:54.1228928Z ##[group]Removing auth
readiness-unit-tests	Checkout exact candidate	2026-10-03T05:40:54.1230111Z [command]/usr/local/bin/git config --local --name-only --get-regexp core\.sshCommand
readiness-unit-tests	Checkout exact candidate	2026-10-03T05:40:54.1275213Z [command]/usr/local/bin/git submodule foreach --recursive sh -c "git config --local --name-only --get-regexp 'core\.sshCommand' && git config --local --unset-all 'core.sshCommand' || :"
readiness-unit-tests	Checkout exact candidate	2026-10-03T05:40:54.1490840Z [command]/usr/local/bin/git config --local --name-only --get-regexp http\.https\:\/\/github\.com\/\.extraheader
readiness-unit-tests	Checkout exact candidate	2026-10-03T05:40:54.1520025Z http.https://github.com/.extraheader
readiness-unit-tests	Checkout exact candidate	2026-10-03T05:40:54.1539667Z [command]/usr/local/bin/git config --local --unset-all http.https://github.com/.extraheader
readiness-unit-tests	Checkout exact candidate	2026-10-03T05:40:54.1604591Z [command]/usr/local/bin/git submodule foreach --recursive sh -c "git config --local --name-only --get-regexp 'http\.https\:\/\/github\.com\/\.extraheader' && git config --local --unset-all 'http.https://github.com/.extraheader' || :"
readiness-unit-tests	Checkout exact candidate	2026-10-03T05:40:54.1786206Z [command]/usr/local/bin/git config --local --name-only --get-regexp ^includeIf\.gitdir:
readiness-unit-tests	Checkout exact candidate	2026-10-03T05:40:54.1836576Z [command]/usr/local/bin/git submodule foreach --recursive git config --local --show-origin --name-only --get-regexp remote.origin.url
readiness-unit-tests	Checkout exact candidate	2026-10-03T05:40:54.2044905Z ##[endgroup]
readiness-unit-tests	Require develop candidate	﻿2026-10-03T05:40:54.2231863Z ##[group]Run set -euo pipefail
readiness-unit-tests	Require develop candidate	2026-10-03T05:40:54.2232537Z [36;1mset -euo pipefail[0m
readiness-unit-tests	Require develop candidate	2026-10-03T05:40:54.2233095Z [36;1mif [[ "$GITHUB_EVENT_NAME" == "pull_request" ]]; then[0m
readiness-unit-tests	Require develop candidate	2026-10-03T05:40:54.2233882Z [36;1m  if [[ "$GITHUB_BASE_REF" != "production" || "$GITHUB_HEAD_REF" != "develop" ]]; then[0m
readiness-unit-tests	Require develop candidate	2026-10-03T05:40:54.2234796Z [36;1m    echo "Production readiness PRs must promote develop to production." >&2[0m
readiness-unit-tests	Require develop candidate	2026-10-03T05:40:54.2235605Z [36;1m    exit 1[0m
readiness-unit-tests	Require develop candidate	2026-10-03T05:40:54.2236007Z [36;1m  fi[0m
readiness-unit-tests	Require develop candidate	2026-10-03T05:40:54.2236490Z [36;1melif [[ "$GITHUB_REF" != "refs/heads/develop" ]]; then[0m
readiness-unit-tests	Require develop candidate	2026-10-03T05:40:54.2237286Z [36;1m  echo "Manual production readiness must run on develop, not $GITHUB_REF." >&2[0m
readiness-unit-tests	Require develop candidate	2026-10-03T05:40:54.2238222Z [36;1m  exit 1[0m
readiness-unit-tests	Require develop candidate	2026-10-03T05:40:54.2238642Z [36;1mfi[0m
readiness-unit-tests	Require develop candidate	2026-10-03T05:40:54.2258248Z shell: /usr/bin/bash -e {0}
readiness-unit-tests	Require develop candidate	2026-10-03T05:40:54.2258741Z env:
readiness-unit-tests	Require develop candidate	2026-10-03T05:40:54.2259132Z   BLACKSMITH_RUNNER_MESSAGE_WAIT_MS: 216
readiness-unit-tests	Require develop candidate	2026-10-03T05:40:54.2259649Z   BLACKSMITH_RUNNER_ACQUIRE_JOB_MS: 689
readiness-unit-tests	Require develop candidate	2026-10-03T05:40:54.2260234Z   GITHUB_REPO_NAME: Lumiwealth/bot_manager
readiness-unit-tests	Require develop candidate	2026-10-03T05:40:54.2260718Z ##[endgroup]
readiness-unit-tests	Setup Python	﻿2026-10-03T05:40:54.2617024Z ##[group]Run actions/setup-python@a26af69be951a213d495a4c3e4e4022e16d87065
readiness-unit-tests	Setup Python	2026-10-03T05:40:54.2617803Z with:
readiness-unit-tests	Setup Python	2026-10-03T05:40:54.2618173Z   python-version: 3.13
readiness-unit-tests	Setup Python	2026-10-03T05:40:54.2618584Z   check-latest: false
readiness-unit-tests	Setup Python	2026-10-03T05:40:54.2622378Z   token: ***
readiness-unit-tests	Setup Python	2026-10-03T05:40:54.2622787Z   update-environment: true
readiness-unit-tests	Setup Python	2026-10-03T05:40:54.2623229Z   allow-prereleases: false
readiness-unit-tests	Setup Python	2026-10-03T05:40:54.2632903Z   freethreaded: false
readiness-unit-tests	Setup Python	2026-10-03T05:40:54.2633385Z env:
readiness-unit-tests	Setup Python	2026-10-03T05:40:54.2633775Z   BLACKSMITH_RUNNER_MESSAGE_WAIT_MS: 216
readiness-unit-tests	Setup Python	2026-10-03T05:40:54.2634290Z   BLACKSMITH_RUNNER_ACQUIRE_JOB_MS: 689
readiness-unit-tests	Setup Python	2026-10-03T05:40:54.2634795Z   GITHUB_REPO_NAME: Lumiwealth/bot_manager
readiness-unit-tests	Setup Python	2026-10-03T05:40:54.2635922Z ##[endgroup]
readiness-unit-tests	Setup Python	2026-10-03T05:40:54.4607837Z ##[group]Installed versions
readiness-unit-tests	Setup Python	2026-10-03T05:40:54.4625625Z Version 3.13 was not found in the local cache
readiness-unit-tests	Setup Python	2026-10-03T05:40:54.4820013Z (node:3624) [DEP0040] DeprecationWarning: The `punycode` module is deprecated. Please use a userland alternative instead.
readiness-unit-tests	Setup Python	2026-10-03T05:40:54.4821511Z (Use `node --trace-deprecation ...` to show where the warning was created)
readiness-unit-tests	Setup Python	2026-10-03T05:40:55.6670491Z Version 3.13 is available for downloading
readiness-unit-tests	Setup Python	2026-10-03T05:40:55.6672022Z Download from "https://github.com/actions/python-versions/releases/download/3.13.16-36805956071/python-3.13.16-linux-24.04-arm64.tar.gz"
readiness-unit-tests	Setup Python	2026-10-03T05:40:56.5747292Z Extract downloaded archive
readiness-unit-tests	Setup Python	2026-10-03T05:40:56.5908936Z [command]/usr/bin/tar xz --warning=no-unknown-keyword --overwrite -C /home/runner/_work/_temp/e731fea7-5dbf-421b-86e7-4cdb53b8beb1 -f /home/runner/_work/_temp/b5ffcbf1-3523-48f6-8b8b-97b2d779b860
readiness-unit-tests	Setup Python	2026-10-03T05:40:58.6970078Z Execute installation script
readiness-unit-tests	Setup Python	2026-10-03T05:40:58.7068803Z Check if Python hostedtoolcache folder exist...
readiness-unit-tests	Setup Python	2026-10-03T05:40:58.7075862Z Creating Python hostedtoolcache folder...
readiness-unit-tests	Setup Python	2026-10-03T05:40:58.7097142Z Create Python 3.13.16 folder
readiness-unit-tests	Setup Python	2026-10-03T05:40:58.7098872Z Copy Python binaries to hostedtoolcache folder
readiness-unit-tests	Setup Python	2026-10-03T05:40:59.4437739Z Create additional symlinks (Required for the UsePythonVersion Azure Pipelines task and the setup-python GitHub Action)
readiness-unit-tests	Setup Python	2026-10-03T05:40:59.4477545Z Upgrading pip...
readiness-unit-tests	Setup Python	2026-10-03T05:41:01.3257142Z Collecting pip
readiness-unit-tests	Setup Python	2026-10-03T05:41:01.4321369Z Downloading pip-26.2.1-py3-none-any.whl.metadata (4.6 kB)
readiness-unit-tests	Setup Python	2026-10-03T05:41:01.4517620Z Downloading pip-26.2.1-py3-none-any.whl (1.8 MB)
readiness-unit-tests	Setup Python	2026-10-03T05:41:01.6028508Z ━━━━━━━━━━━━━━━━━━━━━━━━━━━━━━━━━━━━━━━━ 1.8/1.8 MB 14.7 MB/s  0:00:00
readiness-unit-tests	Setup Python	2026-10-03T05:41:01.6029444Z 
readiness-unit-tests	Setup Python	2026-10-03T05:41:01.7067702Z Installing collected packages: pip
readiness-unit-tests	Setup Python	2026-10-03T05:41:01.7101830Z Attempting uninstall: pip
readiness-unit-tests	Setup Python	2026-10-03T05:41:01.7127957Z Found existing installation: pip 26.2.1
readiness-unit-tests	Setup Python	2026-10-03T05:41:01.7399934Z Uninstalling pip-26.2.1:
readiness-unit-tests	Setup Python	2026-10-03T05:41:01.7454728Z Successfully uninstalled pip-26.2.1
readiness-unit-tests	Setup Python	2026-10-03T05:41:02.7435825Z Successfully installed pip-26.2.1
readiness-unit-tests	Setup Python	2026-10-03T05:41:02.8271697Z Create complete file
readiness-unit-tests	Setup Python	2026-10-03T05:41:02.8324443Z Successfully set up CPython (3.13.16)
readiness-unit-tests	Setup Python	2026-10-03T05:41:02.8326465Z ##[endgroup]
readiness-unit-tests	Install UV	﻿2026-10-03T05:41:02.8589605Z ##[group]Run astral-sh/setup-uv@caf0cab7a618c569241d31dcd442f54681755d39
readiness-unit-tests	Install UV	2026-10-03T05:41:02.8590381Z with:
readiness-unit-tests	Install UV	2026-10-03T05:41:02.8590788Z   version: 0.11.8
readiness-unit-tests	Install UV	2026-10-03T05:41:02.8591191Z   enable-cache: true
readiness-unit-tests	Install UV	2026-10-03T05:41:02.8591646Z   cache-dependency-glob: uv.lock
readiness-unit-tests	Install UV	2026-10-03T05:41:02.8595629Z   github-token: ***
readiness-unit-tests	Install UV	2026-10-03T05:41:02.8596106Z   prune-cache: true
readiness-unit-tests	Install UV	2026-10-03T05:41:02.8596496Z env:
readiness-unit-tests	Install UV	2026-10-03T05:41:02.8596899Z   BLACKSMITH_RUNNER_MESSAGE_WAIT_MS: 216
readiness-unit-tests	Install UV	2026-10-03T05:41:02.8597420Z   BLACKSMITH_RUNNER_ACQUIRE_JOB_MS: 689
readiness-unit-tests	Install UV	2026-10-03T05:41:02.8597936Z   GITHUB_REPO_NAME: Lumiwealth/bot_manager
readiness-unit-tests	Install UV	2026-10-03T05:41:02.8598543Z   pythonLocation: /opt/hostedtoolcache/Python/3.13.16/arm64
readiness-unit-tests	Install UV	2026-10-03T05:41:02.8599283Z   PKG_CONFIG_PATH: /opt/hostedtoolcache/Python/3.13.16/arm64/lib/pkgconfig
readiness-unit-tests	Install UV	2026-10-03T05:41:02.8600007Z   Python_ROOT_DIR: /opt/hostedtoolcache/Python/3.13.16/arm64
readiness-unit-tests	Install UV	2026-10-03T05:41:02.8600687Z   Python2_ROOT_DIR: /opt/hostedtoolcache/Python/3.13.16/arm64
readiness-unit-tests	Install UV	2026-10-03T05:41:02.8601361Z   Python3_ROOT_DIR: /opt/hostedtoolcache/Python/3.13.16/arm64
readiness-unit-tests	Install UV	2026-10-03T05:41:02.8602107Z   LD_LIBRARY_PATH: /opt/hostedtoolcache/Python/3.13.16/arm64/lib
readiness-unit-tests	Install UV	2026-10-03T05:41:02.8602687Z ##[endgroup]
readiness-unit-tests	Install UV	2026-10-03T05:41:03.0275434Z (node:3679) [DEP0040] DeprecationWarning: The `punycode` module is deprecated. Please use a userland alternative instead.
readiness-unit-tests	Install UV	2026-10-03T05:41:03.0277515Z (Use `node --trace-deprecation ...` to show where the warning was created)
readiness-unit-tests	Install UV	2026-10-03T05:41:03.0281045Z Downloading uv from "https://github.com/astral-sh/uv/releases/download/0.11.8/uv-aarch64-unknown-linux-gnu.tar.gz" ...
readiness-unit-tests	Install UV	2026-10-03T05:41:03.5234735Z [command]/usr/bin/tar xz --warning=no-unknown-keyword --overwrite -C /home/runner/_work/_temp/c0391b0c-0f07-434b-9f2a-e5e8ac6a1b74 -f /home/runner/_work/_temp/6f949032-6b3b-42f7-a5d7-0c73509ec6f6
readiness-unit-tests	Install UV	2026-10-03T05:41:04.0427935Z Added /opt/hostedtoolcache/uv/0.11.8/aarch64 to the path
readiness-unit-tests	Install UV	2026-10-03T05:41:04.0450992Z Added /home/runner/.local/bin to the path
readiness-unit-tests	Install UV	2026-10-03T05:41:04.0451690Z Successfully installed uv version 0.11.8
readiness-unit-tests	Install UV	2026-10-03T05:41:04.0488945Z Set UV_CACHE_DIR to /home/runner/_work/_temp/setup-uv-cache
readiness-unit-tests	Install UV	2026-10-03T05:41:04.0489739Z Searching files using cache dependency glob: uv.lock
readiness-unit-tests	Install UV	2026-10-03T05:41:04.0492684Z /home/runner/_work/bot_manager/bot_manager/uv.lock
readiness-unit-tests	Install UV	2026-10-03T05:41:04.0526346Z Found 1 files to hash.
readiness-unit-tests	Install UV	2026-10-03T05:41:04.0528198Z Trying to restore uv cache from GitHub Actions cache with key: setup-uv-1-aarch64-unknown-linux-gnu-0.11.8-b5a73c9e60b3d1f51a768b078414d58f1f3844dc53996b22f18be30091fb9ab8
readiness-unit-tests	Install UV	2026-10-03T05:41:04.1473148Z ##[warning]Failed to restore: Cache service responded with 400
readiness-unit-tests	Install UV	2026-10-03T05:41:04.1489985Z No GitHub Actions cache found for key: setup-uv-1-aarch64-unknown-linux-gnu-0.11.8-b5a73c9e60b3d1f51a768b078414d58f1f3844dc53996b22f18be30091fb9ab8
readiness-unit-tests	Install dependencies	﻿2026-10-03T05:41:04.1603569Z ##[group]Run uv sync --locked --python 3.13
readiness-unit-tests	Install dependencies	2026-10-03T05:41:04.1604346Z [36;1muv sync --locked --python 3.13[0m
readiness-unit-tests	Install dependencies	2026-10-03T05:41:04.1623231Z shell: /usr/bin/bash -e {0}
readiness-unit-tests	Install dependencies	2026-10-03T05:41:04.1623698Z env:
readiness-unit-tests	Install dependencies	2026-10-03T05:41:04.1624244Z   BLACKSMITH_RUNNER_MESSAGE_WAIT_MS: 216
readiness-unit-tests	Install dependencies	2026-10-03T05:41:04.1624766Z   BLACKSMITH_RUNNER_ACQUIRE_JOB_MS: 689
readiness-unit-tests	Install dependencies	2026-10-03T05:41:04.1625656Z   GITHUB_REPO_NAME: Lumiwealth/bot_manager
readiness-unit-tests	Install dependencies	2026-10-03T05:41:04.1626264Z   pythonLocation: /opt/hostedtoolcache/Python/3.13.16/arm64
readiness-unit-tests	Install dependencies	2026-10-03T05:41:04.1628880Z   PKG_CONFIG_PATH: /opt/hostedtoolcache/Python/3.13.16/arm64/lib/pkgconfig
readiness-unit-tests	Install dependencies	2026-10-03T05:41:04.1629643Z   Python_ROOT_DIR: /opt/hostedtoolcache/Python/3.13.16/arm64
readiness-unit-tests	Install dependencies	2026-10-03T05:41:04.1630323Z   Python2_ROOT_DIR: /opt/hostedtoolcache/Python/3.13.16/arm64
readiness-unit-tests	Install dependencies	2026-10-03T05:41:04.1631001Z   Python3_ROOT_DIR: /opt/hostedtoolcache/Python/3.13.16/arm64
readiness-unit-tests	Install dependencies	2026-10-03T05:41:04.1631687Z   LD_LIBRARY_PATH: /opt/hostedtoolcache/Python/3.13.16/arm64/lib
readiness-unit-tests	Install dependencies	2026-10-03T05:41:04.1632338Z   UV_CACHE_DIR: /home/runner/_work/_temp/setup-uv-cache
readiness-unit-tests	Install dependencies	2026-10-03T05:41:04.1632937Z ##[endgroup]
readiness-unit-tests	Install dependencies	2026-10-03T05:41:04.3066530Z Using CPython 3.13.16 interpreter at: /opt/hostedtoolcache/Python/3.13.16/arm64/bin/python3.13
readiness-unit-tests	Install dependencies	2026-10-03T05:41:04.3068107Z Creating virtual environment at: .venv
readiness-unit-tests	Install dependencies	2026-10-03T05:41:04.3173594Z Resolved 39 packages in 4ms
readiness-unit-tests	Install dependencies	2026-10-03T05:41:04.3349603Z    Building bot-manager @ file:///home/runner/_work/bot_manager/bot_manager
readiness-unit-tests	Install dependencies	2026-10-03T05:41:04.4178344Z Downloading pygments (1.2MiB)
readiness-unit-tests	Install dependencies	2026-10-03T05:41:04.4418954Z Downloading cryptography (4.5MiB)
readiness-unit-tests	Install dependencies	2026-10-03T05:41:04.4443187Z Downloading ruff (10.2MiB)
readiness-unit-tests	Install dependencies	2026-10-03T05:41:04.4446936Z Downloading botocore (14.9MiB)
readiness-unit-tests	Install dependencies	2026-10-03T05:41:04.4447430Z Downloading zstandard (4.8MiB)
readiness-unit-tests	Install dependencies	2026-10-03T05:41:04.4447893Z Downloading ty (11.6MiB)
readiness-unit-tests	Install dependencies	2026-10-03T05:41:04.4448362Z Downloading moto (6.3MiB)
readiness-unit-tests	Install dependencies	2026-10-03T05:41:04.9965266Z  Downloaded zstandard
readiness-unit-tests	Install dependencies	2026-10-03T05:41:05.1608889Z  Downloaded ruff
readiness-unit-tests	Install dependencies	2026-10-03T05:41:05.1648034Z  Downloaded ty
readiness-unit-tests	Install dependencies	2026-10-03T05:41:05.1802678Z  Downloaded cryptography
readiness-unit-tests	Install dependencies	2026-10-03T05:41:05.2032131Z  Downloaded pygments
readiness-unit-tests	Install dependencies	2026-10-03T05:41:05.4352013Z       Built bot-manager @ file:///home/runner/_work/bot_manager/bot_manager
readiness-unit-tests	Install dependencies	2026-10-03T05:41:05.6927363Z  Downloaded moto
readiness-unit-tests	Install dependencies	2026-10-03T05:41:05.7453180Z  Downloaded botocore
readiness-unit-tests	Install dependencies	2026-10-03T05:41:05.7456369Z Prepared 38 packages in 1.42s
readiness-unit-tests	Install dependencies	2026-10-03T05:41:05.8243395Z Installed 38 packages in 78ms
readiness-unit-tests	Install dependencies	2026-10-03T05:41:05.8244282Z  + aws-wsgi==0.2.7
readiness-unit-tests	Install dependencies	2026-10-03T05:41:05.8244948Z  + blinker==1.9.0
readiness-unit-tests	Install dependencies	2026-10-03T05:41:05.8245693Z  + bot-manager==1.0.0 (from file:///home/runner/_work/bot_manager/bot_manager)
readiness-unit-tests	Install dependencies	2026-10-03T05:41:05.8246543Z  + boto3==1.43.1
readiness-unit-tests	Install dependencies	2026-10-03T05:41:05.8247135Z  + botocore==1.43.74
readiness-unit-tests	Install dependencies	2026-10-03T05:41:05.8247694Z  + certifi==2026.7.22
readiness-unit-tests	Install dependencies	2026-10-03T05:41:05.8248260Z  + cffi==2.1.1
readiness-unit-tests	Install dependencies	2026-10-03T05:41:05.8248850Z  + charset-normalizer==3.5.1
readiness-unit-tests	Install dependencies	2026-10-03T05:41:05.8249440Z  + click==8.4.2
readiness-unit-tests	Install dependencies	2026-10-03T05:41:05.8249992Z  + cryptography==50.0.0
readiness-unit-tests	Install dependencies	2026-10-03T05:41:05.8250681Z  + execnet==2.1.2
readiness-unit-tests	Install dependencies	2026-10-03T05:41:05.8251698Z  + flask==3.1.3
readiness-unit-tests	Install dependencies	2026-10-03T05:41:05.8256001Z  + idna==3.19
readiness-unit-tests	Install dependencies	2026-10-03T05:41:05.8256615Z  + iniconfig==2.3.0
readiness-unit-tests	Install dependencies	2026-10-03T05:41:05.8257193Z  + itsdangerous==2.2.0
readiness-unit-tests	Install dependencies	2026-10-03T05:41:05.8257785Z  + jinja2==3.1.6
readiness-unit-tests	Install dependencies	2026-10-03T05:41:05.8258336Z  + jmespath==1.1.0
readiness-unit-tests	Install dependencies	2026-10-03T05:41:05.8258891Z  + markupsafe==3.0.3
readiness-unit-tests	Install dependencies	2026-10-03T05:41:05.8259466Z  + moto==5.1.22
readiness-unit-tests	Install dependencies	2026-10-03T05:41:05.8260021Z  + packaging==25.0
readiness-unit-tests	Install dependencies	2026-10-03T05:41:05.8260557Z  + pluggy==1.6.0
readiness-unit-tests	Install dependencies	2026-10-03T05:41:05.8261094Z  + pycparser==3.0
readiness-unit-tests	Install dependencies	2026-10-03T05:41:05.8261642Z  + pygments==2.21.0
readiness-unit-tests	Install dependencies	2026-10-03T05:41:05.8262199Z  + pytest==9.0.3
readiness-unit-tests	Install dependencies	2026-10-03T05:41:05.8262754Z  + pytest-xdist==3.8.0
readiness-unit-tests	Install dependencies	2026-10-03T05:41:05.8263372Z  + python-dateutil==2.9.0.post0
readiness-unit-tests	Install dependencies	2026-10-03T05:41:05.8264137Z  + python-dotenv==1.2.2
readiness-unit-tests	Install dependencies	2026-10-03T05:41:05.8264722Z  + pyyaml==6.0.3
readiness-unit-tests	Install dependencies	2026-10-03T05:41:05.8265256Z  + requests==2.33.1
readiness-unit-tests	Install dependencies	2026-10-03T05:41:05.8265812Z  + responses==0.26.2
readiness-unit-tests	Install dependencies	2026-10-03T05:41:05.8266379Z  + ruff==0.16.3
readiness-unit-tests	Install dependencies	2026-10-03T05:41:05.8267209Z  + s3transfer==0.17.1
readiness-unit-tests	Install dependencies	2026-10-03T05:41:05.8267774Z  + six==1.17.0
readiness-unit-tests	Install dependencies	2026-10-03T05:41:05.8270199Z  + ty==0.0.73
readiness-unit-tests	Install dependencies	2026-10-03T05:41:05.8270786Z  + urllib3==2.8.0
readiness-unit-tests	Install dependencies	2026-10-03T05:41:05.8271358Z  + werkzeug==3.1.8
readiness-unit-tests	Install dependencies	2026-10-03T05:41:05.8271907Z  + xmltodict==1.0.4
readiness-unit-tests	Install dependencies	2026-10-03T05:41:05.8272523Z  + zstandard==0.25.0
readiness-unit-tests	Run unit tests	﻿2026-10-03T05:41:05.8390124Z ##[group]Run uv run --locked pytest -q tests/unit
readiness-unit-tests	Run unit tests	2026-10-03T05:41:05.8390803Z [36;1muv run --locked pytest -q tests/unit[0m
readiness-unit-tests	Run unit tests	2026-10-03T05:41:05.8409134Z shell: /usr/bin/bash -e {0}
readiness-unit-tests	Run unit tests	2026-10-03T05:41:05.8409588Z env:
readiness-unit-tests	Run unit tests	2026-10-03T05:41:05.8409986Z   BLACKSMITH_RUNNER_MESSAGE_WAIT_MS: 216
readiness-unit-tests	Run unit tests	2026-10-03T05:41:05.8410490Z   BLACKSMITH_RUNNER_ACQUIRE_JOB_MS: 689
readiness-unit-tests	Run unit tests	2026-10-03T05:41:05.8411030Z   GITHUB_REPO_NAME: Lumiwealth/bot_manager
readiness-unit-tests	Run unit tests	2026-10-03T05:41:05.8411629Z   pythonLocation: /opt/hostedtoolcache/Python/3.13.16/arm64
readiness-unit-tests	Run unit tests	2026-10-03T05:41:05.8412356Z   PKG_CONFIG_PATH: /opt/hostedtoolcache/Python/3.13.16/arm64/lib/pkgconfig
readiness-unit-tests	Run unit tests	2026-10-03T05:41:05.8413087Z   Python_ROOT_DIR: /opt/hostedtoolcache/Python/3.13.16/arm64
readiness-unit-tests	Run unit tests	2026-10-03T05:41:05.8413856Z   Python2_ROOT_DIR: /opt/hostedtoolcache/Python/3.13.16/arm64
readiness-unit-tests	Run unit tests	2026-10-03T05:41:05.8414533Z   Python3_ROOT_DIR: /opt/hostedtoolcache/Python/3.13.16/arm64
readiness-unit-tests	Run unit tests	2026-10-03T05:41:05.8415222Z   LD_LIBRARY_PATH: /opt/hostedtoolcache/Python/3.13.16/arm64/lib
readiness-unit-tests	Run unit tests	2026-10-03T05:41:05.8415873Z   UV_CACHE_DIR: /home/runner/_work/_temp/setup-uv-cache
readiness-unit-tests	Run unit tests	2026-10-03T05:41:05.8416456Z ##[endgroup]
readiness-unit-tests	Run unit tests	2026-10-03T05:41:09.2308480Z 
readiness-unit-tests	Run unit tests	2026-10-03T05:41:09.2309574Z ----------------------------- live log collection ------------------------------
readiness-unit-tests	Run unit tests	2026-10-03T05:41:09.2310756Z 05:41:09 | INFO     | botocore.credentials:load:1252 - Found credentials in environment variables.
readiness-unit-tests	Run unit tests	2026-10-03T05:41:12.9376198Z 
readiness-unit-tests	Run unit tests	2026-10-03T05:41:12.9618524Z tests/unit/test_always_on_restart.py::test_approved_stopped_always_on_update_reuses_identity 
readiness-unit-tests	Run unit tests	2026-10-03T05:41:12.9620294Z -------------------------------- live log setup --------------------------------
readiness-unit-tests	Run unit tests	2026-10-03T05:41:12.9621458Z 05:41:12 | INFO     | botocore.credentials:load:1252 - Found credentials in environment variables.
readiness-unit-tests	Run unit tests	2026-10-03T05:41:13.5360944Z -------------------------------- live log call ---------------------------------
readiness-unit-tests	Run unit tests	2026-10-03T05:41:13.5362461Z 05:41:13 | INFO     | bot_manager.helpers:_broker_task_resources:2104 - Using default broker configuration for unknown broker: provider
readiness-unit-tests	Run unit tests	2026-10-03T05:41:13.5364676Z 05:41:13 | INFO     | bot_manager.helpers:add_task:8161 - Created zip file from main.py for bot-1
readiness-unit-tests	Run unit tests	2026-10-03T05:41:13.5450155Z 05:41:13 | INFO     | bot_manager.helpers:add_task:8221 - Uploaded code zip for bot-1 to s3://test-trading-bot-base/base_code/bot-1/code.zip
readiness-unit-tests	Run unit tests	2026-10-03T05:41:13.5452653Z 05:41:13 | INFO     | bot_manager.helpers:add_task:8411 - Successfully launched ECS bot task for bot-1. Task ARN: new-task
readiness-unit-tests	Run unit tests	2026-10-03T05:41:13.5487107Z PASSED                                                                   [  0%]
readiness-unit-tests	Run unit tests	2026-10-03T05:41:13.5711743Z tests/unit/test_always_on_restart.py::test_non_stopped_records_never_restart[running] 
readiness-unit-tests	Run unit tests	2026-10-03T05:41:13.5712898Z -------------------------------- live log setup --------------------------------
readiness-unit-tests	Run unit tests	2026-10-03T05:41:13.5713967Z 05:41:13 | INFO     | botocore.credentials:load:1252 - Found credentials in environment variables.
readiness-unit-tests	Run unit tests	2026-10-03T05:41:13.6680275Z PASSED                                                                   [  0%]
readiness-unit-tests	Run unit tests	2026-10-03T05:41:13.6904491Z tests/unit/test_always_on_restart.py::test_non_stopped_records_never_restart[queued] 
readiness-unit-tests	Run unit tests	2026-10-03T05:41:13.6905549Z -------------------------------- live log setup --------------------------------
readiness-unit-tests	Run unit tests	2026-10-03T05:41:13.6906661Z 05:41:13 | INFO     | botocore.credentials:load:1252 - Found credentials in environment variables.
readiness-unit-tests	Run unit tests	2026-10-03T05:41:13.7806437Z PASSED                                                                   [  0%]
readiness-unit-tests	Run unit tests	2026-10-03T05:41:13.8191935Z tests/unit/test_always_on_restart.py::test_non_stopped_records_never_restart[deploying] 
readiness-unit-tests	Run unit tests	2026-10-03T05:41:13.8193105Z -------------------------------- live log setup --------------------------------
readiness-unit-tests	Run unit tests	2026-10-03T05:41:13.8194191Z 05:41:13 | INFO     | botocore.credentials:load:1252 - Found credentials in environment variables.
readiness-unit-tests	Run unit tests	2026-10-03T05:41:13.8945849Z PASSED                                                                   [  0%]
readiness-unit-tests	Run unit tests	2026-10-03T05:41:13.9160427Z tests/unit/test_always_on_restart.py::test_non_stopped_records_never_restart[stopping] 
readiness-unit-tests	Run unit tests	2026-10-03T05:41:13.9161499Z -------------------------------- live log setup --------------------------------
readiness-unit-tests	Run unit tests	2026-10-03T05:41:13.9162763Z 05:41:13 | INFO     | botocore.credentials:load:1252 - Found credentials in environment variables.
readiness-unit-tests	Run unit tests	2026-10-03T05:41:14.0223302Z PASSED                                                                   [  0%]
readiness-unit-tests	Run unit tests	2026-10-03T05:41:14.0441524Z tests/unit/test_always_on_restart.py::test_non_stopped_records_never_restart[stop_failed] 
readiness-unit-tests	Run unit tests	2026-10-03T05:41:14.0442818Z -------------------------------- live log setup --------------------------------
readiness-unit-tests	Run unit tests	2026-10-03T05:41:14.0443941Z 05:41:14 | INFO     | botocore.credentials:load:1252 - Found credentials in environment variables.
readiness-unit-tests	Run unit tests	2026-10-03T05:41:14.1327275Z PASSED                                                                   [  0%]
readiness-unit-tests	Run unit tests	2026-10-03T05:41:14.1543045Z tests/unit/test_always_on_restart.py::test_non_stopped_records_never_restart[failed] 
readiness-unit-tests	Run unit tests	2026-10-03T05:41:14.1544432Z -------------------------------- live log setup --------------------------------
readiness-unit-tests	Run unit tests	2026-10-03T05:41:14.1545529Z 05:41:14 | INFO     | botocore.credentials:load:1252 - Found credentials in environment variables.
readiness-unit-tests	Run unit tests	2026-10-03T05:41:14.2442082Z PASSED                                                                   [  0%]
readiness-unit-tests	Run unit tests	2026-10-03T05:41:14.2822614Z tests/unit/test_always_on_restart.py::test_restart_requires_complete_matching_authority[owner_id-None] 
readiness-unit-tests	Run unit tests	2026-10-03T05:41:14.2824208Z -------------------------------- live log setup --------------------------------
readiness-unit-tests	Run unit tests	2026-10-03T05:41:14.2825316Z 05:41:14 | INFO     | botocore.credentials:load:1252 - Found credentials in environment variables.
readiness-unit-tests	Run unit tests	2026-10-03T05:41:14.3563302Z PASSED                                                                   [  0%]
readiness-unit-tests	Run unit tests	2026-10-03T05:41:14.3776821Z tests/unit/test_always_on_restart.py::test_restart_requires_complete_matching_authority[owner_id-] 
readiness-unit-tests	Run unit tests	2026-10-03T05:41:14.3778211Z -------------------------------- live log setup --------------------------------
readiness-unit-tests	Run unit tests	2026-10-03T05:41:14.3779300Z 05:41:14 | INFO     | botocore.credentials:load:1252 - Found credentials in environment variables.
readiness-unit-tests	Run unit tests	2026-10-03T05:41:14.4837982Z PASSED                                                                   [  0%]
readiness-unit-tests	Run unit tests	2026-10-03T05:41:14.5058851Z tests/unit/test_always_on_restart.py::test_restart_requires_complete_matching_authority[owner_id-foreign] 
readiness-unit-tests	Run unit tests	2026-10-03T05:41:14.5060763Z -------------------------------- live log setup --------------------------------
readiness-unit-tests	Run unit tests	2026-10-03T05:41:14.5063631Z 05:41:14 | INFO     | botocore.credentials:load:1252 - Found credentials in environment variables.
readiness-unit-tests	Run unit tests	2026-10-03T05:41:14.5946114Z PASSED                                                                   [  0%]
readiness-unit-tests	Run unit tests	2026-10-03T05:41:14.6164895Z tests/unit/test_always_on_restart.py::test_restart_requires_complete_matching_authority[deployment_id-None] 
readiness-unit-tests	Run unit tests	2026-10-03T05:41:14.6166861Z -------------------------------- live log setup --------------------------------
readiness-unit-tests	Run unit tests	2026-10-03T05:41:14.6167950Z 05:41:14 | INFO     | botocore.credentials:load:1252 - Found credentials in environment variables.
readiness-unit-tests	Run unit tests	2026-10-03T05:41:14.7049633Z PASSED                                                                   [  0%]
readiness-unit-tests	Run unit tests	2026-10-03T05:41:14.7431172Z tests/unit/test_always_on_restart.py::test_restart_requires_complete_matching_authority[deployment_id-] 
readiness-unit-tests	Run unit tests	2026-10-03T05:41:14.7436459Z -------------------------------- live log setup --------------------------------
readiness-unit-tests	Run unit tests	2026-10-03T05:41:14.7437784Z 05:41:14 | INFO     | botocore.credentials:load:1252 - Found credentials in environment variables.
readiness-unit-tests	Run unit tests	2026-10-03T05:41:14.8175031Z PASSED                                                                   [  0%]
readiness-unit-tests	Run unit tests	2026-10-03T05:41:14.8390353Z tests/unit/test_always_on_restart.py::test_restart_requires_complete_matching_authority[deployment_id-foreign] 
readiness-unit-tests	Run unit tests	2026-10-03T05:41:14.8391618Z -------------------------------- live log setup --------------------------------
readiness-unit-tests	Run unit tests	2026-10-03T05:41:14.8401337Z 05:41:14 | INFO     | botocore.credentials:load:1252 - Found credentials in environment variables.
readiness-unit-tests	Run unit tests	2026-10-03T05:41:14.9414680Z PASSED                                                                   [  0%]
readiness-unit-tests	Run unit tests	2026-10-03T05:41:14.9630497Z tests/unit/test_always_on_restart.py::test_restart_requires_complete_matching_authority[broker_credential_id-None] 
readiness-unit-tests	Run unit tests	2026-10-03T05:41:14.9631718Z -------------------------------- live log setup --------------------------------
readiness-unit-tests	Run unit tests	2026-10-03T05:41:14.9632917Z 05:41:14 | INFO     | botocore.credentials:load:1252 - Found credentials in environment variables.
readiness-unit-tests	Run unit tests	2026-10-03T05:41:15.0505419Z PASSED                                                                   [  0%]
readiness-unit-tests	Run unit tests	2026-10-03T05:41:15.0721046Z tests/unit/test_always_on_restart.py::test_restart_requires_complete_matching_authority[broker_credential_id-] 
readiness-unit-tests	Run unit tests	2026-10-03T05:41:15.0722382Z -------------------------------- live log setup --------------------------------
readiness-unit-tests	Run unit tests	2026-10-03T05:41:15.0723519Z 05:41:15 | INFO     | botocore.credentials:load:1252 - Found credentials in environment variables.
readiness-unit-tests	Run unit tests	2026-10-03T05:41:15.1612251Z PASSED                                                                   [  0%]
readiness-unit-tests	Run unit tests	2026-10-03T05:41:15.5093920Z tests/unit/test_always_on_restart.py::test_restart_requires_complete_matching_authority[broker_credential_id-foreign] 
readiness-unit-tests	Run unit tests	2026-10-03T05:41:15.5095343Z -------------------------------- live log setup --------------------------------
readiness-unit-tests	Run unit tests	2026-10-03T05:41:15.5096457Z 05:41:15 | INFO     | botocore.credentials:load:1252 - Found credentials in environment variables.
readiness-unit-tests	Run unit tests	2026-10-03T05:41:15.5894899Z PASSED                                                                   [  0%]
readiness-unit-tests	Run unit tests	2026-10-03T05:41:15.6111259Z tests/unit/test_always_on_restart.py::test_restart_requires_complete_matching_authority[approval_id-None] 
readiness-unit-tests	Run unit tests	2026-10-03T05:41:15.6112568Z -------------------------------- live log setup --------------------------------
readiness-unit-tests	Run unit tests	2026-10-03T05:41:15.6113691Z 05:41:15 | INFO     | botocore.credentials:load:1252 - Found credentials in environment variables.
readiness-unit-tests	Run unit tests	2026-10-03T05:41:15.7156260Z PASSED                                                                   [  0%]
readiness-unit-tests	Run unit tests	2026-10-03T05:41:15.7374429Z tests/unit/test_always_on_restart.py::test_restart_requires_complete_matching_authority[approval_id-] 
readiness-unit-tests	Run unit tests	2026-10-03T05:41:15.7376396Z -------------------------------- live log setup --------------------------------
readiness-unit-tests	Run unit tests	2026-10-03T05:41:15.7377486Z 05:41:15 | INFO     | botocore.credentials:load:1252 - Found credentials in environment variables.
readiness-unit-tests	Run unit tests	2026-10-03T05:41:15.8249992Z PASSED                                                                   [  0%]
readiness-unit-tests	Run unit tests	2026-10-03T05:41:15.8466498Z tests/unit/test_always_on_restart.py::test_restart_requires_trusted_service 
readiness-unit-tests	Run unit tests	2026-10-03T05:41:15.8467630Z -------------------------------- live log setup --------------------------------
readiness-unit-tests	Run unit tests	2026-10-03T05:41:15.8468735Z 05:41:15 | INFO     | botocore.credentials:load:1252 - Found credentials in environment variables.
readiness-unit-tests	Run unit tests	2026-10-03T05:41:15.9232100Z PASSED                                                                   [  1%]
readiness-unit-tests	Run unit tests	2026-10-03T05:41:15.9638523Z tests/unit/test_always_on_restart.py::test_other_lifecycle_and_legacy_records_are_not_reclaimed[change0] 
readiness-unit-tests	Run unit tests	2026-10-03T05:41:15.9639682Z -------------------------------- live log setup --------------------------------
readiness-unit-tests	Run unit tests	2026-10-03T05:41:15.9640767Z 05:41:15 | INFO     | botocore.credentials:load:1252 - Found credentials in environment variables.
readiness-unit-tests	Run unit tests	2026-10-03T05:41:16.0396876Z PASSED                                                                   [  1%]
readiness-unit-tests	Run unit tests	2026-10-03T05:41:16.0610658Z tests/unit/test_always_on_restart.py::test_other_lifecycle_and_legacy_records_are_not_reclaimed[change1] 
readiness-unit-tests	Run unit tests	2026-10-03T05:41:16.0612608Z -------------------------------- live log setup --------------------------------
readiness-unit-tests	Run unit tests	2026-10-03T05:41:16.0613754Z 05:41:16 | INFO     | botocore.credentials:load:1252 - Found credentials in environment variables.
readiness-unit-tests	Run unit tests	2026-10-03T05:41:16.1631099Z PASSED                                                                   [  1%]
readiness-unit-tests	Run unit tests	2026-10-03T05:41:16.1847361Z tests/unit/test_always_on_restart.py::test_other_lifecycle_and_legacy_records_are_not_reclaimed[change2] 
readiness-unit-tests	Run unit tests	2026-10-03T05:41:16.1848807Z -------------------------------- live log setup --------------------------------
readiness-unit-tests	Run unit tests	2026-10-03T05:41:16.1849901Z 05:41:16 | INFO     | botocore.credentials:load:1252 - Found credentials in environment variables.
readiness-unit-tests	Run unit tests	2026-10-03T05:41:16.2726843Z PASSED                                                                   [  1%]
readiness-unit-tests	Run unit tests	2026-10-03T05:41:16.2944299Z tests/unit/test_always_on_restart.py::test_other_lifecycle_and_legacy_records_are_not_reclaimed[change3] 
readiness-unit-tests	Run unit tests	2026-10-03T05:41:16.2946398Z -------------------------------- live log setup --------------------------------
readiness-unit-tests	Run unit tests	2026-10-03T05:41:16.2947726Z 05:41:16 | INFO     | botocore.credentials:load:1252 - Found credentials in environment variables.
readiness-unit-tests	Run unit tests	2026-10-03T05:41:16.3713238Z PASSED                                                                   [  1%]
readiness-unit-tests	Run unit tests	2026-10-03T05:41:16.4113788Z tests/unit/test_always_on_restart.py::test_restart_checks_all_ecs_pages[PENDING] 
readiness-unit-tests	Run unit tests	2026-10-03T05:41:16.4114820Z -------------------------------- live log setup --------------------------------
readiness-unit-tests	Run unit tests	2026-10-03T05:41:16.4115907Z 05:41:16 | INFO     | botocore.credentials:load:1252 - Found credentials in environment variables.
readiness-unit-tests	Run unit tests	2026-10-03T05:41:16.4867945Z -------------------------------- live log call ---------------------------------
readiness-unit-tests	Run unit tests	2026-10-03T05:41:16.4870302Z 05:41:16 | INFO     | bot_manager.helpers:_broker_task_resources:2104 - Using default broker configuration for unknown broker: provider
readiness-unit-tests	Run unit tests	2026-10-03T05:41:16.4871915Z 05:41:16 | INFO     | bot_manager.helpers:add_task:8161 - Created zip file from main.py for bot-1
readiness-unit-tests	Run unit tests	2026-10-03T05:41:16.4929776Z PASSED                                                                   [  1%]
readiness-unit-tests	Run unit tests	2026-10-03T05:41:16.5149094Z tests/unit/test_always_on_restart.py::test_restart_checks_all_ecs_pages[RUNNING] 
readiness-unit-tests	Run unit tests	2026-10-03T05:41:16.5150554Z -------------------------------- live log setup --------------------------------
readiness-unit-tests	Run unit tests	2026-10-03T05:41:16.5151734Z 05:41:16 | INFO     | botocore.credentials:load:1252 - Found credentials in environment variables.
readiness-unit-tests	Run unit tests	2026-10-03T05:41:16.6187485Z -------------------------------- live log call ---------------------------------
readiness-unit-tests	Run unit tests	2026-10-03T05:41:16.6188983Z 05:41:16 | INFO     | bot_manager.helpers:_broker_task_resources:2104 - Using default broker configuration for unknown broker: provider
readiness-unit-tests	Run unit tests	2026-10-03T05:41:16.6190415Z 05:41:16 | INFO     | bot_manager.helpers:add_task:8161 - Created zip file from main.py for bot-1
readiness-unit-tests	Run unit tests	2026-10-03T05:41:16.6246511Z PASSED                                                                   [  1%]
readiness-unit-tests	Run unit tests	2026-10-03T05:41:16.6467304Z tests/unit/test_always_on_restart.py::test_known_task_requires_explicit_terminal_evidence[response0] 
readiness-unit-tests	Run unit tests	2026-10-03T05:41:16.6468744Z -------------------------------- live log setup --------------------------------
readiness-unit-tests	Run unit tests	2026-10-03T05:41:16.6469855Z 05:41:16 | INFO     | botocore.credentials:load:1252 - Found credentials in environment variables.
readiness-unit-tests	Run unit tests	2026-10-03T05:41:16.7296575Z -------------------------------- live log call ---------------------------------
readiness-unit-tests	Run unit tests	2026-10-03T05:41:16.7298590Z 05:41:16 | INFO     | bot_manager.helpers:_broker_task_resources:2104 - Using default broker configuration for unknown broker: provider
readiness-unit-tests	Run unit tests	2026-10-03T05:41:16.7300018Z 05:41:16 | INFO     | bot_manager.helpers:add_task:8161 - Created zip file from main.py for bot-1
readiness-unit-tests	Run unit tests	2026-10-03T05:41:16.7339862Z PASSED                                                                   [  1%]
readiness-unit-tests	Run unit tests	2026-10-03T05:41:16.7555457Z tests/unit/test_always_on_restart.py::test_known_task_requires_explicit_terminal_evidence[response1] 
readiness-unit-tests	Run unit tests	2026-10-03T05:41:16.7556763Z -------------------------------- live log setup --------------------------------
readiness-unit-tests	Run unit tests	2026-10-03T05:41:16.7558550Z 05:41:16 | INFO     | botocore.credentials:load:1252 - Found credentials in environment variables.
readiness-unit-tests	Run unit tests	2026-10-03T05:41:16.8302624Z -------------------------------- live log call ---------------------------------
readiness-unit-tests	Run unit tests	2026-10-03T05:41:16.8304479Z 05:41:16 | INFO     | bot_manager.helpers:_broker_task_resources:2104 - Using default broker configuration for unknown broker: provider
readiness-unit-tests	Run unit tests	2026-10-03T05:41:16.8313055Z 05:41:16 | INFO     | bot_manager.helpers:add_task:8161 - Created zip file from main.py for bot-1
readiness-unit-tests	Run unit tests	2026-10-03T05:41:16.8347192Z PASSED                                                                   [  1%]
readiness-unit-tests	Run unit tests	2026-10-03T05:41:16.8744231Z tests/unit/test_always_on_restart.py::test_known_task_requires_explicit_terminal_evidence[response2] 
readiness-unit-tests	Run unit tests	2026-10-03T05:41:16.8746149Z -------------------------------- live log setup --------------------------------
readiness-unit-tests	Run unit tests	2026-10-03T05:41:16.8747502Z 05:41:16 | INFO     | botocore.credentials:load:1252 - Found credentials in environment variables.
readiness-unit-tests	Run unit tests	2026-10-03T05:41:16.9475203Z -------------------------------- live log call ---------------------------------
readiness-unit-tests	Run unit tests	2026-10-03T05:41:16.9476505Z 05:41:16 | INFO     | bot_manager.helpers:_broker_task_resources:2104 - Using default broker configuration for unknown broker: provider
readiness-unit-tests	Run unit tests	2026-10-03T05:41:16.9478203Z 05:41:16 | INFO     | bot_manager.helpers:add_task:8161 - Created zip file from main.py for bot-1
readiness-unit-tests	Run unit tests	2026-10-03T05:41:16.9519474Z PASSED                                                                   [  1%]
readiness-unit-tests	Run unit tests	2026-10-03T05:41:16.9734535Z tests/unit/test_always_on_restart.py::test_ecs_failure_cannot_claim_or_launch 
readiness-unit-tests	Run unit tests	2026-10-03T05:41:16.9736208Z -------------------------------- live log setup --------------------------------
readiness-unit-tests	Run unit tests	2026-10-03T05:41:16.9742910Z 05:41:16 | INFO     | botocore.credentials:load:1252 - Found credentials in environment variables.
readiness-unit-tests	Run unit tests	2026-10-03T05:41:17.0738307Z -------------------------------- live log call ---------------------------------
readiness-unit-tests	Run unit tests	2026-10-03T05:41:17.0740321Z 05:41:17 | INFO     | bot_manager.helpers:_broker_task_resources:2104 - Using default broker configuration for unknown broker: provider
readiness-unit-tests	Run unit tests	2026-10-03T05:41:17.0741983Z 05:41:17 | INFO     | bot_manager.helpers:add_task:8161 - Created zip file from main.py for bot-1
readiness-unit-tests	Run unit tests	2026-10-03T05:41:17.0808538Z 05:41:17 | ERROR    | bot_manager.helpers:add_task:8201 - Could not verify stopped custom deployment bot-1 for restart
readiness-unit-tests	Run unit tests	2026-10-03T05:41:17.0809608Z Traceback (most recent call last):
readiness-unit-tests	Run unit tests	2026-10-03T05:41:17.0816649Z   File "/home/runner/_work/bot_manager/bot_manager/BotManager.py", line 8192, in add_task
readiness-unit-tests	Run unit tests	2026-10-03T05:41:17.0817995Z     claimed = claim_stopped_custom_restart(
readiness-unit-tests	Run unit tests	2026-10-03T05:41:17.0818883Z         table=self.get_dynamodb_table(f"{self.environment}-trading-bots"),
readiness-unit-tests	Run unit tests	2026-10-03T05:41:17.0819699Z     ...<4 lines>...
readiness-unit-tests	Run unit tests	2026-10-03T05:41:17.0820266Z         queued=record,
readiness-unit-tests	Run unit tests	2026-10-03T05:41:17.0820839Z     )
readiness-unit-tests	Run unit tests	2026-10-03T05:41:17.0823762Z   File "/home/runner/_work/bot_manager/bot_manager/bot_manager/custom_restart.py", line 43, in claim_stopped_custom_restart
readiness-unit-tests	Run unit tests	2026-10-03T05:41:17.0825179Z     if list_active_task_arns_for_family(ecs, cluster_name=cluster, family=f"bot-{bot_id}"):
readiness-unit-tests	Run unit tests	2026-10-03T05:41:17.0826183Z        ~~~~~~~~~~~~~~~~~~~~~~~~~~~~~~~~^^^^^^^^^^^^^^^^^^^^^^^^^^^^^^^^^^^^^^^^^^^^^^^^^^^
readiness-unit-tests	Run unit tests	2026-10-03T05:41:17.0827676Z   File "/home/runner/_work/bot_manager/bot_manager/bot_manager/ecs_task_lifecycle.py", line 28, in list_active_task_arns_for_family
readiness-unit-tests	Run unit tests	2026-10-03T05:41:17.0828883Z     for task_arn in list_task_arns_for_family(
readiness-unit-tests	Run unit tests	2026-10-03T05:41:17.0829587Z                     ~~~~~~~~~~~~~~~~~~~~~~~~~^
readiness-unit-tests	Run unit tests	2026-10-03T05:41:17.0830230Z         ecs,
readiness-unit-tests	Run unit tests	2026-10-03T05:41:17.0830765Z         ^^^^
readiness-unit-tests	Run unit tests	2026-10-03T05:41:17.0831287Z     ...<2 lines>...
readiness-unit-tests	Run unit tests	2026-10-03T05:41:17.0831979Z         desired_status=desired_status,
readiness-unit-tests	Run unit tests	2026-10-03T05:41:17.0832641Z         ^^^^^^^^^^^^^^^^^^^^^^^^^^^^^^
readiness-unit-tests	Run unit tests	2026-10-03T05:41:17.0833252Z     ):
readiness-unit-tests	Run unit tests	2026-10-03T05:41:17.0833799Z     ^
readiness-unit-tests	Run unit tests	2026-10-03T05:41:17.0834804Z   File "/home/runner/_work/bot_manager/bot_manager/bot_manager/ecs_task_lifecycle.py", line 15, in list_task_arns_for_family
readiness-unit-tests	Run unit tests	2026-10-03T05:41:17.0835883Z     resp = ecs.list_tasks(**request)
readiness-unit-tests	Run unit tests	2026-10-03T05:41:17.0836890Z   File "/opt/hostedtoolcache/Python/3.13.16/arm64/lib/python3.13/unittest/mock.py", line 1169, in __call__
readiness-unit-tests	Run unit tests	2026-10-03T05:41:17.0837889Z     return self._mock_call(*args, **kwargs)
readiness-unit-tests	Run unit tests	2026-10-03T05:41:17.0838553Z            ~~~~~~~~~~~~~~~^^^^^^^^^^^^^^^^^
readiness-unit-tests	Run unit tests	2026-10-03T05:41:17.0839536Z   File "/opt/hostedtoolcache/Python/3.13.16/arm64/lib/python3.13/unittest/mock.py", line 1173, in _mock_call
readiness-unit-tests	Run unit tests	2026-10-03T05:41:17.0840559Z     return self._execute_mock_call(*args, **kwargs)
readiness-unit-tests	Run unit tests	2026-10-03T05:41:17.0841277Z            ~~~~~~~~~~~~~~~~~~~~~~~^^^^^^^^^^^^^^^^^
readiness-unit-tests	Run unit tests	2026-10-03T05:41:17.0842435Z   File "/opt/hostedtoolcache/Python/3.13.16/arm64/lib/python3.13/unittest/mock.py", line 1234, in _execute_mock_call
readiness-unit-tests	Run unit tests	2026-10-03T05:41:17.0843466Z     raise effect
readiness-unit-tests	Run unit tests	2026-10-03T05:41:17.0844063Z RuntimeError: synthetic ECS unavailable
readiness-unit-tests	Run unit tests	2026-10-03T05:41:17.0844888Z PASSED                                                                   [  1%]
readiness-unit-tests	Run unit tests	2026-10-03T05:41:17.1062458Z tests/unit/test_always_on_restart.py::test_invalid_replacement_code_does_not_claim_identity 
readiness-unit-tests	Run unit tests	2026-10-03T05:41:17.1064356Z -------------------------------- live log setup --------------------------------
readiness-unit-tests	Run unit tests	2026-10-03T05:41:17.1065477Z 05:41:17 | INFO     | botocore.credentials:load:1252 - Found credentials in environment variables.
readiness-unit-tests	Run unit tests	2026-10-03T05:41:17.4970474Z -------------------------------- live log call ---------------------------------
readiness-unit-tests	Run unit tests	2026-10-03T05:41:17.4972005Z 05:41:17 | INFO     | bot_manager.helpers:_broker_task_resources:2104 - Using default broker configuration for unknown broker: provider
readiness-unit-tests	Run unit tests	2026-10-03T05:41:17.4973763Z 05:41:17 | WARNING  | bot_manager.helpers:add_task:8159 - Rejected invalid main.py for bot-1: Python syntax error in main.py at line 1: '(' was never closed
readiness-unit-tests	Run unit tests	2026-10-03T05:41:17.5017620Z PASSED                                                                   [  1%]
readiness-unit-tests	Run unit tests	2026-10-03T05:41:17.5242384Z tests/unit/test_always_on_restart.py::test_changed_record_cannot_be_overwritten 
readiness-unit-tests	Run unit tests	2026-10-03T05:41:17.5243412Z -------------------------------- live log setup --------------------------------
readiness-unit-tests	Run unit tests	2026-10-03T05:41:17.5244500Z 05:41:17 | INFO     | botocore.credentials:load:1252 - Found credentials in environment variables.
readiness-unit-tests	Run unit tests	2026-10-03T05:41:17.6025801Z -------------------------------- live log call ---------------------------------
readiness-unit-tests	Run unit tests	2026-10-03T05:41:17.6027616Z 05:41:17 | INFO     | bot_manager.helpers:_broker_task_resources:2104 - Using default broker configuration for unknown broker: provider
readiness-unit-tests	Run unit tests	2026-10-03T05:41:17.6029035Z 05:41:17 | INFO     | bot_manager.helpers:add_task:8161 - Created zip file from main.py for bot-1
readiness-unit-tests	Run unit tests	2026-10-03T05:41:17.6151657Z PASSED                                                                   [  1%]
readiness-unit-tests	Run unit tests	2026-10-03T05:41:17.6585152Z tests/unit/test_always_on_restart.py::test_two_restart_requests_claim_once 
readiness-unit-tests	Run unit tests	2026-10-03T05:41:17.6588418Z -------------------------------- live log setup --------------------------------
readiness-unit-tests	Run unit tests	2026-10-03T05:41:17.6589759Z 05:41:17 | INFO     | botocore.credentials:load:1252 - Found credentials in environment variables.
readiness-unit-tests	Run unit tests	2026-10-03T05:41:17.7417002Z PASSED                                                                   [  1%]
readiness-unit-tests	Run unit tests	2026-10-03T05:41:17.9340406Z tests/unit/test_always_on_restart.py::test_node_shaped_approved_update_reaches_real_manager PASSED [  1%]
readiness-unit-tests	Run unit tests	2026-10-03T05:41:18.0672722Z tests/unit/test_always_on_restart.py::test_http_spoofed_approval_does_not_restart PASSED [  1%]
readiness-unit-tests	Run unit tests	2026-10-03T05:41:18.1868084Z tests/unit/test_always_on_restart.py::test_two_full_requests_launch_only_one_runtime PASSED [  1%]
readiness-unit-tests	Run unit tests	2026-10-03T05:41:18.3111269Z tests/unit/test_always_on_restart.py::test_expired_stopped_task_reference_accepts_explicit_missing PASSED [  1%]
readiness-unit-tests	Run unit tests	2026-10-03T05:41:18.4627437Z tests/unit/test_always_on_restart.py::test_duplicate_http_request_cannot_upload_or_launch_twice PASSED [  2%]
readiness-unit-tests	Run unit tests	2026-10-03T05:41:18.4956817Z tests/unit/test_backtest_artifact_checks.py::test_backtest_artifact_checks_overlap_bounded_s3_heads PASSED [  2%]
readiness-unit-tests	Run unit tests	2026-10-03T05:41:18.4998003Z tests/unit/test_backtest_artifact_checks.py::test_backtest_artifact_metadata_uses_one_prefix_listing PASSED [  2%]
readiness-unit-tests	Run unit tests	2026-10-03T05:41:18.5007655Z tests/unit/test_backtest_capacity_controller.py::test_desired_capacity_basic PASSED [  2%]
readiness-unit-tests	Run unit tests	2026-10-03T05:41:18.5017742Z tests/unit/test_backtest_capacity_controller.py::test_default_config_caps_ordinary_pool_at_twenty PASSED [  2%]
readiness-unit-tests	Run unit tests	2026-10-03T05:41:18.5027577Z tests/unit/test_backtest_capacity_controller.py::test_desired_capacity_clamps_negatives PASSED [  2%]
readiness-unit-tests	Run unit tests	2026-10-03T05:41:18.5036631Z tests/unit/test_backtest_capacity_controller.py::test_extract_bot_id_from_group PASSED [  2%]
readiness-unit-tests	Run unit tests	2026-10-03T05:41:18.5045754Z tests/unit/test_backtest_capacity_controller.py::test_is_host_lifecycle_stop PASSED [  2%]
readiness-unit-tests	Run unit tests	2026-10-03T05:41:18.5054897Z tests/unit/test_backtest_capacity_controller.py::test_extract_exit_code PASSED [  2%]
readiness-unit-tests	Run unit tests	2026-10-03T05:41:18.5074088Z tests/unit/test_backtest_capacity_controller.py::test_running_backtest_host_is_protected_before_draining PASSED [  2%]
readiness-unit-tests	Run unit tests	2026-10-03T05:41:18.5089886Z tests/unit/test_backtest_capacity_controller.py::test_running_backtest_does_not_scale_in_when_task_list_lags PASSED [  2%]
readiness-unit-tests	Run unit tests	2026-10-03T05:41:18.5113963Z tests/unit/test_backtest_capacity_controller.py::test_host_lifecycle_stop_does_not_terminate_again PASSED [  2%]
readiness-unit-tests	Run unit tests	2026-10-03T05:41:18.5132760Z tests/unit/test_backtest_capacity_controller.py::test_stale_stopped_event_cannot_reduce_capacity_for_new_backtest PASSED [  2%]
readiness-unit-tests	Run unit tests	2026-10-03T05:41:18.5152190Z tests/unit/test_backtest_capacity_controller.py::test_stopped_backtest_terminates_old_host_without_group_scale_in PASSED [  2%]
readiness-unit-tests	Run unit tests	2026-10-03T05:41:18.5171023Z tests/unit/test_backtest_capacity_controller.py::test_stopped_backtest_does_not_terminate_when_drain_is_unconfirmed PASSED [  2%]
readiness-unit-tests	Run unit tests	2026-10-03T05:41:18.5184307Z tests/unit/test_backtest_capacity_controller.py::test_pending_backtest_can_still_scale_up PASSED [  2%]
readiness-unit-tests	Run unit tests	2026-10-03T05:41:18.5203774Z tests/unit/test_backtest_capacity_controller.py::test_fargate_stopped_event_persists_reason_without_mutating_ec2_capacity PASSED [  2%]
readiness-unit-tests	Run unit tests	2026-10-03T05:41:18.5213404Z tests/unit/test_backtest_compute_tier.py::test_compute_tier_defaults_to_cp_ms_and_does_not_change_resources PASSED [  2%]
readiness-unit-tests	Run unit tests	2026-10-03T05:41:18.5222713Z tests/unit/test_backtest_compute_tier.py::test_compute_tier_xlarge_selects_cp_and_does_not_change_resources PASSED [  3%]
readiness-unit-tests	Run unit tests	2026-10-03T05:41:18.5234366Z tests/unit/test_backtest_compute_tier.py::test_compute_tier_2xlarge_selects_cp_and_does_not_change_resources PASSED [  3%]
readiness-unit-tests	Run unit tests	2026-10-03T05:41:18.5242621Z tests/unit/test_backtest_compute_tier.py::test_compute_tier_medium_selects_cp_and_does_not_change_resources PASSED [  3%]
readiness-unit-tests	Run unit tests	2026-10-03T05:41:18.5252156Z tests/unit/test_backtest_compute_tier.py::test_compute_tier_large_selects_cp_and_does_not_change_resources PASSED [  3%]
readiness-unit-tests	Run unit tests	2026-10-03T05:41:18.5264324Z tests/unit/test_backtest_compute_tier.py::test_compute_tier_accepts_c6g_names_and_legacy_c7g_aliases PASSED [  3%]
readiness-unit-tests	Run unit tests	2026-10-03T05:41:18.5277947Z tests/unit/test_backtest_compute_tier.py::test_compute_tier_mode_scale_expands_task_resources PASSED [  3%]
readiness-unit-tests	Run unit tests	2026-10-03T05:41:18.5282351Z tests/unit/test_backtest_compute_tier.py::test_compute_tier_mode_pack_does_not_expand_task_resources PASSED [  3%]
readiness-unit-tests	Run unit tests	2026-10-03T05:41:18.5292399Z tests/unit/test_backtest_compute_tier.py::test_compute_tier_scale_uses_full_box_when_resources_are_small PASSED [  3%]
readiness-unit-tests	Run unit tests	2026-10-03T05:41:18.5304126Z tests/unit/test_backtest_downloader_env.py::test_ensure_backtest_downloader_env_sets_default_base_url_in_prod PASSED [  3%]
readiness-unit-tests	Run unit tests	2026-10-03T05:41:18.5315605Z tests/unit/test_backtest_downloader_env.py::test_ensure_backtest_downloader_env_rewrites_localhost_in_prod PASSED [  3%]
readiness-unit-tests	Run unit tests	2026-10-03T05:41:18.5325588Z tests/unit/test_backtest_downloader_env.py::test_ensure_backtest_downloader_env_preserves_prod_http_downloader PASSED [  3%]
readiness-unit-tests	Run unit tests	2026-10-03T05:41:18.5336301Z tests/unit/test_backtest_downloader_env.py::test_ensure_backtest_downloader_env_rejects_non_http_scheme PASSED [  3%]
readiness-unit-tests	Run unit tests	2026-10-03T05:41:18.5346635Z tests/unit/test_backtest_downloader_env.py::test_ensure_backtest_downloader_env_preserves_dev_payload_without_manager_config PASSED [  3%]
readiness-unit-tests	Run unit tests	2026-10-03T05:41:18.5358048Z tests/unit/test_backtest_downloader_env.py::test_ensure_backtest_downloader_env_prefers_manager_config_in_dev PASSED [  3%]
readiness-unit-tests	Run unit tests	2026-10-03T05:41:18.5368612Z tests/unit/test_backtest_downloader_env.py::test_ensure_backtest_downloader_env_fails_fast_in_prod_when_api_key_missing PASSED [  3%]
readiness-unit-tests	Run unit tests	2026-10-03T05:41:18.5378794Z tests/unit/test_backtest_downloader_env.py::test_ensure_backtest_downloader_env_uses_payload_api_key_in_prod PASSED [  3%]
readiness-unit-tests	Run unit tests	2026-10-03T05:41:18.5390280Z tests/unit/test_backtest_downloader_env.py::test_ensure_backtest_downloader_env_uses_shared_secret_without_copying_plaintext PASSED [  3%]
readiness-unit-tests	Run unit tests	2026-10-03T05:41:18.5403714Z tests/unit/test_backtest_errors.py::test_get_backtest_errors_success PASSED [  3%]
readiness-unit-tests	Run unit tests	2026-10-03T05:41:18.5415869Z tests/unit/test_backtest_errors.py::test_get_backtest_errors_reads_all_pages PASSED [  4%]
readiness-unit-tests	Run unit tests	2026-10-03T05:41:18.5428409Z tests/unit/test_backtest_errors.py::test_describe_ecs_task_uses_named_primary_container PASSED [  4%]
readiness-unit-tests	Run unit tests	2026-10-03T05:41:18.5439970Z tests/unit/test_backtest_errors.py::test_get_backtest_errors_no_errors PASSED [  4%]
readiness-unit-tests	Run unit tests	2026-10-03T05:41:18.5451993Z tests/unit/test_backtest_errors.py::test_get_backtest_errors_sensitive_data_filtered PASSED [  4%]
readiness-unit-tests	Run unit tests	2026-10-03T05:41:18.5466991Z tests/unit/test_backtest_errors.py::test_get_backtest_errors_dynamodb_error PASSED [  4%]
readiness-unit-tests	Run unit tests	2026-10-03T05:41:18.5487366Z tests/unit/test_backtest_errors.py::test_get_backtest_errors_unexpected_error PASSED [  4%]
readiness-unit-tests	Run unit tests	2026-10-03T05:41:18.5501119Z tests/unit/test_backtest_errors.py::test_get_backtest_errors_redacts_unexpected_error PASSED [  4%]
readiness-unit-tests	Run unit tests	2026-10-03T05:41:18.5515116Z tests/unit/test_backtest_errors.py::test_get_backtest_progress_redacts_unexpected_error PASSED [  4%]
readiness-unit-tests	Run unit tests	2026-10-03T05:41:18.5527809Z tests/unit/test_backtest_errors.py::test_get_backtest_results_redacts_artifact_fetch_error PASSED [  4%]
readiness-unit-tests	Run unit tests	2026-10-03T05:41:18.5540479Z tests/unit/test_backtest_errors.py::test_get_status_includes_current_errors PASSED [  4%]
readiness-unit-tests	Run unit tests	2026-10-03T05:41:18.5553310Z tests/unit/test_backtest_errors.py::test_get_status_current_errors_empty_on_failure PASSED [  4%]
readiness-unit-tests	Run unit tests	2026-10-03T05:41:18.5570406Z tests/unit/test_backtest_errors.py::test_get_status_preserves_raw_error_details PASSED [  4%]
readiness-unit-tests	Run unit tests	2026-10-03T05:41:18.5587311Z tests/unit/test_backtest_errors.py::test_get_status_overlaps_terminal_artifacts_with_dynamodb_enrichment PASSED [  4%]
readiness-unit-tests	Run unit tests	2026-10-03T05:41:18.5599351Z tests/unit/test_backtest_errors.py::test_get_status_no_current_errors_for_regular_bots PASSED [  4%]
readiness-unit-tests	Run unit tests	2026-10-03T05:41:18.5614816Z tests/unit/test_backtest_errors.py::test_launch_live_task_stores_deploying_until_ecs_reports_running PASSED [  4%]
readiness-unit-tests	Run unit tests	2026-10-03T05:41:18.5634324Z tests/unit/test_backtest_errors.py::test_launch_task_fails_fast_on_invalid_ecs_parameters PASSED [  4%]
readiness-unit-tests	Run unit tests	2026-10-03T05:41:18.5653992Z tests/unit/test_backtest_errors.py::test_launch_task_retries_transient_ecs_client_error PASSED [  4%]
readiness-unit-tests	Run unit tests	2026-10-03T05:41:18.5668034Z tests/unit/test_backtest_errors.py::test_duplicate_backtest_id_cannot_relaunch_recorded_work[queued-False] PASSED [  4%]
readiness-unit-tests	Run unit tests	2026-10-03T05:41:18.5682037Z tests/unit/test_backtest_errors.py::test_duplicate_backtest_id_cannot_relaunch_recorded_work[submitting-False] PASSED [  4%]
readiness-unit-tests	Run unit tests	2026-10-03T05:41:18.5695976Z tests/unit/test_backtest_errors.py::test_duplicate_backtest_id_cannot_relaunch_recorded_work[backtesting-True] PASSED [  5%]
readiness-unit-tests	Run unit tests	2026-10-03T05:41:18.5709994Z tests/unit/test_backtest_errors.py::test_duplicate_backtest_id_cannot_relaunch_recorded_work[completed-True] PASSED [  5%]
readiness-unit-tests	Run unit tests	2026-10-03T05:41:18.5732080Z tests/unit/test_backtest_errors.py::test_unavailable_capacity_terminates_with_secret_cleanup_and_no_success PASSED [  5%]
readiness-unit-tests	Run unit tests	2026-10-03T05:41:18.5745244Z tests/unit/test_backtest_errors.py::test_get_status_marks_deploying_live_bot_running_after_ecs_start PASSED [  5%]
readiness-unit-tests	Run unit tests	2026-10-03T05:41:18.5760119Z tests/unit/test_backtest_errors.py::test_get_status_marks_regular_bot_failed_when_saved_ecs_task_is_missing PASSED [  5%]
readiness-unit-tests	Run unit tests	2026-10-03T05:41:18.5774431Z tests/unit/test_backtest_errors.py::test_get_status_preserves_timeout_stop_when_backtest_task_is_stopped PASSED [  5%]
readiness-unit-tests	Run unit tests	2026-10-03T05:41:18.5792765Z tests/unit/test_backtest_errors.py::test_get_status_preserves_pull_failure_reason_and_cleans_prestart_secret PASSED [  5%]
readiness-unit-tests	Run unit tests	2026-10-03T05:41:18.5816049Z tests/unit/test_backtest_errors.py::test_get_status_explains_clean_live_container_exit PASSED [  5%]
readiness-unit-tests	Run unit tests	2026-10-03T05:41:18.8638886Z tests/unit/test_backtest_errors.py::test_get_status_keeps_legacy_scheduled_clean_exit_scheduled PASSED [  5%]
readiness-unit-tests	Run unit tests	2026-10-03T05:41:18.8662095Z tests/unit/test_backtest_errors.py::test_get_status_marks_stale_queued_without_task_failed PASSED [  5%]
readiness-unit-tests	Run unit tests	2026-10-03T05:41:18.8834798Z tests/unit/test_backtest_errors.py::test_get_status_does_not_revive_user_stopped_scheduled_bot PASSED [  5%]
readiness-unit-tests	Run unit tests	2026-10-03T05:41:18.8849358Z tests/unit/test_backtest_errors.py::test_get_status_exposes_startup_stage_from_ecs_task[False] PASSED [  5%]
readiness-unit-tests	Run unit tests	2026-10-03T05:41:18.8863339Z tests/unit/test_backtest_errors.py::test_get_status_exposes_startup_stage_from_ecs_task[True] PASSED [  5%]
readiness-unit-tests	Run unit tests	2026-10-03T05:41:18.8878136Z tests/unit/test_backtest_errors.py::test_get_status_retries_one_fargate_pull_failure_before_user_code PASSED [  5%]
readiness-unit-tests	Run unit tests	2026-10-03T05:41:18.8907728Z tests/unit/test_backtest_errors.py::test_launch_stops_task_when_cancel_wins_after_ecs_acceptance PASSED [  5%]
readiness-unit-tests	Run unit tests	2026-10-03T05:41:18.8935512Z tests/unit/test_backtest_errors.py::test_fargate_startup_without_retrospective_pull_timestamps[identity0-PROVISIONING] PASSED [  5%]
readiness-unit-tests	Run unit tests	2026-10-03T05:41:18.8936992Z tests/unit/test_backtest_errors.py::test_fargate_startup_without_retrospective_pull_timestamps[identity0-PENDING] PASSED [  5%]
readiness-unit-tests	Run unit tests	2026-10-03T05:41:18.8943003Z tests/unit/test_backtest_errors.py::test_fargate_startup_without_retrospective_pull_timestamps[identity0-ACTIVATING] PASSED [  5%]
readiness-unit-tests	Run unit tests	2026-10-03T05:41:18.8957804Z tests/unit/test_backtest_errors.py::test_fargate_startup_without_retrospective_pull_timestamps[identity1-PROVISIONING] PASSED [  6%]
readiness-unit-tests	Run unit tests	2026-10-03T05:41:18.8971134Z tests/unit/test_backtest_errors.py::test_fargate_startup_without_retrospective_pull_timestamps[identity1-PENDING] PASSED [  6%]
readiness-unit-tests	Run unit tests	2026-10-03T05:41:18.8985469Z tests/unit/test_backtest_errors.py::test_fargate_startup_without_retrospective_pull_timestamps[identity1-ACTIVATING] PASSED [  6%]
readiness-unit-tests	Run unit tests	2026-10-03T05:41:18.9061657Z tests/unit/test_backtest_image_variant.py::test_zstd_conversion_preserves_real_decompressed_bytes_and_runtime_config PASSED [  6%]
readiness-unit-tests	Run unit tests	2026-10-03T05:41:18.9094966Z tests/unit/test_backtest_image_variant.py::test_corrupt_compressed_layer_is_rejected_before_conversion PASSED [  6%]
readiness-unit-tests	Run unit tests	2026-10-03T05:41:18.9122400Z tests/unit/test_backtest_image_variant.py::test_plain_image_cannot_be_mislabeled_as_soci PASSED [  6%]
readiness-unit-tests	Run unit tests	2026-10-03T05:41:18.9178546Z tests/unit/test_backtest_image_variant.py::test_changed_runtime_config_is_rejected PASSED [  6%]
readiness-unit-tests	Run unit tests	2026-10-03T05:41:18.9193113Z tests/unit/test_backtest_image_variant.py::test_digest_paths_cannot_escape_layout PASSED [  6%]
readiness-unit-tests	Run unit tests	2026-10-03T05:41:18.9225113Z tests/unit/test_backtest_image_variant.py::test_publication_cannot_overwrite_an_existing_tag PASSED [  6%]
readiness-unit-tests	Run unit tests	2026-10-03T05:41:18.9253584Z tests/unit/test_backtest_image_variant.py::test_publication_rejects_non_experiment_tag_before_aws PASSED [  6%]
readiness-unit-tests	Run unit tests	2026-10-03T05:41:18.9290061Z tests/unit/test_backtest_image_variant.py::test_publication_preserves_exact_manifest_and_cleanup_receipt PASSED [  6%]
readiness-unit-tests	Run unit tests	2026-10-03T05:41:18.9461323Z tests/unit/test_backtest_image_variant.py::test_failed_tag_publish_keeps_created_digest_for_cleanup PASSED [  6%]
readiness-unit-tests	Run unit tests	2026-10-03T05:41:18.9525194Z tests/unit/test_backtest_image_variant.py::test_soci_detached_index_cannot_pass_equivalence PASSED [  6%]
readiness-unit-tests	Run unit tests	2026-10-03T05:41:18.9960895Z tests/unit/test_backtest_image_variant.py::test_reuse_rejects_changed_dependencies_but_allows_backtest_telemetry PASSED [  6%]
readiness-unit-tests	Run unit tests	2026-10-03T05:41:18.9988809Z tests/unit/test_backtest_image_variant.py::test_experiment_never_emits_aws_wire_debug_logs PASSED [  6%]
readiness-unit-tests	Run unit tests	2026-10-03T05:41:19.0024389Z tests/unit/test_backtest_incident_queue_resolve_revision.py::test_resolve_revision_skips_other_agent_locks PASSED [  6%]
readiness-unit-tests	Run unit tests	2026-10-03T05:41:19.0037147Z tests/unit/test_backtest_incident_queue_resolve_revision.py::test_resolve_revision_force_overrides_locks PASSED [  6%]
readiness-unit-tests	Run unit tests	2026-10-03T05:41:19.0078851Z tests/unit/test_backtest_microvm_cleanup.py::test_deleting_image_is_polled_without_another_delete PASSED [  6%]
readiness-unit-tests	Run unit tests	2026-10-03T05:41:19.0097353Z tests/unit/test_backtest_microvm_cleanup.py::test_cleanup_deletes_only_tagged_exact_source_versions PASSED [  7%]
readiness-unit-tests	Run unit tests	2026-10-03T05:41:19.0117875Z tests/unit/test_backtest_microvm_cleanup.py::test_cleanup_cannot_use_local_identity PASSED [  7%]
readiness-unit-tests	Run unit tests	2026-10-03T05:41:19.0143902Z tests/unit/test_backtest_microvm_cleanup.py::test_cleanup_uses_service_supported_page_limits PASSED [  7%]
readiness-unit-tests	Run unit tests	2026-10-03T05:41:19.0170504Z tests/unit/test_backtest_microvm_cleanup.py::test_failed_log_export_preserves_group_and_role PASSED [  7%]
readiness-unit-tests	Run unit tests	2026-10-03T05:41:19.0186599Z tests/unit/test_backtest_microvm_contract.py::test_restored_identity_duplicate_cancel_and_terminal_events PASSED [  7%]
readiness-unit-tests	Run unit tests	2026-10-03T05:41:19.0198429Z tests/unit/test_backtest_microvm_contract.py::test_paths_cannot_escape_workspace[../main.py] PASSED [  7%]
readiness-unit-tests	Run unit tests	2026-10-03T05:41:19.0209620Z tests/unit/test_backtest_microvm_contract.py::test_paths_cannot_escape_workspace[/app/main.py] PASSED [  7%]
readiness-unit-tests	Run unit tests	2026-10-03T05:41:19.0220924Z tests/unit/test_backtest_microvm_contract.py::test_paths_cannot_escape_workspace[a/../../escape] PASSED [  7%]
readiness-unit-tests	Run unit tests	2026-10-03T05:41:19.0232488Z tests/unit/test_backtest_microvm_contract.py::test_paths_cannot_escape_workspace[a\\main.py] PASSED [  7%]
readiness-unit-tests	Run unit tests	2026-10-03T05:41:19.0243697Z tests/unit/test_backtest_microvm_contract.py::test_paths_cannot_escape_workspace[.env] PASSED [  7%]
readiness-unit-tests	Run unit tests	2026-10-03T05:41:19.0255224Z tests/unit/test_backtest_microvm_contract.py::test_paths_cannot_escape_workspace[a//b.py] PASSED [  7%]
readiness-unit-tests	Run unit tests	2026-10-03T05:41:19.0267436Z tests/unit/test_backtest_microvm_contract.py::test_supervisor_authority_is_not_an_environment_input[AWS_ACCESS_KEY_ID] PASSED [  7%]
readiness-unit-tests	Run unit tests	2026-10-03T05:41:19.0281067Z tests/unit/test_backtest_microvm_contract.py::test_supervisor_authority_is_not_an_environment_input[AWS_CONTAINER_CREDENTIALS_FULL_URI] PASSED [  7%]
readiness-unit-tests	Run unit tests	2026-10-03T05:41:19.0308163Z tests/unit/test_backtest_microvm_contract.py::test_supervisor_authority_is_not_an_environment_input[VAULT_TOKEN] PASSED [  7%]
readiness-unit-tests	Run unit tests	2026-10-03T05:41:19.0315280Z tests/unit/test_backtest_microvm_contract.py::test_supervisor_authority_is_not_an_environment_input[PYTHONPATH] PASSED [  7%]
readiness-unit-tests	Run unit tests	2026-10-03T05:41:19.0316936Z tests/unit/test_backtest_microvm_contract.py::test_supervisor_authority_is_not_an_environment_input[LD_PRELOAD] PASSED [  7%]
readiness-unit-tests	Run unit tests	2026-10-03T05:41:19.0328112Z tests/unit/test_backtest_microvm_contract.py::test_supervisor_authority_is_not_an_environment_input[BOT_MANAGER_NODE_API_KEY] PASSED [  7%]
readiness-unit-tests	Run unit tests	2026-10-03T05:41:19.0339742Z tests/unit/test_backtest_microvm_contract.py::test_limits_are_enforced_before_launch[True] PASSED [  7%]
readiness-unit-tests	Run unit tests	2026-10-03T05:41:19.0351331Z tests/unit/test_backtest_microvm_contract.py::test_limits_are_enforced_before_launch[0] PASSED [  8%]
readiness-unit-tests	Run unit tests	2026-10-03T05:41:19.0362938Z tests/unit/test_backtest_microvm_contract.py::test_limits_are_enforced_before_launch[-1] PASSED [  8%]
readiness-unit-tests	Run unit tests	2026-10-03T05:41:19.0374391Z tests/unit/test_backtest_microvm_contract.py::test_limits_are_enforced_before_launch[901] PASSED [  8%]
readiness-unit-tests	Run unit tests	2026-10-03T05:41:19.0385827Z tests/unit/test_backtest_microvm_contract.py::test_limits_are_enforced_before_launch[300] PASSED [  8%]
readiness-unit-tests	Run unit tests	2026-10-03T05:41:19.0397976Z tests/unit/test_backtest_microvm_contract.py::test_distinct_instances_start_without_previous_user_state PASSED [  8%]
readiness-unit-tests	Run unit tests	2026-10-03T05:41:19.0434398Z tests/unit/test_backtest_microvm_image.py::test_package_contains_only_declared_source_and_immutable_lumibot PASSED [  8%]
readiness-unit-tests	Run unit tests	2026-10-03T05:41:19.0461800Z tests/unit/test_backtest_microvm_image.py::test_publish_cannot_use_local_credentials_even_with_prepared_payload PASSED [  8%]
readiness-unit-tests	Run unit tests	2026-10-03T05:41:19.0472903Z tests/unit/test_backtest_microvm_image.py::test_dependency_changes_get_distinct_immutable_image_and_source_keys PASSED [  8%]
readiness-unit-tests	Run unit tests	2026-10-03T05:41:19.0484660Z tests/unit/test_backtest_microvm_image.py::test_unbounded_images_rejected_before_packaging[main-2048-libraries] PASSED [  8%]
readiness-unit-tests	Run unit tests	2026-10-03T05:41:19.0496554Z tests/unit/test_backtest_microvm_image.py::test_unbounded_images_rejected_before_packaging[aaaaaaaaaaaaaaaaaaaaaaaaaaaaaaaaaaaaaaaa-16384-libraries] PASSED [  8%]
readiness-unit-tests	Run unit tests	2026-10-03T05:41:19.0509299Z tests/unit/test_backtest_microvm_image.py::test_unbounded_images_rejected_before_packaging[aaaaaaaaaaaaaaaaaaaaaaaaaaaaaaaaaaaaaaaa-2048-user-code] PASSED [  8%]
readiness-unit-tests	Run unit tests	2026-10-03T05:41:19.0527207Z tests/unit/test_backtest_microvm_probe.py::test_probe_has_fresh_identity_and_no_runtime_credentials PASSED [  8%]
readiness-unit-tests	Run unit tests	2026-10-03T05:41:19.0554049Z tests/unit/test_backtest_microvm_probe.py::test_simulation_fixture_is_shipped_and_compiles_without_local_execution PASSED [  8%]
readiness-unit-tests	Run unit tests	2026-10-03T05:41:19.0571614Z tests/unit/test_backtest_microvm_probe.py::test_lifecycle_payloads_remain_bounded_and_credential_free[custom_dependencies] PASSED [  8%]
readiness-unit-tests	Run unit tests	2026-10-03T05:41:19.0590095Z tests/unit/test_backtest_microvm_probe.py::test_lifecycle_payloads_remain_bounded_and_credential_free[cancellation] PASSED [  8%]
readiness-unit-tests	Run unit tests	2026-10-03T05:41:19.0609097Z tests/unit/test_backtest_microvm_probe.py::test_lifecycle_payloads_remain_bounded_and_credential_free[timeout] PASSED [  8%]
readiness-unit-tests	Run unit tests	2026-10-03T05:41:19.0703260Z tests/unit/test_backtest_microvm_run.py::test_failed_execution_keeps_artifacts_and_confirms_termination PASSED [  8%]
readiness-unit-tests	Run unit tests	2026-10-03T05:41:19.0742672Z tests/unit/test_backtest_microvm_run.py::test_transport_failure_still_terminates_the_vm[2048] PASSED [  8%]
readiness-unit-tests	Run unit tests	2026-10-03T05:41:19.0784951Z tests/unit/test_backtest_microvm_run.py::test_transport_failure_still_terminates_the_vm[4096] PASSED [  9%]
readiness-unit-tests	Run unit tests	2026-10-03T05:41:19.0828011Z tests/unit/test_backtest_microvm_run.py::test_transport_failure_still_terminates_the_vm[8192] PASSED [  9%]
readiness-unit-tests	Run unit tests	2026-10-03T05:41:19.0868830Z tests/unit/test_backtest_microvm_run.py::test_unbudgeted_size_is_rejected_before_start[resources0] PASSED [  9%]
readiness-unit-tests	Run unit tests	2026-10-03T05:41:19.0908863Z tests/unit/test_backtest_microvm_run.py::test_unbudgeted_size_is_rejected_before_start[resources1] PASSED [  9%]
readiness-unit-tests	Run unit tests	2026-10-03T05:41:19.0910941Z tests/unit/test_backtest_microvm_run.py::test_unbudgeted_size_is_rejected_before_start[resources2] PASSED [  9%]
readiness-unit-tests	Run unit tests	2026-10-03T05:41:19.0926502Z tests/unit/test_backtest_microvm_run.py::test_screen_budget_exhaustion_rejects_before_start PASSED [  9%]
readiness-unit-tests	Run unit tests	2026-10-03T05:41:19.0988353Z tests/unit/test_backtest_microvm_run.py::test_cancellation_keeps_artifacts_and_terminates_owned_vm PASSED [  9%]
readiness-unit-tests	Run unit tests	2026-10-03T05:41:19.1004735Z tests/unit/test_backtest_microvm_run.py::test_proxy_token_cannot_be_sent_to_an_arbitrary_endpoint[http://localhost:8080] PASSED [  9%]
readiness-unit-tests	Run unit tests	2026-10-03T05:41:19.1020355Z tests/unit/test_backtest_microvm_run.py::test_proxy_token_cannot_be_sent_to_an_arbitrary_endpoint[evil.test] PASSED [  9%]
readiness-unit-tests	Run unit tests	2026-10-03T05:41:19.1036667Z tests/unit/test_backtest_microvm_run.py::test_proxy_token_cannot_be_sent_to_an_arbitrary_endpoint[aws.amazonaws.com@evil.test] PASSED [  9%]
readiness-unit-tests	Run unit tests	2026-10-03T05:41:19.1053175Z tests/unit/test_backtest_microvm_run.py::test_proxy_token_cannot_be_sent_to_an_arbitrary_endpoint[https://example.amazonaws.com/?token=x] PASSED [  9%]
readiness-unit-tests	Run unit tests	2026-10-03T05:41:19.1244925Z tests/unit/test_backtest_results_endpoint.py::test_backtest_results_rejects_invalid_bot_id_before_manager_call PASSED [  9%]
readiness-unit-tests	Run unit tests	2026-10-03T05:41:19.1434662Z tests/unit/test_backtest_results_endpoint.py::test_backtest_results_rejects_invalid_format PASSED [  9%]
readiness-unit-tests	Run unit tests	2026-10-03T05:41:19.1618596Z tests/unit/test_backtest_results_endpoint.py::test_backtest_results_hides_internal_error_in_production PASSED [  9%]
readiness-unit-tests	Run unit tests	2026-10-03T05:41:19.1795610Z tests/unit/test_backtest_results_endpoint.py::test_backtest_results_returns_signed_url_when_requested PASSED [  9%]
readiness-unit-tests	Run unit tests	2026-10-03T05:41:19.1976998Z tests/unit/test_backtest_results_endpoint.py::test_backtest_results_accepts_legacy_backtest_record_from_main_table PASSED [  9%]
readiness-unit-tests	Run unit tests	2026-10-03T05:41:19.2158942Z tests/unit/test_backtest_results_endpoint.py::test_backtest_results_rejects_legacy_main_table_live_bot PASSED [  9%]
readiness-unit-tests	Run unit tests	2026-10-03T05:41:19.2202879Z tests/unit/test_backtest_runtime_artifact.py::test_runtime_refresh_preserves_measured_images_snapshot_and_layer PASSED [  9%]
readiness-unit-tests	Run unit tests	2026-10-03T05:41:19.2222986Z tests/unit/test_backtest_runtime_artifact.py::test_pure_packaging_requires_complete_matching_local_receipt PASSED [  9%]
readiness-unit-tests	Run unit tests	2026-10-03T05:41:19.2241193Z tests/unit/test_backtest_runtime_artifact.py::test_image_source_guard_covers_actual_docker_copy_inputs PASSED [ 10%]
readiness-unit-tests	Run unit tests	2026-10-03T05:41:19.2255843Z tests/unit/test_backtest_runtime_artifact.py::test_immutable_publication_reuses_identical_bytes_and_rejects_collisions PASSED [ 10%]
readiness-unit-tests	Run unit tests	2026-10-03T05:41:19.2267221Z tests/unit/test_backtest_runtime_artifact.py::test_runtime_workflow_is_bounded_artifact_only_and_does_not_rebuild_images PASSED [ 10%]
readiness-unit-tests	Run unit tests	2026-10-03T05:41:19.2279092Z tests/unit/test_backtest_runtime_secrets.py::test_backtest_rejects_existing_runtime_secret_with_manager_owned_downloader_key PASSED [ 10%]
readiness-unit-tests	Run unit tests	2026-10-03T05:41:19.2302567Z tests/unit/test_backtest_runtime_secrets.py::test_backtest_existing_runtime_secret_uses_shared_downloader_secret_without_jit PASSED [ 10%]
readiness-unit-tests	Run unit tests	2026-10-03T05:41:19.2325140Z tests/unit/test_backtest_runtime_secrets.py::test_backtest_replaces_node_cache_credentials_with_scoped_session PASSED [ 10%]
readiness-unit-tests	Run unit tests	2026-10-03T05:41:19.2338970Z tests/unit/test_backtest_runtime_secrets.py::test_backtest_rejects_botspot_managed_runtime_secret_without_legacy_flag PASSED [ 10%]
readiness-unit-tests	Run unit tests	2026-10-03T05:41:19.2351964Z tests/unit/test_backtest_runtime_secrets.py::test_backtest_rejects_botspot_managed_runtime_secret_arn_without_legacy_flag PASSED [ 10%]
readiness-unit-tests	Run unit tests	2026-10-03T05:41:19.2363019Z tests/unit/test_backtest_runtime_secrets.py::test_backtest_rejects_arbitrary_existing_runtime_secret_without_legacy_flag PASSED [ 10%]
readiness-unit-tests	Run unit tests	2026-10-03T05:41:19.2374020Z tests/unit/test_backtest_runtime_secrets.py::test_backtest_rejects_managed_runtime_secret_from_wrong_environment PASSED [ 10%]
readiness-unit-tests	Run unit tests	2026-10-03T05:41:19.2385183Z tests/unit/test_backtest_runtime_secrets.py::test_backtest_rejects_managed_runtime_secret_for_different_deployment PASSED [ 10%]
readiness-unit-tests	Run unit tests	2026-10-03T05:41:19.2406061Z tests/unit/test_backtest_runtime_secrets.py::test_ordinary_backtest_without_capability_marker_does_not_mint_managed_ai PASSED [ 10%]
readiness-unit-tests	Run unit tests	2026-10-03T05:41:19.2420756Z tests/unit/test_backtest_runtime_secrets.py::test_managed_ai_backtest_surfaces_node_http_500_before_ecs_launch PASSED [ 10%]
readiness-unit-tests	Run unit tests	2026-10-03T05:41:19.2431455Z tests/unit/test_backtest_shared_cache_session.py::test_backtest_cache_session_is_scoped_and_uses_current_namespace PASSED [ 10%]
readiness-unit-tests	Run unit tests	2026-10-03T05:41:19.2441457Z tests/unit/test_backtest_shared_cache_session.py::test_backtest_cache_session_derives_environment_role_without_lambda_env PASSED [ 10%]
readiness-unit-tests	Run unit tests	2026-10-03T05:41:19.2450931Z tests/unit/test_backtest_shared_cache_session.py::test_backtest_cache_session_stays_disabled_without_a_matching_task_role PASSED [ 10%]
readiness-unit-tests	Run unit tests	2026-10-03T05:41:19.2461546Z tests/unit/test_backtest_shared_cache_session.py::test_backtest_cache_session_rejects_cross_environment_role PASSED [ 10%]
readiness-unit-tests	Run unit tests	2026-10-03T05:41:19.2473793Z tests/unit/test_backtest_shared_cache_session.py::test_backtest_cache_session_requires_complete_sts_credentials PASSED [ 10%]
readiness-unit-tests	Run unit tests	2026-10-03T05:41:19.2483935Z tests/unit/test_backtest_shared_cache_session.py::test_backtest_cache_settings_and_credentials_are_manager_owned PASSED [ 11%]
readiness-unit-tests	Run unit tests	2026-10-03T05:41:19.2526405Z tests/unit/test_backtest_snapshot_experiment.py::test_snapshot_manifest_boundary_rejects_wrong_account_environment_and_receipt PASSED [ 11%]
readiness-unit-tests	Run unit tests	2026-10-03T05:41:19.2536445Z tests/unit/test_backtest_snapshot_experiment.py::test_snapshot_deadline_escapes_retry_handlers_but_runs_finally PASSED [ 11%]
readiness-unit-tests	Run unit tests	2026-10-03T05:41:19.2557661Z tests/unit/test_backtest_snapshot_experiment.py::test_snapshot_experiment_preserves_software_and_does_not_select_shared_snapshot PASSED [ 11%]
readiness-unit-tests	Run unit tests	2026-10-03T05:41:19.2567792Z tests/unit/test_backtest_snapshot_experiment.py::test_derivation_copies_only_snapshot_selection PASSED [ 11%]
readiness-unit-tests	Run unit tests	2026-10-03T05:41:19.2579282Z tests/unit/test_backtest_snapshot_experiment.py::test_derivation_rejects_non_experiment_targets[snap-invalid-backtest-snapshot-experiment-123-1] PASSED [ 11%]
readiness-unit-tests	Run unit tests	2026-10-03T05:41:19.2591246Z tests/unit/test_backtest_snapshot_experiment.py::test_derivation_rejects_non_experiment_targets[snap-11111111111111111-production] PASSED [ 11%]
readiness-unit-tests	Run unit tests	2026-10-03T05:41:19.2602556Z tests/unit/test_backtest_snapshot_experiment.py::test_workflow_is_artifact_only_and_pins_inputs_before_credentials PASSED [ 11%]
readiness-unit-tests	Run unit tests	2026-10-03T05:41:19.5003072Z tests/unit/test_backtest_startup_timing.py::test_ecs_timings_survive_heartbeat_late_events_and_task_removal PASSED [ 11%]
readiness-unit-tests	Run unit tests	2026-10-03T05:41:19.6875032Z tests/unit/test_backtest_startup_timing.py::test_engine_phases_survive_late_rows_and_removed_tasks PASSED [ 11%]
readiness-unit-tests	Run unit tests	2026-10-03T05:41:19.8760780Z tests/unit/test_backtest_startup_timing.py::test_first_real_progress_is_immutable_and_zero_percent_is_not_advance PASSED [ 11%]
readiness-unit-tests	Run unit tests	2026-10-03T05:41:20.5252578Z tests/unit/test_backtest_startup_timing.py::test_different_task_cannot_rewrite_run_evidence PASSED [ 11%]
readiness-unit-tests	Run unit tests	2026-10-03T05:41:20.7235289Z tests/unit/test_backtest_startup_timing.py::test_replacement_task_keeps_separate_attempt_timings PASSED [ 11%]
readiness-unit-tests	Run unit tests	2026-10-03T05:41:20.8867848Z tests/unit/test_backtest_startup_timing.py::test_snapshotter_is_durable_first_wins_and_metadata_is_not_retained PASSED [ 11%]
readiness-unit-tests	Run unit tests	2026-10-03T05:41:21.0345728Z tests/unit/test_backtest_startup_timing.py::test_snapshotter_probe_rejects_non_metadata_destinations[https://example.com/v4/task] PASSED [ 11%]
readiness-unit-tests	Run unit tests	2026-10-03T05:41:21.1815715Z tests/unit/test_backtest_startup_timing.py::test_snapshotter_probe_rejects_non_metadata_destinations[http://169.254.170.2/v2/credentials/x] PASSED [ 11%]
readiness-unit-tests	Run unit tests	2026-10-03T05:41:21.3373441Z tests/unit/test_backtest_startup_timing.py::test_snapshotter_probe_rejects_non_metadata_destinations[http://169.254.170.2/v4/task?secret=x] PASSED [ 11%]
readiness-unit-tests	Run unit tests	2026-10-03T05:41:21.4980653Z tests/unit/test_backtest_startup_timing.py::test_snapshotter_probe_rejects_non_metadata_destinations[http://169.254.170.2:80/v4/task] PASSED [ 11%]
readiness-unit-tests	Run unit tests	2026-10-03T05:41:21.6651643Z tests/unit/test_backtest_startup_timing.py::test_snapshotter_probe_rejects_non_metadata_destinations[http://169.254.170.2/v4/../credentials] PASSED [ 12%]
readiness-unit-tests	Run unit tests	2026-10-03T05:41:21.8323168Z tests/unit/test_backtest_startup_timing.py::test_snapshotter_probe_rejects_non_metadata_destinations[http://user@169.254.170.2/v4/task] PASSED [ 12%]
readiness-unit-tests	Run unit tests	2026-10-03T05:41:22.0026492Z tests/unit/test_backtest_startup_timing.py::test_snapshotter_invalid_metadata_does_not_break_backtest[invalid-json] PASSED [ 12%]
readiness-unit-tests	Run unit tests	2026-10-03T05:41:22.7876499Z tests/unit/test_backtest_startup_timing.py::test_snapshotter_invalid_metadata_does_not_break_backtest[missing] PASSED [ 12%]
readiness-unit-tests	Run unit tests	2026-10-03T05:41:22.9449495Z tests/unit/test_backtest_startup_timing.py::test_snapshotter_invalid_metadata_does_not_break_backtest[unknown] PASSED [ 12%]
readiness-unit-tests	Run unit tests	2026-10-03T05:41:23.0978791Z tests/unit/test_backtest_startup_timing.py::test_snapshotter_invalid_metadata_does_not_break_backtest[oversized] PASSED [ 12%]
readiness-unit-tests	Run unit tests	2026-10-03T05:41:23.0991328Z tests/unit/test_backtest_warm_pool_config.py::test_prod_default_backtest_warm_pool_prepares_one_stopped_host PASSED [ 12%]
readiness-unit-tests	Run unit tests	2026-10-03T05:41:23.1003103Z tests/unit/test_backtest_warm_pool_config.py::test_zero_spare_backtest_pool_allows_ecs_to_scale_to_zero PASSED [ 12%]
readiness-unit-tests	Run unit tests	2026-10-03T05:41:23.1036672Z tests/unit/test_bootstrap_base_notifications.py::test_native_mcp_renewal_recognizes_nested_transport_401 PASSED [ 12%]
readiness-unit-tests	Run unit tests	2026-10-03T05:41:23.1067056Z tests/unit/test_bootstrap_base_notifications.py::test_native_mcp_compatibility_adapter_expires_after_pinned_package PASSED [ 12%]
readiness-unit-tests	Run unit tests	2026-10-03T05:41:23.1085090Z tests/unit/test_bootstrap_base_notifications.py::test_failed_native_run_keeps_memory_without_committing_trading_state PASSED [ 12%]
readiness-unit-tests	Run unit tests	2026-10-03T05:41:23.1103170Z tests/unit/test_bootstrap_base_notifications.py::test_failed_run_checkpoint_error_preserves_original_failure PASSED [ 12%]
readiness-unit-tests	Run unit tests	2026-10-03T05:41:23.1120255Z tests/unit/test_bootstrap_base_notifications.py::test_successful_run_still_checkpoints_state_and_memory PASSED [ 12%]
readiness-unit-tests	Run unit tests	2026-10-03T05:41:23.1135538Z tests/unit/test_bootstrap_base_notifications.py::test_should_send_failure_notification_default PASSED [ 12%]
readiness-unit-tests	Run unit tests	2026-10-03T05:41:23.1151811Z tests/unit/test_bootstrap_base_notifications.py::test_scheduled_telemetry_preserves_launch_identity_at_terminal_time PASSED [ 12%]
readiness-unit-tests	Run unit tests	2026-10-03T05:41:23.1167999Z tests/unit/test_bootstrap_base_notifications.py::test_should_send_failure_notification_suppressed[1] PASSED [ 12%]
readiness-unit-tests	Run unit tests	2026-10-03T05:41:23.1184691Z tests/unit/test_bootstrap_base_notifications.py::test_should_send_failure_notification_suppressed[true] PASSED [ 12%]
readiness-unit-tests	Run unit tests	2026-10-03T05:41:23.1201035Z tests/unit/test_bootstrap_base_notifications.py::test_should_send_failure_notification_suppressed[TRUE] PASSED [ 12%]
readiness-unit-tests	Run unit tests	2026-10-03T05:41:23.1217133Z tests/unit/test_bootstrap_base_notifications.py::test_should_send_failure_notification_suppressed[yes] PASSED [ 13%]
readiness-unit-tests	Run unit tests	2026-10-03T05:41:23.1233298Z tests/unit/test_bootstrap_base_notifications.py::test_should_send_failure_notification_suppressed[y] PASSED [ 13%]
readiness-unit-tests	Run unit tests	2026-10-03T05:41:23.1249072Z tests/unit/test_bootstrap_base_notifications.py::test_should_send_failure_notification_suppressed[on] PASSED [ 13%]
readiness-unit-tests	Run unit tests	2026-10-03T05:41:23.1266241Z tests/unit/test_bootstrap_base_notifications.py::test_should_send_failure_notification_not_suppressed[0] PASSED [ 13%]
readiness-unit-tests	Run unit tests	2026-10-03T05:41:23.1282945Z tests/unit/test_bootstrap_base_notifications.py::test_should_send_failure_notification_not_suppressed[false] PASSED [ 13%]
readiness-unit-tests	Run unit tests	2026-10-03T05:41:23.1299475Z tests/unit/test_bootstrap_base_notifications.py::test_should_send_failure_notification_not_suppressed[FALSE] PASSED [ 13%]
readiness-unit-tests	Run unit tests	2026-10-03T05:41:23.1316076Z tests/unit/test_bootstrap_base_notifications.py::test_should_send_failure_notification_not_suppressed[no] PASSED [ 13%]
readiness-unit-tests	Run unit tests	2026-10-03T05:41:23.1332190Z tests/unit/test_bootstrap_base_notifications.py::test_should_send_failure_notification_not_suppressed[n] PASSED [ 13%]
readiness-unit-tests	Run unit tests	2026-10-03T05:41:23.1348410Z tests/unit/test_bootstrap_base_notifications.py::test_should_send_failure_notification_not_suppressed[off] PASSED [ 13%]
readiness-unit-tests	Run unit tests	2026-10-03T05:41:23.1365705Z tests/unit/test_bootstrap_base_notifications.py::test_send_failure_notification_skips_lambda_invoke_when_suppressed PASSED [ 13%]
readiness-unit-tests	Run unit tests	2026-10-03T05:41:23.1383150Z tests/unit/test_bootstrap_base_notifications.py::test_send_failure_notification_invokes_lambda_by_default PASSED [ 13%]
readiness-unit-tests	Run unit tests	2026-10-03T05:41:23.1399391Z tests/unit/test_bootstrap_base_notifications.py::test_handle_live_process_exit_completes_portfolio_snapshot_workload PASSED [ 13%]
readiness-unit-tests	Run unit tests	2026-10-03T05:41:23.1416304Z tests/unit/test_bootstrap_base_notifications.py::test_handle_live_process_exit_still_fails_regular_live_bot PASSED [ 13%]
readiness-unit-tests	Run unit tests	2026-10-03T05:41:23.1462009Z tests/unit/test_bootstrap_base_notifications.py::test_live_artifact_error_completion_routes_through_live_exit_handler PASSED [ 13%]
readiness-unit-tests	Run unit tests	2026-10-03T05:41:23.1484680Z tests/unit/test_bootstrap_base_notifications.py::test_notify_broker_snapshot_run_status_posts_run_bound_callback_without_service_secret PASSED [ 13%]
readiness-unit-tests	Run unit tests	2026-10-03T05:41:23.1503555Z tests/unit/test_bootstrap_base_notifications.py::test_notify_broker_snapshot_run_status_reports_failure PASSED [ 13%]
readiness-unit-tests	Run unit tests	2026-10-03T05:41:23.1522555Z tests/unit/test_bootstrap_base_notifications.py::test_notify_broker_snapshot_run_status_reports_error_code PASSED [ 13%]
readiness-unit-tests	Run unit tests	2026-10-03T05:41:23.1543645Z tests/unit/test_bootstrap_base_notifications.py::test_notify_deployment_runtime_observation_uses_deployment_bound_runtime_capability PASSED [ 13%]
readiness-unit-tests	Run unit tests	2026-10-03T05:41:23.1562555Z tests/unit/test_bootstrap_base_notifications.py::test_notify_deployment_runtime_observation_records_requested_memory PASSED [ 13%]
readiness-unit-tests	Run unit tests	2026-10-03T05:41:23.1581938Z tests/unit/test_bootstrap_base_notifications.py::test_notify_deployment_runtime_observation_covers_live_bot_sessions PASSED [ 14%]
readiness-unit-tests	Run unit tests	2026-10-03T05:41:23.1599794Z tests/unit/test_bootstrap_base_notifications.py::test_exact_scheduled_runtime_support_fails_closed_without_lumibot_hook PASSED [ 14%]
readiness-unit-tests	Run unit tests	2026-10-03T05:41:23.1620181Z tests/unit/test_bootstrap_base_notifications.py::test_safe_extract_zip_rejects_path_traversal PASSED [ 14%]
readiness-unit-tests	Run unit tests	2026-10-03T05:41:23.1638793Z tests/unit/test_bootstrap_base_notifications.py::test_install_requirements_skips_missing_and_empty_files PASSED [ 14%]
readiness-unit-tests	Run unit tests	2026-10-03T05:41:23.1656925Z tests/unit/test_bootstrap_base_notifications.py::test_install_requirements_requires_verified_wheelhouse PASSED [ 14%]
readiness-unit-tests	Run unit tests	2026-10-03T05:41:23.1690989Z tests/unit/test_bootstrap_base_notifications.py::test_install_requirements_uses_verified_uv_offline_wheelhouse PASSED [ 14%]
readiness-unit-tests	Run unit tests	2026-10-03T05:41:23.1711699Z tests/unit/test_bootstrap_base_notifications.py::test_safe_extract_zip_rejects_symlink_without_echoing_name PASSED [ 14%]
readiness-unit-tests	Run unit tests	2026-10-03T05:41:23.1731786Z tests/unit/test_bootstrap_base_notifications.py::test_safe_extract_zip_rejects_non_posix_member_names[nested\\main.py] PASSED [ 14%]
readiness-unit-tests	Run unit tests	2026-10-03T05:41:23.1752200Z tests/unit/test_bootstrap_base_notifications.py::test_safe_extract_zip_rejects_non_posix_member_names[C:/main.py] PASSED [ 14%]
readiness-unit-tests	Run unit tests	2026-10-03T05:41:23.1772400Z tests/unit/test_bootstrap_base_notifications.py::test_safe_extract_zip_rejects_non_posix_member_names[safe//main.py] PASSED [ 14%]
readiness-unit-tests	Run unit tests	2026-10-03T05:41:23.1794182Z tests/unit/test_bootstrap_base_notifications.py::test_safe_extract_zip_allows_main_py PASSED [ 14%]
readiness-unit-tests	Run unit tests	2026-10-03T05:41:23.1813826Z tests/unit/test_bootstrap_base_notifications.py::test_iter_live_artifact_files_skips_symlink_files PASSED [ 14%]
readiness-unit-tests	Run unit tests	2026-10-03T05:41:23.1984048Z tests/unit/test_bootstrap_base_notifications.py::test_run_logged_command_persists_redacted_output PASSED [ 14%]
readiness-unit-tests	Run unit tests	2026-10-03T05:41:23.2009172Z tests/unit/test_bootstrap_base_notifications.py::test_run_user_code_strips_aws_credential_and_metadata_env PASSED [ 14%]
readiness-unit-tests	Run unit tests	2026-10-03T05:41:23.2033026Z tests/unit/test_bootstrap_base_notifications.py::test_run_user_code_uses_scheduled_launcher_for_scheduled_execution PASSED [ 14%]
readiness-unit-tests	Run unit tests	2026-10-03T05:41:23.2057222Z tests/unit/test_bootstrap_base_notifications.py::test_run_user_code_uses_launcher_for_always_on_execution PASSED [ 14%]
readiness-unit-tests	Run unit tests	2026-10-03T05:41:23.2080197Z tests/unit/test_bootstrap_base_notifications.py::test_run_user_code_preserves_direct_path_for_non_ibkr_always_on PASSED [ 14%]
readiness-unit-tests	Run unit tests	2026-10-03T05:41:23.2665566Z tests/unit/test_bootstrap_base_notifications.py::test_user_code_launcher_patches_ibkr_mapping_order_lookup PASSED [ 14%]
readiness-unit-tests	Run unit tests	2026-10-03T05:41:23.3163419Z tests/unit/test_bootstrap_base_notifications.py::test_user_code_launcher_ibkr_mapping_lookup_returns_none_when_missing PASSED [ 15%]
readiness-unit-tests	Run unit tests	2026-10-03T05:41:23.3684405Z tests/unit/test_bootstrap_base_notifications.py::test_user_code_launcher_skips_ibkr_patch_for_fixed_lumibot PASSED [ 15%]
readiness-unit-tests	Run unit tests	2026-10-03T05:41:23.3708466Z tests/unit/test_bootstrap_base_notifications.py::test_run_user_code_does_not_fail_clean_exit_because_stdout_contains_traceback PASSED [ 15%]
readiness-unit-tests	Run unit tests	2026-10-03T05:41:23.3815928Z tests/unit/test_bootstrap_base_notifications.py::test_run_user_code_coalesces_high_rate_repeated_output_without_losing_diagnostics PASSED [ 15%]
readiness-unit-tests	Run unit tests	2026-10-03T05:41:23.3832617Z tests/unit/test_bootstrap_base_notifications.py::test_runtime_log_coalescer_resamples_repeated_output_after_each_window PASSED [ 15%]
readiness-unit-tests	Run unit tests	2026-10-03T05:41:23.3849076Z tests/unit/test_bootstrap_base_notifications.py::test_runtime_log_coalescer_bounds_tracked_keys_and_flushes_evicted_summary PASSED [ 15%]
readiness-unit-tests	Run unit tests	2026-10-03T05:41:23.3872138Z tests/unit/test_bootstrap_base_notifications.py::test_run_user_code_preserves_nonzero_exit_status PASSED [ 15%]
readiness-unit-tests	Run unit tests	2026-10-03T05:41:23.4405683Z tests/unit/test_bootstrap_base_notifications.py::test_scheduled_user_code_launcher_defaults_trader_run_all_to_run_once PASSED [ 15%]
readiness-unit-tests	Run unit tests	2026-10-03T05:41:23.4928495Z tests/unit/test_bootstrap_base_notifications.py::test_continuous_window_launcher_keeps_trader_alive PASSED [ 15%]
readiness-unit-tests	Run unit tests	2026-10-03T05:41:23.4944859Z tests/unit/test_bootstrap_base_notifications.py::test_continuous_window_end_handles_normal_overnight_and_dst PASSED [ 15%]
readiness-unit-tests	Run unit tests	2026-10-03T05:41:23.4962527Z tests/unit/test_bootstrap_base_notifications.py::test_continuous_window_end_terminates_then_marks_the_process_successful PASSED [ 15%]
readiness-unit-tests	Run unit tests	2026-10-03T05:41:23.5518969Z tests/unit/test_bootstrap_base_notifications.py::test_scheduled_user_code_launcher_leaves_cloud_publication_to_lumibot PASSED [ 15%]
readiness-unit-tests	Run unit tests	2026-10-03T05:41:23.6068347Z tests/unit/test_bootstrap_base_notifications.py::test_scheduled_user_code_launcher_preserves_explicit_run_once_false PASSED [ 15%]
readiness-unit-tests	Run unit tests	2026-10-03T05:41:23.6069773Z tests/unit/test_bootstrap_base_notifications.py::test_run_user_code_redacts_fetched_secret_values_from_stdout PASSED [ 15%]
readiness-unit-tests	Run unit tests	2026-10-03T05:41:23.6108670Z tests/unit/test_bootstrap_base_notifications.py::test_run_user_code_redacts_botspot_runtime_secret_values_from_stdout PASSED [ 15%]
readiness-unit-tests	Run unit tests	2026-10-03T05:41:23.6110872Z tests/unit/test_bootstrap_base_notifications.py::test_handle_secret_fetch_suppresses_email_when_bot_stopped PASSED [ 15%]
readiness-unit-tests	Run unit tests	2026-10-03T05:41:23.6124778Z tests/unit/test_bootstrap_base_notifications.py::test_handle_secret_fetch_sends_email_when_bot_running PASSED [ 15%]
readiness-unit-tests	Run unit tests	2026-10-03T05:41:23.6145333Z tests/unit/test_bootstrap_base_notifications.py::test_handle_secret_fetch_logs_no_runtime_secret_when_unconfigured PASSED [ 15%]
readiness-unit-tests	Run unit tests	2026-10-03T05:41:23.6165396Z tests/unit/test_bootstrap_base_notifications.py::test_handle_secret_fetch_logs_botspot_runtime_secret_when_configured PASSED [ 16%]
readiness-unit-tests	Run unit tests	2026-10-03T05:41:23.6182600Z tests/unit/test_bootstrap_base_notifications.py::test_cleanup_my_secret_skips_vault_managed_runtime_secret PASSED [ 16%]
readiness-unit-tests	Run unit tests	2026-10-03T05:41:23.6201842Z tests/unit/test_bootstrap_base_notifications.py::test_fetch_and_set_botspot_runtime_secrets_tries_cross_account_arn_first PASSED [ 16%]
readiness-unit-tests	Run unit tests	2026-10-03T05:41:23.6221206Z tests/unit/test_bootstrap_base_notifications.py::test_fetch_and_set_botspot_runtime_secrets_rejects_durable_vault_path PASSED [ 16%]
readiness-unit-tests	Run unit tests	2026-10-03T05:41:23.6241267Z tests/unit/test_bootstrap_base_notifications.py::test_scheduled_status_updates_current_task_arn PASSED [ 16%]
readiness-unit-tests	Run unit tests	2026-10-03T05:41:23.6259402Z tests/unit/test_bootstrap_base_notifications.py::test_scheduled_status_records_succeeded_with_artifact_errors PASSED [ 16%]
readiness-unit-tests	Run unit tests	2026-10-03T05:41:23.6278482Z tests/unit/test_bootstrap_base_notifications.py::test_scheduled_final_status_converts_float_extra_data_for_dynamodb PASSED [ 16%]
readiness-unit-tests	Run unit tests	2026-10-03T05:41:23.6296490Z tests/unit/test_bootstrap_base_notifications.py::test_terminal_runtime_observation_survives_dynamodb_status_failure PASSED [ 16%]
readiness-unit-tests	Run unit tests	2026-10-03T05:41:23.6387608Z tests/unit/test_bootstrap_base_notifications.py::test_scheduled_market_closed_noop_ignores_lumibot_log_text PASSED [ 16%]
readiness-unit-tests	Run unit tests	2026-10-03T05:41:23.6465292Z tests/unit/test_bootstrap_base_notifications.py::test_scheduled_market_closed_noop_bridge_requires_only_agent_detail_missing PASSED [ 16%]
readiness-unit-tests	Run unit tests	2026-10-03T05:41:23.6539813Z tests/unit/test_bootstrap_base_notifications.py::test_scheduled_market_closed_noop_prefers_structured_timing PASSED [ 16%]
readiness-unit-tests	Run unit tests	2026-10-03T05:41:23.6557253Z tests/unit/test_bootstrap_base_notifications.py::test_store_scheduled_run_skipped_persists_extra_metadata PASSED [ 16%]
readiness-unit-tests	Run unit tests	2026-10-03T05:41:23.6575162Z tests/unit/test_bootstrap_base_notifications.py::test_current_ecs_task_arn_rejects_unexpected_metadata_uri PASSED [ 16%]
readiness-unit-tests	Run unit tests	2026-10-03T05:41:23.6592217Z tests/unit/test_bootstrap_base_notifications.py::test_scheduled_lock_skip_preserves_successful_task_arn PASSED [ 16%]
readiness-unit-tests	Run unit tests	2026-10-03T05:41:23.6608677Z tests/unit/test_bootstrap_base_notifications.py::test_scheduled_lock_skip_does_not_clear_running_once PASSED [ 16%]
readiness-unit-tests	Run unit tests	2026-10-03T05:41:23.6627794Z tests/unit/test_bootstrap_base_notifications.py::test_scheduled_run_started_does_not_resurrect_failed_bot PASSED [ 16%]
readiness-unit-tests	Run unit tests	2026-10-03T05:41:23.6644926Z tests/unit/test_bootstrap_base_notifications.py::test_disable_scheduled_rule_after_failure_is_noop PASSED [ 16%]
readiness-unit-tests	Run unit tests	2026-10-03T05:41:23.6671026Z tests/unit/test_bootstrap_base_notifications.py::test_prepare_and_persist_scheduled_state PASSED [ 16%]
readiness-unit-tests	Run unit tests	2026-10-03T05:41:23.6708589Z tests/unit/test_bootstrap_base_notifications.py::test_scheduled_state_defaults_are_backend_aware PASSED [ 17%]
readiness-unit-tests	Run unit tests	2026-10-03T05:41:23.6726195Z tests/unit/test_bootstrap_base_notifications.py::test_scheduled_state_rejects_oversized_dynamodb_override PASSED [ 17%]
readiness-unit-tests	Run unit tests	2026-10-03T05:41:23.6745140Z tests/unit/test_bootstrap_base_notifications.py::test_scheduled_state_accepts_payload_above_legacy_64_kib_limit PASSED [ 17%]
readiness-unit-tests	Run unit tests	2026-10-03T05:41:23.6763290Z tests/unit/test_bootstrap_base_notifications.py::test_scheduled_state_rejects_s3_object_above_64_mib PASSED [ 17%]
readiness-unit-tests	Run unit tests	2026-10-03T05:41:23.6784870Z tests/unit/test_bootstrap_base_notifications.py::test_prepare_scheduled_state_writes_empty_file_when_remote_state_missing PASSED [ 17%]
readiness-unit-tests	Run unit tests	2026-10-03T05:41:23.6819042Z tests/unit/test_bootstrap_base_notifications.py::test_prepare_and_persist_scheduled_memory PASSED [ 17%]
readiness-unit-tests	Run unit tests	2026-10-03T05:41:23.6836702Z tests/unit/test_bootstrap_base_notifications.py::test_scheduled_runtime_persistence_attempts_memory_after_state_failure PASSED [ 17%]
readiness-unit-tests	Run unit tests	2026-10-03T05:41:23.6862326Z tests/unit/test_bootstrap_base_notifications.py::test_upload_live_artifacts_publishes_logs_agent_files_and_manifest PASSED [ 17%]
readiness-unit-tests	Run unit tests	2026-10-03T05:41:23.6880680Z tests/unit/test_bootstrap_base_notifications.py::test_upload_live_artifacts_rejects_unsafe_extra_dir_labels PASSED [ 17%]
readiness-unit-tests	Run unit tests	2026-10-03T05:41:23.6900987Z tests/unit/test_bootstrap_base_notifications.py::test_prepare_scheduled_state_rejects_sensitive_loaded_state PASSED [ 17%]
readiness-unit-tests	Run unit tests	2026-10-03T05:41:23.6921552Z tests/unit/test_bootstrap_base_notifications.py::test_prepare_scheduled_state_rejects_oversized_loaded_state PASSED [ 17%]
readiness-unit-tests	Run unit tests	2026-10-03T05:41:23.6965354Z tests/unit/test_bootstrap_base_notifications.py::test_scheduled_state_helper_save_validates_before_local_write PASSED [ 17%]
readiness-unit-tests	Run unit tests	2026-10-03T05:41:23.6985273Z tests/unit/test_bootstrap_base_notifications.py::test_acquire_and_release_scheduled_run_lock PASSED [ 17%]
readiness-unit-tests	Run unit tests	2026-10-03T05:41:23.7003698Z tests/unit/test_bootstrap_base_notifications.py::test_acquire_scheduled_run_lock_rejects_active_lock PASSED [ 17%]
readiness-unit-tests	Run unit tests	2026-10-03T05:41:23.7022886Z tests/unit/test_bootstrap_base_notifications.py::test_acquire_scheduled_run_lock_replaces_stale_versioned_lock PASSED [ 17%]
readiness-unit-tests	Run unit tests	2026-10-03T05:41:23.7042190Z tests/unit/test_bootstrap_base_notifications.py::test_release_scheduled_run_lock_does_not_delete_changed_owner PASSED [ 17%]
readiness-unit-tests	Run unit tests	2026-10-03T05:41:23.7061409Z tests/unit/test_bootstrap_base_notifications.py::test_release_scheduled_run_lock_does_not_delete_changed_version PASSED [ 17%]
readiness-unit-tests	Run unit tests	2026-10-03T05:41:23.7080811Z tests/unit/test_bootstrap_base_notifications.py::test_acquire_scheduled_run_lock_refuses_stale_unversioned_lock PASSED [ 17%]
readiness-unit-tests	Run unit tests	2026-10-03T05:41:23.7100523Z tests/unit/test_bootstrap_base_notifications.py::test_persist_scheduled_state_rejects_sensitive_state_keys PASSED [ 18%]
readiness-unit-tests	Run unit tests	2026-10-03T05:41:23.7117509Z tests/unit/test_bootstrap_base_notifications.py::test_serialize_scheduled_state_accepts_benign_session_date PASSED [ 18%]
readiness-unit-tests	Run unit tests	2026-10-03T05:41:23.7135226Z tests/unit/test_bootstrap_base_notifications.py::test_scheduled_state_accepts_native_email_receipt[parent] PASSED [ 18%]
readiness-unit-tests	Run unit tests	2026-10-03T05:41:23.7173447Z tests/unit/test_bootstrap_base_notifications.py::test_scheduled_state_accepts_native_email_receipt[child] PASSED [ 18%]
readiness-unit-tests	Run unit tests	2026-10-03T05:41:23.7192226Z tests/unit/test_bootstrap_base_notifications.py::test_native_email_receipt_exception_preserves_secret_rejection[email_address-parent] PASSED [ 18%]
readiness-unit-tests	Run unit tests	2026-10-03T05:41:23.7230753Z tests/unit/test_bootstrap_base_notifications.py::test_native_email_receipt_exception_preserves_secret_rejection[email_address-child] PASSED [ 18%]
readiness-unit-tests	Run unit tests	2026-10-03T05:41:23.7249066Z tests/unit/test_bootstrap_base_notifications.py::test_native_email_receipt_exception_preserves_secret_rejection[short_hash-parent] PASSED [ 18%]
readiness-unit-tests	Run unit tests	2026-10-03T05:41:23.7287011Z tests/unit/test_bootstrap_base_notifications.py::test_native_email_receipt_exception_preserves_secret_rejection[short_hash-child] PASSED [ 18%]
readiness-unit-tests	Run unit tests	2026-10-03T05:41:23.7305560Z tests/unit/test_bootstrap_base_notifications.py::test_native_email_receipt_exception_preserves_secret_rejection[extra_secret-parent] PASSED [ 18%]
readiness-unit-tests	Run unit tests	2026-10-03T05:41:23.7344200Z tests/unit/test_bootstrap_base_notifications.py::test_native_email_receipt_exception_preserves_secret_rejection[extra_secret-child] PASSED [ 18%]
readiness-unit-tests	Run unit tests	2026-10-03T05:41:23.7363192Z tests/unit/test_bootstrap_base_notifications.py::test_native_email_receipt_exception_preserves_secret_rejection[raw_fingerprint-parent] PASSED [ 18%]
readiness-unit-tests	Run unit tests	2026-10-03T05:41:23.7402113Z tests/unit/test_bootstrap_base_notifications.py::test_native_email_receipt_exception_preserves_secret_rejection[raw_fingerprint-child] PASSED [ 18%]
readiness-unit-tests	Run unit tests	2026-10-03T05:41:23.7419962Z tests/unit/test_bootstrap_base_notifications.py::test_native_email_receipt_exception_preserves_secret_rejection[wrong_status-parent] PASSED [ 18%]
readiness-unit-tests	Run unit tests	2026-10-03T05:41:23.7458027Z tests/unit/test_bootstrap_base_notifications.py::test_native_email_receipt_exception_preserves_secret_rejection[wrong_status-child] PASSED [ 18%]
readiness-unit-tests	Run unit tests	2026-10-03T05:41:23.7477881Z tests/unit/test_bootstrap_base_notifications.py::test_native_email_receipt_exception_preserves_secret_rejection[message_object-parent] PASSED [ 18%]
readiness-unit-tests	Run unit tests	2026-10-03T05:41:23.7516100Z tests/unit/test_bootstrap_base_notifications.py::test_native_email_receipt_exception_preserves_secret_rejection[message_object-child] PASSED [ 18%]
readiness-unit-tests	Run unit tests	2026-10-03T05:41:23.7533513Z tests/unit/test_bootstrap_base_notifications.py::test_serialize_scheduled_state_rejects_non_object_state PASSED [ 18%]
readiness-unit-tests	Run unit tests	2026-10-03T05:41:23.7550757Z tests/unit/test_bootstrap_base_notifications.py::test_serialize_scheduled_state_rejects_non_finite_numbers PASSED [ 18%]
readiness-unit-tests	Run unit tests	2026-10-03T05:41:23.7568457Z tests/unit/test_bootstrap_base_notifications.py::test_serialize_scheduled_state_rejects_excessive_depth PASSED [ 18%]
readiness-unit-tests	Run unit tests	2026-10-03T05:41:23.7586127Z tests/unit/test_bootstrap_base_notifications.py::test_serialize_scheduled_state_rejects_excessive_nodes PASSED [ 19%]
readiness-unit-tests	Run unit tests	2026-10-03T05:41:23.7608210Z tests/unit/test_bootstrap_base_notifications.py::test_persist_scheduled_state_requires_kms_when_enabled PASSED [ 19%]
readiness-unit-tests	Run unit tests	2026-10-03T05:41:23.7619757Z tests/unit/test_bootstrap_base_runtime_secrets.py::test_fetch_and_set_botspot_runtime_secrets_sets_saved_env_vars PASSED [ 19%]
readiness-unit-tests	Run unit tests	2026-10-03T05:41:23.7633225Z tests/unit/test_bootstrap_base_runtime_secrets.py::test_fetch_and_set_botspot_runtime_secrets_records_redacted_client_error PASSED [ 19%]
readiness-unit-tests	Run unit tests	2026-10-03T05:41:23.7645016Z tests/unit/test_bootstrap_base_runtime_secrets.py::test_get_secret_value_assumes_runtime_secret_reader_role_for_botspot_runtime_secret PASSED [ 19%]
readiness-unit-tests	Run unit tests	2026-10-03T05:41:23.7772221Z tests/unit/test_bootstrap_base_runtime_secrets.py::test_get_secret_value_keeps_non_runtime_secret_reads_on_lambda_role PASSED [ 19%]
readiness-unit-tests	Run unit tests	2026-10-03T05:41:23.7783609Z tests/unit/test_bootstrap_base_runtime_secrets.py::test_handle_secret_fetch_requires_runtime_secret_success PASSED [ 19%]
readiness-unit-tests	Run unit tests	2026-10-03T05:41:23.7802623Z tests/unit/test_bootstrap_base_runtime_secrets.py::test_prepare_broker_runtime_secret_polling_sets_external_oauth_refresh_mode PASSED [ 19%]
readiness-unit-tests	Run unit tests	2026-10-03T05:41:23.7820279Z tests/unit/test_bootstrap_base_runtime_secrets.py::test_prepare_broker_runtime_secret_polling_accepts_broker_data_purpose PASSED [ 19%]
readiness-unit-tests	Run unit tests	2026-10-03T05:41:23.7844076Z tests/unit/test_bootstrap_base_runtime_secrets.py::test_prepare_broker_runtime_secret_polling_writes_access_file_without_reissue_metadata PASSED [ 19%]
readiness-unit-tests	Run unit tests	2026-10-03T05:41:23.7853451Z tests/unit/test_bootstrap_base_runtime_secrets.py::test_bootstrap_base_imports_broker_runtime_secret_poller PASSED [ 19%]
readiness-unit-tests	Run unit tests	2026-10-03T05:41:23.7878569Z tests/unit/test_bootstrap_base_runtime_secrets.py::test_broker_runtime_secret_poller_writes_access_only_child_files PASSED [ 19%]
readiness-unit-tests	Run unit tests	2026-10-03T05:41:23.7908440Z tests/unit/test_bootstrap_base_runtime_secrets.py::test_start_broker_runtime_secret_polling_reissues_before_child_when_forced PASSED [ 19%]
readiness-unit-tests	Run unit tests	2026-10-03T05:41:23.7940315Z tests/unit/test_bootstrap_base_runtime_secrets.py::test_persistent_runtime_reissue_uses_trusted_resolver_without_task_aws_secret_access PASSED [ 19%]
readiness-unit-tests	Run unit tests	2026-10-03T05:41:23.8066183Z tests/unit/test_bootstrap_base_runtime_secrets.py::test_runtime_resolver_renews_expiring_capability_then_retries PASSED [ 19%]
readiness-unit-tests	Run unit tests	2026-10-03T05:41:23.8079388Z tests/unit/test_bootstrap_base_runtime_secrets.py::test_runtime_resolver_rejects_query_and_fragment_before_network[https://bot-manager.test/dev/api/broker-runtime-access/resolve?redirect=attacker] PASSED [ 19%]
readiness-unit-tests	Run unit tests	2026-10-03T05:41:23.8090824Z tests/unit/test_bootstrap_base_runtime_secrets.py::test_runtime_resolver_rejects_query_and_fragment_before_network[https://bot-manager.test/dev/api/broker-runtime-access/resolve#fragment] PASSED [ 19%]
readiness-unit-tests	Run unit tests	2026-10-03T05:41:23.8123668Z tests/unit/test_bootstrap_base_runtime_secrets.py::test_start_broker_runtime_secret_polling_accepts_unchanged_current_reissue PASSED [ 19%]
readiness-unit-tests	Run unit tests	2026-10-03T05:41:23.8156672Z tests/unit/test_bootstrap_base_runtime_secrets.py::test_start_broker_runtime_secret_polling_accepts_unchanged_explicit_expiry_reissue PASSED [ 20%]
readiness-unit-tests	Run unit tests	2026-10-03T05:41:23.8194007Z tests/unit/test_bootstrap_base_runtime_secrets.py::test_start_broker_runtime_secret_polling_rejects_unchanged_stale_reissue PASSED [ 20%]
readiness-unit-tests	Run unit tests	2026-10-03T05:41:23.8225773Z tests/unit/test_bootstrap_base_runtime_secrets.py::test_broker_runtime_secret_polling_retries_transient_runtime_secret_issue PASSED [ 20%]
readiness-unit-tests	Run unit tests	2026-10-03T05:41:23.8251739Z tests/unit/test_bootstrap_base_runtime_secrets.py::test_running_broker_runtime_supervisor_recovers_after_reconnect_without_stopping PASSED [ 20%]
readiness-unit-tests	Run unit tests	2026-10-03T05:41:23.8278514Z tests/unit/test_bootstrap_base_runtime_secrets.py::test_broker_runtime_secret_poller_reissues_when_access_token_is_due PASSED [ 20%]
readiness-unit-tests	Run unit tests	2026-10-03T05:41:23.8298861Z tests/unit/test_bootstrap_base_runtime_secrets.py::test_runtime_zip_rejects_too_many_members PASSED [ 20%]
readiness-unit-tests	Run unit tests	2026-10-03T05:41:23.8320014Z tests/unit/test_bootstrap_base_runtime_secrets.py::test_runtime_zip_rejects_oversized_uncompressed_payload PASSED [ 20%]
readiness-unit-tests	Run unit tests	2026-10-03T05:41:23.8332005Z tests/unit/test_bootstrap_base_runtime_secrets.py::test_bootstrap_runtime_secret_key_names_reject_node_service_auth_overrides[BOT_MANAGER_NODE_API_KEY] PASSED [ 20%]
readiness-unit-tests	Run unit tests	2026-10-03T05:41:23.8342364Z tests/unit/test_bootstrap_base_runtime_secrets.py::test_bootstrap_runtime_secret_key_names_reject_node_service_auth_overrides[NODE_API_BASE_URL] PASSED [ 20%]
readiness-unit-tests	Run unit tests	2026-10-03T05:41:23.8354314Z tests/unit/test_bootstrap_base_runtime_secrets.py::test_sanitized_subprocess_env_strips_node_service_auth PASSED [ 20%]
readiness-unit-tests	Run unit tests	2026-10-03T05:41:23.8365878Z tests/unit/test_bootstrap_base_runtime_secrets.py::test_sanitized_subprocess_env_strips_broker_runtime_capability PASSED [ 20%]
readiness-unit-tests	Run unit tests	2026-10-03T05:41:23.8377577Z tests/unit/test_bootstrap_base_runtime_secrets.py::test_sanitized_subprocess_env_keeps_only_read_only_research_capability PASSED [ 20%]
readiness-unit-tests	Run unit tests	2026-10-03T05:41:23.8389207Z tests/unit/test_bootstrap_base_runtime_secrets.py::test_sanitized_subprocess_env_keeps_only_the_bounded_ai_workload_capability PASSED [ 20%]
readiness-unit-tests	Run unit tests	2026-10-03T05:41:23.8402308Z tests/unit/test_bootstrap_base_runtime_secrets.py::test_sanitized_subprocess_env_strips_runtime_secret_control_and_oauth_tokens PASSED [ 20%]
readiness-unit-tests	Run unit tests	2026-10-03T05:41:23.8429342Z tests/unit/test_bootstrap_base_runtime_secrets.py::test_harden_parent_process_for_untrusted_subprocesses_disables_dumpable PASSED [ 20%]
readiness-unit-tests	Run unit tests	2026-10-03T05:41:23.8431102Z tests/unit/test_bootstrap_base_runtime_secrets.py::test_harden_parent_process_for_untrusted_subprocesses_surfaces_failure PASSED [ 20%]
readiness-unit-tests	Run unit tests	2026-10-03T05:41:23.8441412Z tests/unit/test_bootstrap_cache.py::test_build_cache_event_defaults PASSED [ 20%]
readiness-unit-tests	Run unit tests	2026-10-03T05:41:23.8465605Z tests/unit/test_bootstrap_cache.py::test_prepare_backtest_cache_invokes_lambda PASSED [ 20%]
readiness-unit-tests	Run unit tests	2026-10-03T05:41:23.8493281Z tests/unit/test_bootstrap_download_status.py::test_upload_latest_metrics_preserves_download_status_from_progress_csv PASSED [ 21%]
readiness-unit-tests	Run unit tests	2026-10-03T05:41:23.8524613Z tests/unit/test_bootstrap_download_status.py::test_upload_latest_metrics_sets_empty_download_status_to_empty_object PASSED [ 21%]
readiness-unit-tests	Run unit tests	2026-10-03T05:41:23.8542178Z tests/unit/test_bootstrap_notifications.py::test_resolve_upload_results_path_prefers_runtime_bundle_file PASSED [ 21%]
readiness-unit-tests	Run unit tests	2026-10-03T05:41:23.8559707Z tests/unit/test_bootstrap_notifications.py::test_resolve_upload_results_path_falls_back_to_legacy_app_path PASSED [ 21%]
readiness-unit-tests	Run unit tests	2026-10-03T05:41:23.8569240Z tests/unit/test_bootstrap_notifications.py::test_should_send_failure_notification_default PASSED [ 21%]
readiness-unit-tests	Run unit tests	2026-10-03T05:41:23.8579918Z tests/unit/test_bootstrap_notifications.py::test_should_send_failure_notification_suppressed[1] PASSED [ 21%]
readiness-unit-tests	Run unit tests	2026-10-03T05:41:23.8590764Z tests/unit/test_bootstrap_notifications.py::test_should_send_failure_notification_suppressed[true] PASSED [ 21%]
readiness-unit-tests	Run unit tests	2026-10-03T05:41:23.8601195Z tests/unit/test_bootstrap_notifications.py::test_should_send_failure_notification_suppressed[TRUE] PASSED [ 21%]
readiness-unit-tests	Run unit tests	2026-10-03T05:41:23.8611377Z tests/unit/test_bootstrap_notifications.py::test_should_send_failure_notification_suppressed[yes] PASSED [ 21%]
readiness-unit-tests	Run unit tests	2026-10-03T05:41:23.8621868Z tests/unit/test_bootstrap_notifications.py::test_should_send_failure_notification_suppressed[y] PASSED [ 21%]
readiness-unit-tests	Run unit tests	2026-10-03T05:41:23.8632333Z tests/unit/test_bootstrap_notifications.py::test_should_send_failure_notification_suppressed[on] PASSED [ 21%]
readiness-unit-tests	Run unit tests	2026-10-03T05:41:23.8642624Z tests/unit/test_bootstrap_notifications.py::test_should_send_failure_notification_not_suppressed[0] PASSED [ 21%]
readiness-unit-tests	Run unit tests	2026-10-03T05:41:23.8653183Z tests/unit/test_bootstrap_notifications.py::test_should_send_failure_notification_not_suppressed[false] PASSED [ 21%]
readiness-unit-tests	Run unit tests	2026-10-03T05:41:23.8663756Z tests/unit/test_bootstrap_notifications.py::test_should_send_failure_notification_not_suppressed[FALSE] PASSED [ 21%]
readiness-unit-tests	Run unit tests	2026-10-03T05:41:23.8674721Z tests/unit/test_bootstrap_notifications.py::test_should_send_failure_notification_not_suppressed[no] PASSED [ 21%]
readiness-unit-tests	Run unit tests	2026-10-03T05:41:23.8684976Z tests/unit/test_bootstrap_notifications.py::test_should_send_failure_notification_not_suppressed[n] PASSED [ 21%]
readiness-unit-tests	Run unit tests	2026-10-03T05:41:23.8695446Z tests/unit/test_bootstrap_notifications.py::test_should_send_failure_notification_not_suppressed[off] PASSED [ 21%]
readiness-unit-tests	Run unit tests	2026-10-03T05:41:23.8706414Z tests/unit/test_bootstrap_notifications.py::test_send_failure_notification_skips_lambda_invoke_when_suppressed PASSED [ 21%]
readiness-unit-tests	Run unit tests	2026-10-03T05:41:23.8717670Z tests/unit/test_bootstrap_notifications.py::test_send_failure_notification_invokes_lambda_by_default PASSED [ 22%]
readiness-unit-tests	Run unit tests	2026-10-03T05:41:23.8737495Z tests/unit/test_bootstrap_notifications.py::test_install_requirements_skips_missing_and_empty_files PASSED [ 22%]
readiness-unit-tests	Run unit tests	2026-10-03T05:41:23.8763894Z tests/unit/test_bootstrap_notifications.py::test_install_requirements_uses_sanitized_virtualenv PASSED [ 22%]
readiness-unit-tests	Run unit tests	2026-10-03T05:41:24.0828161Z tests/unit/test_bootstrap_notifications.py::test_installed_dependency_is_importable_with_returned_interpreter PASSED [ 22%]
readiness-unit-tests	Run unit tests	2026-10-03T05:41:24.2508654Z tests/unit/test_bootstrap_notifications.py::test_missing_local_dependency_fails_with_real_installer_without_network PASSED [ 22%]
readiness-unit-tests	Run unit tests	2026-10-03T05:41:24.2548130Z tests/unit/test_bootstrap_notifications.py::test_handle_secret_fetch_suppresses_email_when_bot_stopped PASSED [ 22%]
readiness-unit-tests	Run unit tests	2026-10-03T05:41:24.2549456Z tests/unit/test_bootstrap_notifications.py::test_handle_secret_fetch_sends_email_when_bot_running PASSED [ 22%]
readiness-unit-tests	Run unit tests	2026-10-03T05:41:24.2550841Z tests/unit/test_bootstrap_notifications.py::test_handle_secret_fetch_logs_no_runtime_secret_when_unconfigured PASSED [ 22%]
readiness-unit-tests	Run unit tests	2026-10-03T05:41:24.2554553Z tests/unit/test_bootstrap_notifications.py::test_handle_secret_fetch_logs_botspot_runtime_secret_injected PASSED [ 22%]
readiness-unit-tests	Run unit tests	2026-10-03T05:41:24.2566509Z tests/unit/test_bootstrap_notifications.py::test_fetch_and_set_botspot_runtime_secrets_tries_cross_account_arn_first PASSED [ 22%]
readiness-unit-tests	Run unit tests	2026-10-03T05:41:24.2578880Z tests/unit/test_bootstrap_notifications.py::test_fetch_and_set_botspot_runtime_secrets_rejects_durable_vault_path PASSED [ 22%]
readiness-unit-tests	Run unit tests	2026-10-03T05:41:24.2600023Z tests/unit/test_bootstrap_notifications.py::test_safe_extract_zip_rejects_path_traversal PASSED [ 22%]
readiness-unit-tests	Run unit tests	2026-10-03T05:41:24.2621227Z tests/unit/test_bootstrap_notifications.py::test_run_user_code_strips_aws_credential_and_secret_control_env PASSED [ 22%]
readiness-unit-tests	Run unit tests	2026-10-03T05:41:24.2642549Z tests/unit/test_bootstrap_notifications.py::test_run_user_code_redacts_task_definition_secret_values_from_stdout PASSED [ 22%]
readiness-unit-tests	Run unit tests	2026-10-03T05:41:24.2660746Z tests/unit/test_bootstrap_notifications.py::test_run_user_code_uses_selected_strategy_interpreter PASSED [ 22%]
readiness-unit-tests	Run unit tests	2026-10-03T05:41:24.2682372Z tests/unit/test_bootstrap_notifications.py::test_run_user_code_does_not_fail_clean_exit_because_stdout_contains_traceback PASSED [ 22%]
readiness-unit-tests	Run unit tests	2026-10-03T05:41:24.2700437Z tests/unit/test_bootstrap_notifications.py::test_run_user_code_preserves_nonzero_exit_status PASSED [ 22%]
readiness-unit-tests	Run unit tests	2026-10-03T05:41:24.3049450Z tests/unit/test_bootstrap_notifications.py::test_real_missing_import_preserves_failed_process_and_diagnostic PASSED [ 22%]
readiness-unit-tests	Run unit tests	2026-10-03T05:41:24.3072110Z tests/unit/test_bootstrap_notifications.py::test_run_user_code_redacts_botspot_runtime_secret_values_from_stdout PASSED [ 22%]
readiness-unit-tests	Run unit tests	2026-10-03T05:41:24.3097481Z tests/unit/test_bot_logs.py::test_get_bot_logs_newest_limit_returns_latest_lines_not_oldest PASSED [ 23%]
readiness-unit-tests	Run unit tests	2026-10-03T05:41:24.3211196Z tests/unit/test_bot_logs.py::test_get_bot_logs_newest_limit_skips_tail_telemetry_and_keeps_recent_work PASSED [ 23%]
readiness-unit-tests	Run unit tests	2026-10-03T05:41:24.3223679Z tests/unit/test_bot_logs.py::test_get_bot_logs_uses_server_side_telemetry_filter PASSED [ 23%]
readiness-unit-tests	Run unit tests	2026-10-03T05:41:24.3240381Z tests/unit/test_bot_logs.py::test_get_bot_logs_respects_backtest_cluster_flag PASSED [ 23%]
readiness-unit-tests	Run unit tests	2026-10-03T05:41:24.3249868Z tests/unit/test_bot_logs.py::test_get_bot_logs_with_preloaded_record_skips_dynamodb_lookup PASSED [ 23%]
readiness-unit-tests	Run unit tests	2026-10-03T05:41:24.3269507Z tests/unit/test_bot_logs.py::test_get_bot_logs_oldest_limit_still_returns_the_start_of_the_stream PASSED [ 23%]
readiness-unit-tests	Run unit tests	2026-10-03T05:41:24.3280112Z tests/unit/test_bot_logs.py::test_log_stream_matching_does_not_accept_prefix_neighbors PASSED [ 23%]
readiness-unit-tests	Run unit tests	2026-10-03T05:41:24.3290010Z tests/unit/test_bot_logs.py::test_find_log_streams_filters_prefix_neighbors PASSED [ 23%]
readiness-unit-tests	Run unit tests	2026-10-03T05:41:24.3303364Z tests/unit/test_bot_logs.py::test_search_logs_uses_lambda_log_group_for_single_trade PASSED [ 23%]
readiness-unit-tests	Run unit tests	2026-10-03T05:41:24.3316663Z tests/unit/test_bot_record_lookup.py::test_unknown_bot_lookup_reads_both_tables_in_one_batch PASSED [ 23%]
readiness-unit-tests	Run unit tests	2026-10-03T05:41:24.3329525Z tests/unit/test_bot_record_lookup.py::test_unknown_bot_lookup_preserves_backtest_precedence PASSED [ 23%]
readiness-unit-tests	Run unit tests	2026-10-03T05:41:24.3346349Z tests/unit/test_bot_record_lookup.py::test_unknown_bot_lookup_retries_only_unprocessed_table PASSED [ 23%]
readiness-unit-tests	Run unit tests	2026-10-03T05:41:24.3365266Z tests/unit/test_broker_data_async_integration.py::test_broker_data_dispatch_is_durable_event_without_waiting_for_result PASSED [ 23%]
readiness-unit-tests	Run unit tests	2026-10-03T05:41:24.3381004Z tests/unit/test_broker_data_async_integration.py::test_duplicate_normalized_request_returns_same_job_and_invokes_once PASSED [ 23%]
readiness-unit-tests	Run unit tests	2026-10-03T05:41:24.3392244Z tests/unit/test_broker_data_async_integration.py::test_secret_binding_failure_precedes_storage_and_invocation PASSED [ 23%]
readiness-unit-tests	Run unit tests	2026-10-03T05:41:24.3405384Z tests/unit/test_broker_data_async_integration.py::test_missing_explicit_bucket_fails_before_dispatch PASSED [ 23%]
readiness-unit-tests	Run unit tests	2026-10-03T05:41:24.3415812Z tests/unit/test_broker_data_async_integration.py::test_request_write_operation_rejected_before_storage_or_dispatch PASSED [ 23%]
readiness-unit-tests	Run unit tests	2026-10-03T05:41:24.3431976Z tests/unit/test_broker_data_async_integration.py::test_job_status_uses_current_environment_and_exact_owner_credential PASSED [ 23%]
readiness-unit-tests	Run unit tests	2026-10-03T05:41:24.3448076Z tests/unit/test_broker_data_async_integration.py::test_changed_payload_with_same_request_id_is_visible_conflict PASSED [ 24%]
readiness-unit-tests	Run unit tests	2026-10-03T05:41:24.3472328Z tests/unit/test_broker_data_codegen.py::test_broker_data_program_contains_only_lumibot_execution PASSED [ 24%]
readiness-unit-tests	Run unit tests	2026-10-03T05:41:24.3571389Z tests/unit/test_broker_data_codegen.py::test_tradier_broker_data_bounds_all_component_sessions_and_deduplicates_aliases PASSED [ 24%]
readiness-unit-tests	Run unit tests	2026-10-03T05:41:24.3672332Z tests/unit/test_broker_data_codegen.py::test_tradier_broker_data_retry_budget_allows_one_timeout_then_success PASSED [ 24%]
readiness-unit-tests	Run unit tests	2026-10-03T05:41:24.3767312Z tests/unit/test_broker_data_codegen.py::test_tradier_broker_data_repeated_timeout_stays_bounded_and_preserves_error PASSED [ 24%]
readiness-unit-tests	Run unit tests	2026-10-03T05:41:24.3860442Z tests/unit/test_broker_data_codegen.py::test_non_tradier_broker_data_does_not_touch_retry_sessions PASSED [ 24%]
readiness-unit-tests	Run unit tests	2026-10-03T05:41:24.3955150Z tests/unit/test_broker_data_codegen.py::test_tradier_broker_data_fails_closed_when_session_factory_is_unavailable PASSED [ 24%]
readiness-unit-tests	Run unit tests	2026-10-03T05:41:24.3978202Z tests/unit/test_broker_data_codegen.py::test_tradier_retry_configuration_occurs_after_authorized_broker_construction PASSED [ 24%]
readiness-unit-tests	Run unit tests	2026-10-03T05:41:24.4085804Z tests/unit/test_broker_data_codegen.py::test_account_snapshot_uses_only_generic_strategy_balances PASSED [ 24%]
readiness-unit-tests	Run unit tests	2026-10-03T05:41:24.4149005Z tests/unit/test_broker_data_codegen.py::test_account_read_batch_normalizes_only_supported_reads PASSED [ 24%]
readiness-unit-tests	Run unit tests	2026-10-03T05:41:24.4193697Z tests/unit/test_broker_data_codegen.py::test_account_read_batch_runs_in_one_process_with_one_reused_reader PASSED [ 24%]
readiness-unit-tests	Run unit tests	2026-10-03T05:41:24.4216832Z tests/unit/test_broker_data_codegen.py::test_account_read_batch_avoids_threaded_strategy_initialization PASSED [ 24%]
readiness-unit-tests	Run unit tests	2026-10-03T05:41:24.4240556Z tests/unit/test_broker_data_codegen.py::test_one_shot_reader_defers_unrelated_lumibot_startup_sync PASSED [ 24%]
readiness-unit-tests	Run unit tests	2026-10-03T05:41:24.4263900Z tests/unit/test_broker_data_codegen.py::test_process_startup_timing_includes_runtime_imports PASSED [ 24%]
readiness-unit-tests	Run unit tests	2026-10-03T05:41:24.4279732Z tests/unit/test_broker_data_codegen.py::test_broker_data_runtime_has_no_direct_provider_implementation PASSED [ 24%]
readiness-unit-tests	Run unit tests	2026-10-03T05:41:24.4373714Z tests/unit/test_broker_data_codegen.py::test_order_status_filters_are_normalized_to_lumibot_enums PASSED [ 24%]
readiness-unit-tests	Run unit tests	2026-10-03T05:41:24.4467773Z tests/unit/test_broker_data_codegen.py::test_provider_neutral_accepted_order_status_reaches_lumibot PASSED [ 24%]
readiness-unit-tests	Run unit tests	2026-10-03T05:41:24.4561560Z tests/unit/test_broker_data_codegen.py::test_provider_neutral_pending_new_order_status_reaches_lumibot PASSED [ 24%]
readiness-unit-tests	Run unit tests	2026-10-03T05:41:24.4571621Z tests/unit/test_broker_data_codegen.py::test_normalize_accepts_generic_multi_symbol_history PASSED [ 25%]
readiness-unit-tests	Run unit tests	2026-10-03T05:41:24.4584400Z tests/unit/test_broker_data_codegen.py::test_history_window_without_length_derives_daily_observation_budget PASSED [ 25%]
readiness-unit-tests	Run unit tests	2026-10-03T05:41:24.4594569Z tests/unit/test_broker_data_codegen.py::test_history_window_keeps_explicit_length_authoritative PASSED [ 25%]
readiness-unit-tests	Run unit tests	2026-10-03T05:41:24.4604641Z tests/unit/test_broker_data_codegen.py::test_most_active_is_not_a_broker_data_operation PASSED [ 25%]
readiness-unit-tests	Run unit tests	2026-10-03T05:41:24.4701708Z tests/unit/test_broker_data_codegen.py::test_cross_provider_bulk_history_reaches_same_lumibot_method[schwab] PASSED [ 25%]
readiness-unit-tests	Run unit tests	2026-10-03T05:41:24.4798559Z tests/unit/test_broker_data_codegen.py::test_cross_provider_bulk_history_reaches_same_lumibot_method[alpaca] PASSED [ 25%]
readiness-unit-tests	Run unit tests	2026-10-03T05:41:24.4903395Z tests/unit/test_broker_data_codegen.py::test_cross_provider_bulk_history_reaches_same_lumibot_method[tradier] PASSED [ 25%]
readiness-unit-tests	Run unit tests	2026-10-03T05:41:24.4999104Z tests/unit/test_broker_data_codegen.py::test_bulk_history_shifts_lumibot_fetch_to_requested_past_window PASSED [ 25%]
readiness-unit-tests	Run unit tests	2026-10-03T05:41:24.5094264Z tests/unit/test_broker_data_codegen.py::test_bulk_history_preserves_partial_missing_symbols PASSED [ 25%]
readiness-unit-tests	Run unit tests	2026-10-03T05:41:24.5189906Z tests/unit/test_broker_data_codegen.py::test_date_only_end_includes_the_entire_requested_day PASSED [ 25%]
readiness-unit-tests	Run unit tests	2026-10-03T05:41:24.5202964Z tests/unit/test_broker_data_codegen.py::test_normalize_rejects_duplicate_or_oversized_bulk_requests PASSED [ 25%]
readiness-unit-tests	Run unit tests	2026-10-03T05:41:24.5214169Z tests/unit/test_broker_data_job_infrastructure.py::test_durable_broker_worker_and_api_share_bucket_and_deadline PASSED [ 25%]
readiness-unit-tests	Run unit tests	2026-10-03T05:41:24.5225349Z tests/unit/test_broker_data_job_infrastructure.py::test_job_storage_permissions_are_prefix_scoped_and_include_s3_kms PASSED [ 25%]
readiness-unit-tests	Run unit tests	2026-10-03T05:41:24.5278741Z tests/unit/test_broker_data_job_infrastructure.py::test_job_retention_has_one_base_bucket_owner_and_only_expires_job_objects PASSED [ 25%]
readiness-unit-tests	Run unit tests	2026-10-03T05:41:24.5294902Z tests/unit/test_broker_data_jobs.py::test_slow_broker_read_finishes_and_is_retrievable_by_fresh_store[47] PASSED [ 25%]
readiness-unit-tests	Run unit tests	2026-10-03T05:41:24.5310356Z tests/unit/test_broker_data_jobs.py::test_slow_broker_read_finishes_and_is_retrievable_by_fresh_store[590] PASSED [ 25%]
readiness-unit-tests	Run unit tests	2026-10-03T05:41:24.5439007Z tests/unit/test_broker_data_jobs.py::test_identical_start_is_atomic_under_contention_and_invokes_once PASSED [ 25%]
readiness-unit-tests	Run unit tests	2026-10-03T05:41:24.5442877Z tests/unit/test_broker_data_jobs.py::test_start_rejects_same_request_with_different_payload_or_credential PASSED [ 25%]
readiness-unit-tests	Run unit tests	2026-10-03T05:41:24.5446744Z tests/unit/test_broker_data_jobs.py::test_status_and_completion_reject_cross_binding_before_returning_data[owner_id] PASSED [ 26%]
readiness-unit-tests	Run unit tests	2026-10-03T05:41:24.5448427Z tests/unit/test_broker_data_jobs.py::test_status_and_completion_reject_cross_binding_before_returning_data[credential_id] PASSED [ 26%]
readiness-unit-tests	Run unit tests	2026-10-03T05:41:24.5452433Z tests/unit/test_broker_data_jobs.py::test_status_and_completion_reject_cross_binding_before_returning_data[environment] PASSED [ 26%]
readiness-unit-tests	Run unit tests	2026-10-03T05:41:24.5454047Z tests/unit/test_broker_data_jobs.py::test_worker_hash_binding_and_terminal_state_are_idempotent PASSED [ 26%]
readiness-unit-tests	Run unit tests	2026-10-03T05:41:24.5478134Z tests/unit/test_broker_data_jobs.py::test_concurrent_worker_completions_keep_one_terminal_result PASSED [ 26%]
readiness-unit-tests	Run unit tests	2026-10-03T05:41:24.5494706Z tests/unit/test_broker_data_jobs.py::test_expiry_is_visible_and_late_completion_cannot_replace_it PASSED [ 26%]
readiness-unit-tests	Run unit tests	2026-10-03T05:41:24.5513180Z tests/unit/test_broker_data_jobs.py::test_event_dispatch_failure_is_terminal_and_has_no_exception_secrets[response0] PASSED [ 26%]
readiness-unit-tests	Run unit tests	2026-10-03T05:41:24.5528135Z tests/unit/test_broker_data_jobs.py::test_event_dispatch_failure_is_terminal_and_has_no_exception_secrets[response1] PASSED [ 26%]
readiness-unit-tests	Run unit tests	2026-10-03T05:41:24.5542500Z tests/unit/test_broker_data_jobs.py::test_only_metadata_and_sanitized_public_results_are_persisted PASSED [ 26%]
readiness-unit-tests	Run unit tests	2026-10-03T05:41:24.5555935Z tests/unit/test_broker_data_jobs.py::test_missing_job_and_empty_binding_fail_closed PASSED [ 26%]
readiness-unit-tests	Run unit tests	2026-10-03T05:41:24.7088736Z tests/unit/test_broker_data_jobs.py::test_store_uses_real_s3_sdk_conditional_write_and_stream_shapes PASSED [ 26%]
readiness-unit-tests	Run unit tests	2026-10-03T05:41:24.7104367Z tests/unit/test_broker_data_lambda_dispatch.py::test_fetch_broker_data_lambda_invokes_safe_event PASSED [ 26%]
readiness-unit-tests	Run unit tests	2026-10-03T05:41:24.7117095Z tests/unit/test_broker_data_lambda_dispatch.py::test_fetch_broker_data_lambda_rejects_unmanaged_existing_secret_even_when_legacy_refs_enabled PASSED [ 26%]
readiness-unit-tests	Run unit tests	2026-10-03T05:41:24.7127917Z tests/unit/test_broker_data_lambda_dispatch.py::test_fetch_broker_data_lambda_requires_runtime_secret_ref PASSED [ 26%]
readiness-unit-tests	Run unit tests	2026-10-03T05:41:24.7143320Z tests/unit/test_broker_data_lambda_dispatch.py::test_fetch_broker_data_lambda_dispatches_every_broker_to_lumibot[interactivebrokersrest] PASSED [ 26%]
readiness-unit-tests	Run unit tests	2026-10-03T05:41:24.7158547Z tests/unit/test_broker_data_lambda_dispatch.py::test_fetch_broker_data_lambda_dispatches_every_broker_to_lumibot[schwab] PASSED [ 26%]
readiness-unit-tests	Run unit tests	2026-10-03T05:41:24.7173857Z tests/unit/test_broker_data_lambda_dispatch.py::test_fetch_broker_data_lambda_dispatches_every_broker_to_lumibot[alpaca] PASSED [ 26%]
readiness-unit-tests	Run unit tests	2026-10-03T05:41:24.7189207Z tests/unit/test_broker_data_lambda_dispatch.py::test_fetch_broker_data_lambda_dispatches_every_broker_to_lumibot[tradier] PASSED [ 26%]
readiness-unit-tests	Run unit tests	2026-10-03T05:41:24.7199608Z tests/unit/test_broker_data_lambda_fetcher.py::test_extract_broker_data_result_uses_last_marker PASSED [ 27%]
readiness-unit-tests	Run unit tests	2026-10-03T05:41:24.7241607Z tests/unit/test_broker_data_lambda_fetcher.py::test_lambda_handler_returns_completed_result PASSED [ 27%]
readiness-unit-tests	Run unit tests	2026-10-03T05:41:24.7282130Z tests/unit/test_broker_data_lambda_fetcher.py::test_lambda_handler_runs_parent_broker_token_supervisor_before_child PASSED [ 27%]
readiness-unit-tests	Run unit tests	2026-10-03T05:41:24.7304333Z tests/unit/test_broker_data_lambda_fetcher.py::test_broker_data_child_env_excludes_requested_tradier_tokens_in_external_mode[TRADIER_TOKEN-raw-token-json] PASSED [ 27%]
readiness-unit-tests	Run unit tests	2026-10-03T05:41:24.7326612Z tests/unit/test_broker_data_lambda_fetcher.py::test_broker_data_child_env_excludes_requested_tradier_tokens_in_external_mode[TRADIER_ACCESS_TOKEN-raw-access-token] PASSED [ 27%]
readiness-unit-tests	Run unit tests	2026-10-03T05:41:24.7349339Z tests/unit/test_broker_data_lambda_fetcher.py::test_broker_data_child_env_excludes_requested_tradier_tokens_in_external_mode[TRADIER_REFRESH_TOKEN-raw-refresh-token] PASSED [ 27%]
readiness-unit-tests	Run unit tests	2026-10-03T05:41:24.7368958Z tests/unit/test_broker_data_lambda_fetcher.py::test_broker_data_child_env_never_exposes_oauth_client_secrets PASSED [ 27%]
readiness-unit-tests	Run unit tests	2026-10-03T05:41:24.7407909Z tests/unit/test_broker_data_lambda_fetcher.py::test_lambda_handler_sanitizes_public_completed_result PASSED [ 27%]
readiness-unit-tests	Run unit tests	2026-10-03T05:41:24.7446974Z tests/unit/test_broker_data_lambda_fetcher.py::test_lambda_handler_returns_failed_without_raising PASSED [ 27%]
readiness-unit-tests	Run unit tests	2026-10-03T05:41:24.7488721Z tests/unit/test_broker_data_lambda_fetcher.py::test_lambda_handler_redacts_child_output_logs PASSED [ 27%]
readiness-unit-tests	Run unit tests	2026-10-03T05:41:24.7529123Z tests/unit/test_broker_data_lambda_fetcher.py::test_lambda_handler_omits_child_result_payload_from_logs_and_errors PASSED [ 27%]
readiness-unit-tests	Run unit tests	2026-10-03T05:41:24.7543471Z tests/unit/test_broker_data_lambda_fetcher.py::test_lambda_handler_returns_runtime_secret_fetch_error_detail PASSED [ 27%]
readiness-unit-tests	Run unit tests	2026-10-03T05:41:24.7563939Z tests/unit/test_broker_data_lambda_fetcher.py::test_public_worker_verifies_and_persists_sanitized_durable_completion PASSED [ 27%]
readiness-unit-tests	Run unit tests	2026-10-03T05:41:24.7580040Z tests/unit/test_broker_data_lambda_fetcher.py::test_public_worker_rejects_descriptor_binding_before_broker_execution[bucket] PASSED [ 27%]
readiness-unit-tests	Run unit tests	2026-10-03T05:41:24.7596587Z tests/unit/test_broker_data_lambda_fetcher.py::test_public_worker_rejects_descriptor_binding_before_broker_execution[key] PASSED [ 27%]
readiness-unit-tests	Run unit tests	2026-10-03T05:41:24.7612522Z tests/unit/test_broker_data_lambda_fetcher.py::test_public_worker_rejects_descriptor_binding_before_broker_execution[schemaVersion] PASSED [ 27%]
readiness-unit-tests	Run unit tests	2026-10-03T05:41:24.7628677Z tests/unit/test_broker_data_lambda_fetcher.py::test_public_worker_rejects_descriptor_binding_before_broker_execution[ownerId] PASSED [ 27%]
readiness-unit-tests	Run unit tests	2026-10-03T05:41:24.7644831Z tests/unit/test_broker_data_lambda_fetcher.py::test_public_worker_rejects_descriptor_binding_before_broker_execution[credentialId] PASSED [ 27%]
readiness-unit-tests	Run unit tests	2026-10-03T05:41:24.7660761Z tests/unit/test_broker_data_lambda_fetcher.py::test_public_worker_rejects_descriptor_binding_before_broker_execution[environment] PASSED [ 27%]
readiness-unit-tests	Run unit tests	2026-10-03T05:41:24.7677164Z tests/unit/test_broker_data_lambda_fetcher.py::test_public_worker_rejects_descriptor_binding_before_broker_execution[requestId] PASSED [ 28%]
readiness-unit-tests	Run unit tests	2026-10-03T05:41:24.7693157Z tests/unit/test_broker_data_lambda_fetcher.py::test_public_worker_rejects_descriptor_binding_before_broker_execution[payloadHash] PASSED [ 28%]
readiness-unit-tests	Run unit tests	2026-10-03T05:41:24.7709291Z tests/unit/test_broker_data_lambda_fetcher.py::test_public_worker_rejects_event_metadata_cross_binding[owner_id] PASSED [ 28%]
readiness-unit-tests	Run unit tests	2026-10-03T05:41:24.7725483Z tests/unit/test_broker_data_lambda_fetcher.py::test_public_worker_rejects_event_metadata_cross_binding[broker_credential_id] PASSED [ 28%]
readiness-unit-tests	Run unit tests	2026-10-03T05:41:24.7741522Z tests/unit/test_broker_data_lambda_fetcher.py::test_public_worker_rejects_runtime_environment_cross_binding[BOTSPOT_OWNER_ID] PASSED [ 28%]
readiness-unit-tests	Run unit tests	2026-10-03T05:41:24.7759443Z tests/unit/test_broker_data_lambda_fetcher.py::test_public_worker_rejects_runtime_environment_cross_binding[BOTSPOT_BROKER_CREDENTIAL_ID] PASSED [ 28%]
readiness-unit-tests	Run unit tests	2026-10-03T05:41:24.7775339Z tests/unit/test_broker_data_lambda_fetcher.py::test_public_worker_rejects_runtime_environment_cross_binding[BOT_ID] PASSED [ 28%]
readiness-unit-tests	Run unit tests	2026-10-03T05:41:24.7792259Z tests/unit/test_broker_data_lambda_fetcher.py::test_public_worker_rejects_runtime_environment_cross_binding[ENVIRONMENT] PASSED [ 28%]
readiness-unit-tests	Run unit tests	2026-10-03T05:41:24.7810960Z tests/unit/test_broker_data_lambda_fetcher.py::test_public_worker_rejects_changed_canonical_request[request] PASSED [ 28%]
readiness-unit-tests	Run unit tests	2026-10-03T05:41:24.7830056Z tests/unit/test_broker_data_lambda_fetcher.py::test_public_worker_rejects_changed_canonical_request[broker] PASSED [ 28%]
readiness-unit-tests	Run unit tests	2026-10-03T05:41:24.7848925Z tests/unit/test_broker_data_lambda_fetcher.py::test_public_worker_rejects_changed_canonical_request[broker_config] PASSED [ 28%]
readiness-unit-tests	Run unit tests	2026-10-03T05:41:24.7864385Z tests/unit/test_broker_data_lambda_fetcher.py::test_public_worker_rejects_changed_canonical_request[request_id] PASSED [ 28%]
readiness-unit-tests	Run unit tests	2026-10-03T05:41:24.7880015Z tests/unit/test_broker_data_lambda_fetcher.py::test_public_worker_rejects_changed_canonical_request[schema_version] PASSED [ 28%]
readiness-unit-tests	Run unit tests	2026-10-03T05:41:24.7895532Z tests/unit/test_broker_data_lambda_fetcher.py::test_public_worker_rejects_changed_canonical_request[environment] PASSED [ 28%]
readiness-unit-tests	Run unit tests	2026-10-03T05:41:24.7915143Z tests/unit/test_broker_data_lambda_fetcher.py::test_public_worker_slow_completion_remains_durable[47] PASSED [ 28%]
readiness-unit-tests	Run unit tests	2026-10-03T05:41:24.7934606Z tests/unit/test_broker_data_lambda_fetcher.py::test_public_worker_slow_completion_remains_durable[590] PASSED [ 28%]
readiness-unit-tests	Run unit tests	2026-10-03T05:41:24.7951870Z tests/unit/test_broker_data_lambda_fetcher.py::test_public_worker_deadline_is_persisted_and_late_success_cannot_replace_it[False] PASSED [ 28%]
readiness-unit-tests	Run unit tests	2026-10-03T05:41:24.7971009Z tests/unit/test_broker_data_lambda_fetcher.py::test_public_worker_deadline_is_persisted_and_late_success_cannot_replace_it[True] PASSED [ 28%]
readiness-unit-tests	Run unit tests	2026-10-03T05:41:24.7988838Z tests/unit/test_broker_data_lambda_fetcher.py::test_public_worker_terminal_repeat_never_executes_again[completed] PASSED [ 29%]
readiness-unit-tests	Run unit tests	2026-10-03T05:41:24.8006574Z tests/unit/test_broker_data_lambda_fetcher.py::test_public_worker_terminal_repeat_never_executes_again[failed] PASSED [ 29%]
readiness-unit-tests	Run unit tests	2026-10-03T05:41:24.8025859Z tests/unit/test_broker_data_lambda_fetcher.py::test_public_worker_core_failure_is_durable_and_omits_secret_exception[False] PASSED [ 29%]
readiness-unit-tests	Run unit tests	2026-10-03T05:41:24.8046136Z tests/unit/test_broker_data_lambda_fetcher.py::test_public_worker_core_failure_is_durable_and_omits_secret_exception[True] PASSED [ 29%]
readiness-unit-tests	Run unit tests	2026-10-03T05:41:24.8063084Z tests/unit/test_broker_data_lambda_fetcher.py::test_public_worker_requires_explicit_configuration_and_durable_descriptor[bucket] PASSED [ 29%]
readiness-unit-tests	Run unit tests	2026-10-03T05:41:24.8078440Z tests/unit/test_broker_data_lambda_fetcher.py::test_public_worker_requires_explicit_configuration_and_durable_descriptor[job] PASSED [ 29%]
readiness-unit-tests	Run unit tests	2026-10-03T05:41:24.8097594Z tests/unit/test_broker_data_lambda_fetcher.py::test_public_worker_binds_child_input_to_canonical_request[BROKER_DATA_REQUEST_JSON] PASSED [ 29%]
readiness-unit-tests	Run unit tests	2026-10-03T05:41:24.8116632Z tests/unit/test_broker_data_lambda_fetcher.py::test_public_worker_binds_child_input_to_canonical_request[TRADING_BROKER] PASSED [ 29%]
readiness-unit-tests	Run unit tests	2026-10-03T05:41:24.8144390Z tests/unit/test_broker_data_lambda_fetcher.py::test_public_worker_binds_child_input_to_canonical_request[ALPACA_IS_PAPER] PASSED [ 29%]
readiness-unit-tests	Run unit tests	2026-10-03T05:41:24.8161278Z tests/unit/test_broker_data_lambda_fetcher.py::test_public_worker_checks_descriptor_against_stored_record[owner] PASSED [ 29%]
readiness-unit-tests	Run unit tests	2026-10-03T05:41:24.8177583Z tests/unit/test_broker_data_lambda_fetcher.py::test_public_worker_checks_descriptor_against_stored_record[credential] PASSED [ 29%]
readiness-unit-tests	Run unit tests	2026-10-03T05:41:24.8194680Z tests/unit/test_broker_data_lambda_fetcher.py::test_public_worker_checks_descriptor_against_stored_record[environment] PASSED [ 29%]
readiness-unit-tests	Run unit tests	2026-10-03T05:41:24.8210900Z tests/unit/test_broker_data_lambda_fetcher.py::test_public_worker_checks_descriptor_against_stored_record[request] PASSED [ 29%]
readiness-unit-tests	Run unit tests	2026-10-03T05:41:24.8227293Z tests/unit/test_broker_data_lambda_fetcher.py::test_public_worker_checks_descriptor_against_stored_record[hash] PASSED [ 29%]
readiness-unit-tests	Run unit tests	2026-10-03T05:41:24.8246142Z tests/unit/test_broker_data_lambda_fetcher.py::test_public_worker_owned_invalid_payload_is_durable_without_broker_execution PASSED [ 29%]
readiness-unit-tests	Run unit tests	2026-10-03T05:41:24.8257810Z tests/unit/test_broker_data_lambda_fetcher.py::test_broker_data_child_timeout_supports_full_job_budget[None-600] PASSED [ 29%]
readiness-unit-tests	Run unit tests	2026-10-03T05:41:24.8269648Z tests/unit/test_broker_data_lambda_fetcher.py::test_broker_data_child_timeout_supports_full_job_budget[invalid-600] PASSED [ 29%]
readiness-unit-tests	Run unit tests	2026-10-03T05:41:24.8281564Z tests/unit/test_broker_data_lambda_fetcher.py::test_broker_data_child_timeout_supports_full_job_budget[840-600] PASSED [ 29%]
readiness-unit-tests	Run unit tests	2026-10-03T05:41:24.8292965Z tests/unit/test_broker_data_lambda_fetcher.py::test_broker_data_child_timeout_supports_full_job_budget[47-47] PASSED [ 30%]
readiness-unit-tests	Run unit tests	2026-10-03T05:41:24.8313753Z tests/unit/test_broker_data_lambda_fetcher.py::test_public_worker_non_json_core_result_is_persisted_as_visible_failure PASSED [ 30%]
readiness-unit-tests	Run unit tests	2026-10-03T05:41:24.8355304Z tests/unit/test_broker_data_sanitizer.py::test_public_result_sanitizer_classifies_repeated_keys_once_per_payload PASSED [ 30%]
readiness-unit-tests	Run unit tests	2026-10-03T05:41:24.8369984Z tests/unit/test_broker_data_smoke_contract.py::test_smoke_consumes_real_pending_then_completed_job_contract PASSED [ 30%]
readiness-unit-tests	Run unit tests	2026-10-03T05:41:24.8389589Z tests/unit/test_broker_data_smoke_contract.py::test_smoke_rejects_terminal_job_from_another_owner PASSED [ 30%]
readiness-unit-tests	Run unit tests	2026-10-03T05:41:24.8403155Z tests/unit/test_broker_runtime_access_resolver.py::test_resolver_forwards_bound_capability_and_returns_only_access_token_fields PASSED [ 30%]
readiness-unit-tests	Run unit tests	2026-10-03T05:41:24.8414749Z tests/unit/test_broker_runtime_access_resolver.py::test_resolver_fails_before_node_call_without_trusted_reader_role PASSED [ 30%]
readiness-unit-tests	Run unit tests	2026-10-03T05:41:24.8426423Z tests/unit/test_broker_runtime_access_resolver.py::test_resolver_preserves_typed_node_unauthorized_response_without_leaking_token PASSED [ 30%]
readiness-unit-tests	Run unit tests	2026-10-03T05:41:24.8438576Z tests/unit/test_broker_runtime_access_resolver.py::test_resolver_rejects_cross_environment_runtime_secret_before_aws_read PASSED [ 30%]
readiness-unit-tests	Run unit tests	2026-10-03T05:41:24.8451406Z tests/unit/test_broker_runtime_access_resolver.py::test_resolver_strips_schwab_refresh_material_before_returning_access_payload PASSED [ 30%]
readiness-unit-tests	Run unit tests	2026-10-03T05:41:24.8462800Z tests/unit/test_broker_token_authority.py::test_legacy_secrets_manager_store_preserves_versioned_compare_and_write PASSED [ 30%]
readiness-unit-tests	Run unit tests	2026-10-03T05:41:24.8475226Z tests/unit/test_broker_token_authority.py::test_authority_lease_store_reads_only_the_opaque_vault_lease_and_collects_a_pending_rotation PASSED [ 30%]
readiness-unit-tests	Run unit tests	2026-10-03T05:41:24.8522443Z tests/unit/test_broker_token_authority.py::test_twenty_concurrent_callers_share_one_provider_refresh_and_family_version PASSED [ 30%]
readiness-unit-tests	Run unit tests	2026-10-03T05:41:24.8535578Z tests/unit/test_broker_token_authority.py::test_idempotent_retry_after_timeout_returns_same_success_without_second_refresh PASSED [ 30%]
readiness-unit-tests	Run unit tests	2026-10-03T05:41:24.8553704Z tests/unit/test_broker_token_authority.py::test_schwab_recent_http_400_after_same_credentials_already_refreshed_requires_reconnect PASSED [ 30%]
readiness-unit-tests	Run unit tests	2026-10-03T05:41:24.8570409Z tests/unit/test_broker_token_authority.py::test_schwab_http_400_after_provider_credentials_change_stays_configuration_error PASSED [ 30%]
readiness-unit-tests	Run unit tests	2026-10-03T05:41:24.8587909Z tests/unit/test_broker_token_authority.py::test_schwab_two_successive_refreshes_use_the_committed_rotated_refresh_token PASSED [ 30%]
readiness-unit-tests	Run unit tests	2026-10-03T05:41:24.8601046Z tests/unit/test_broker_token_authority.py::test_schwab_refresh_replaces_stale_expiry_metadata_when_provider_omits_timestamps PASSED [ 30%]
readiness-unit-tests	Run unit tests	2026-10-03T05:41:24.8614519Z tests/unit/test_broker_token_authority.py::test_tradier_refresh_uses_same_fresh_epoch_millisecond_metadata PASSED [ 31%]
readiness-unit-tests	Run unit tests	2026-10-03T05:41:24.8627992Z tests/unit/test_broker_token_authority.py::test_tradier_legacy_relative_expiry_without_issued_at_refreshes_instead_of_sliding_current PASSED [ 31%]
readiness-unit-tests	Run unit tests	2026-10-03T05:41:24.8641628Z tests/unit/test_broker_token_authority.py::test_version_change_after_refresh_returns_current_family_without_error PASSED [ 31%]
readiness-unit-tests	Run unit tests	2026-10-03T05:41:24.8654662Z tests/unit/test_broker_token_authority.py::test_provider_429_or_500_does_not_mutate_token_state[429] PASSED [ 31%]
readiness-unit-tests	Run unit tests	2026-10-03T05:41:24.8667931Z tests/unit/test_broker_token_authority.py::test_provider_429_or_500_does_not_mutate_token_state[500] PASSED [ 31%]
readiness-unit-tests	Run unit tests	2026-10-03T05:41:24.8682562Z tests/unit/test_broker_token_authority.py::test_two_consecutive_invalid_grants_mark_reconnect_required_without_access_rotation PASSED [ 31%]
readiness-unit-tests	Run unit tests	2026-10-03T05:41:24.8696822Z tests/unit/test_broker_token_authority.py::test_transient_failure_breaks_invalid_grant_confirmation_sequence PASSED [ 31%]
readiness-unit-tests	Run unit tests	2026-10-03T05:41:24.8710069Z tests/unit/test_broker_token_authority.py::test_missing_refresh_material_marks_reconnect_required_immediately PASSED [ 31%]
readiness-unit-tests	Run unit tests	2026-10-03T05:41:24.8722506Z tests/unit/test_broker_token_authority.py::test_provider_exact_invalid_grant_is_terminal_provider_evidence[400] PASSED [ 31%]
readiness-unit-tests	Run unit tests	2026-10-03T05:41:24.8734344Z tests/unit/test_broker_token_authority.py::test_provider_exact_invalid_grant_is_terminal_provider_evidence[401] PASSED [ 31%]
readiness-unit-tests	Run unit tests	2026-10-03T05:41:24.8746500Z tests/unit/test_broker_token_authority.py::test_provider_timeout_rate_limit_and_server_errors_are_retryable[408] PASSED [ 31%]
readiness-unit-tests	Run unit tests	2026-10-03T05:41:24.8758572Z tests/unit/test_broker_token_authority.py::test_provider_timeout_rate_limit_and_server_errors_are_retryable[429] PASSED [ 31%]
readiness-unit-tests	Run unit tests	2026-10-03T05:41:24.8770376Z tests/unit/test_broker_token_authority.py::test_provider_timeout_rate_limit_and_server_errors_are_retryable[500] PASSED [ 31%]
readiness-unit-tests	Run unit tests	2026-10-03T05:41:24.8782089Z tests/unit/test_broker_token_authority.py::test_provider_timeout_rate_limit_and_server_errors_are_retryable[502] PASSED [ 31%]
readiness-unit-tests	Run unit tests	2026-10-03T05:41:24.8794185Z tests/unit/test_broker_token_authority.py::test_provider_timeout_rate_limit_and_server_errors_are_retryable[503] PASSED [ 31%]
readiness-unit-tests	Run unit tests	2026-10-03T05:41:24.8805824Z tests/unit/test_broker_token_authority.py::test_provider_timeout_rate_limit_and_server_errors_are_retryable[504] PASSED [ 31%]
readiness-unit-tests	Run unit tests	2026-10-03T05:41:24.8818990Z tests/unit/test_broker_token_authority.py::test_provider_auth_and_request_errors_are_platform_configuration_failures[401-{"error":"invalid_client"}-invalid_client] PASSED [ 31%]
readiness-unit-tests	Run unit tests	2026-10-03T05:41:24.8832390Z tests/unit/test_broker_token_authority.py::test_provider_auth_and_request_errors_are_platform_configuration_failures[401-{"message":"unauthorized"}-http_401] PASSED [ 31%]
readiness-unit-tests	Run unit tests	2026-10-03T05:41:24.8845370Z tests/unit/test_broker_token_authority.py::test_provider_auth_and_request_errors_are_platform_configuration_failures[401-not-json-http_401] PASSED [ 31%]
readiness-unit-tests	Run unit tests	2026-10-03T05:41:24.8858428Z tests/unit/test_broker_token_authority.py::test_provider_auth_and_request_errors_are_platform_configuration_failures[400-{"error":"invalid_request"}-invalid_request] PASSED [ 32%]
readiness-unit-tests	Run unit tests	2026-10-03T05:41:24.8879094Z tests/unit/test_broker_token_authority.py::test_provider_auth_and_request_errors_are_platform_configuration_failures[400-{"error":"unsupported_grant_type"}-unsupported_grant_type] PASSED [ 32%]
readiness-unit-tests	Run unit tests	2026-10-03T05:41:24.8892624Z tests/unit/test_broker_token_authority.py::test_provider_auth_and_request_errors_are_platform_configuration_failures[400-{"error":"unexpected_provider_code"}-unexpected_provider_code] PASSED [ 32%]
readiness-unit-tests	Run unit tests	2026-10-03T05:41:24.8904086Z tests/unit/test_broker_token_authority.py::test_provider_form_encoded_oauth_error_is_parsed_without_retaining_body PASSED [ 32%]
readiness-unit-tests	Run unit tests	2026-10-03T05:41:24.8915658Z tests/unit/test_broker_token_authority.py::test_schwab_refresh_preserves_the_working_client_credentials_form_contract PASSED [ 32%]
readiness-unit-tests	Run unit tests	2026-10-03T05:41:24.8926679Z tests/unit/test_broker_token_authority.py::test_missing_refresh_material_does_not_resolve_provider_credentials[schwab] PASSED [ 32%]
readiness-unit-tests	Run unit tests	2026-10-03T05:41:24.8938006Z tests/unit/test_broker_token_authority.py::test_missing_refresh_material_does_not_resolve_provider_credentials[tradier] PASSED [ 32%]
readiness-unit-tests	Run unit tests	2026-10-03T05:41:24.8952087Z tests/unit/test_broker_token_authority.py::test_stale_schwab_http_400_marks_reconnect_required PASSED [ 32%]
readiness-unit-tests	Run unit tests	2026-10-03T05:41:24.8964741Z tests/unit/test_broker_token_authority.py::test_recent_schwab_http_400_remains_platform_configuration_error PASSED [ 32%]
readiness-unit-tests	Run unit tests	2026-10-03T05:41:24.8976835Z tests/unit/test_broker_token_authority.py::test_stale_tradier_invalid_client_remains_platform_configuration_error PASSED [ 32%]
readiness-unit-tests	Run unit tests	2026-10-03T05:41:24.8990210Z tests/unit/test_broker_token_authority.py::test_platform_configuration_error_returns_non_retryable_typed_result PASSED [ 32%]
readiness-unit-tests	Run unit tests	2026-10-03T05:41:24.9032307Z tests/unit/test_broker_token_authority_lambda.py::test_rotation_envelope_uses_context_bound_aes_gcm_without_plaintext PASSED [ 32%]
readiness-unit-tests	Run unit tests	2026-10-03T05:41:24.9048954Z tests/unit/test_broker_token_authority_lambda.py::test_lost_lambda_response_replays_the_exact_cached_encrypted_result PASSED [ 32%]
readiness-unit-tests	Run unit tests	2026-10-03T05:41:24.9064043Z tests/unit/test_broker_token_authority_lambda.py::test_contract_mode_defaults_legacy_but_explicit_lease_is_self_describing PASSED [ 32%]
readiness-unit-tests	Run unit tests	2026-10-03T05:41:24.9077659Z tests/unit/test_broker_token_authority_lambda.py::test_legacy_token_family_field_is_normalized_to_the_internal_opaque_name PASSED [ 32%]
readiness-unit-tests	Run unit tests	2026-10-03T05:41:24.9093159Z tests/unit/test_broker_token_authority_lambda.py::test_current_token_path_does_not_read_provider_application_secrets PASSED [ 32%]
readiness-unit-tests	Run unit tests	2026-10-03T05:41:24.9110590Z tests/unit/test_broker_token_authority_lambda.py::test_refresh_reads_selected_provider_credentials_from_one_atomic_secret[schwab-schwab-provider-secret_payload0-expected_fields0] PASSED [ 32%]
readiness-unit-tests	Run unit tests	2026-10-03T05:41:24.9127472Z tests/unit/test_broker_token_authority_lambda.py::test_refresh_reads_selected_provider_credentials_from_one_atomic_secret[tradier-tradier-provider-secret_payload1-expected_fields1] PASSED [ 32%]
readiness-unit-tests	Run unit tests	2026-10-03T05:41:24.9141029Z tests/unit/test_broker_token_authority_lambda.py::test_aws_clients_are_reused_without_caching_secret_values PASSED [ 33%]
readiness-unit-tests	Run unit tests	2026-10-03T05:41:24.9152256Z tests/unit/test_build_lambda_assets.py::test_function_suffixes_dev_includes_complete_promotable_lambda_set PASSED [ 33%]
readiness-unit-tests	Run unit tests	2026-10-03T05:41:24.9162813Z tests/unit/test_build_lambda_assets.py::test_function_suffixes_prod_includes_prod_only_lambdas PASSED [ 33%]
readiness-unit-tests	Run unit tests	2026-10-03T05:41:24.9176565Z tests/unit/test_build_lambda_assets.py::test_dev_release_manifest_builds_every_lambda_asset_referenced_by_terraform PASSED [ 33%]
readiness-unit-tests	Run unit tests	2026-10-03T05:41:24.9187818Z tests/unit/test_build_lambda_assets.py::test_upload_function_package_hashes_bytes_without_temp_file PASSED [ 33%]
readiness-unit-tests	Run unit tests	2026-10-03T05:41:24.9198820Z tests/unit/test_build_lambda_assets.py::test_upload_function_package_allows_kms_key_override PASSED [ 33%]
readiness-unit-tests	Run unit tests	2026-10-03T05:41:24.9209803Z tests/unit/test_build_lambda_assets.py::test_lambda_asset_builder_uses_managed_tempdirs_for_artifacts PASSED [ 33%]
readiness-unit-tests	Run unit tests	2026-10-03T05:41:24.9237673Z tests/unit/test_build_lambda_assets.py::test_deterministic_zip_tree_normalizes_order_timestamps_and_permissions PASSED [ 33%]
readiness-unit-tests	Run unit tests	2026-10-03T05:41:24.9268848Z tests/unit/test_build_lambda_assets.py::test_lambda_package_hash_is_independent_of_source_mtime_and_mode PASSED [ 33%]
readiness-unit-tests	Run unit tests	2026-10-03T05:41:24.9290509Z tests/unit/test_build_lambda_assets.py::test_dependency_layer_fingerprint_changes_with_requirements PASSED [ 33%]
readiness-unit-tests	Run unit tests	2026-10-03T05:41:24.9310793Z tests/unit/test_build_lambda_assets.py::test_dependency_layer_fingerprint_changes_with_build_recipe PASSED [ 33%]
readiness-unit-tests	Run unit tests	2026-10-03T05:41:24.9333198Z tests/unit/test_build_lambda_assets.py::test_dependency_layer_build_context_includes_ignored_requirements PASSED [ 33%]
readiness-unit-tests	Run unit tests	2026-10-03T05:41:24.9350852Z tests/unit/test_build_lambda_assets.py::test_dependency_layer_copy_uses_host_user_ownership PASSED [ 33%]
readiness-unit-tests	Run unit tests	2026-10-03T05:41:24.9365416Z tests/unit/test_build_lambda_assets.py::test_dependency_layer_reuse_requires_exact_build_description PASSED [ 33%]
readiness-unit-tests	Run unit tests	2026-10-03T05:41:24.9386361Z tests/unit/test_build_lambda_assets.py::test_dependency_layer_validation_requires_cffi_native_module PASSED [ 33%]
readiness-unit-tests	Run unit tests	2026-10-03T05:41:24.9408287Z tests/unit/test_build_lambda_assets.py::test_dependency_layer_validation_accepts_required_x86_native_modules PASSED [ 33%]
readiness-unit-tests	Run unit tests	2026-10-03T05:41:24.9433009Z tests/unit/test_build_lambda_assets.py::test_dependency_layer_validation_rejects_wrong_native_architecture PASSED [ 33%]
readiness-unit-tests	Run unit tests	2026-10-03T05:41:24.9444025Z tests/unit/test_build_lambda_assets.py::test_lambda_asset_manifest_uses_terraform_source_code_hash PASSED [ 33%]
readiness-unit-tests	Run unit tests	2026-10-03T05:41:25.0788970Z tests/unit/test_build_lambda_assets.py::test_create_lambda_package_includes_expected_api_files PASSED [ 34%]
readiness-unit-tests	Run unit tests	2026-10-03T05:41:25.0838507Z tests/unit/test_build_lambda_assets.py::test_create_lambda_package_places_lambda_handler_at_zip_root PASSED [ 34%]
readiness-unit-tests	Run unit tests	2026-10-03T05:41:25.1327879Z tests/unit/test_build_lambda_assets.py::test_create_lambda_package_includes_scheduled_launcher_dependencies PASSED [ 34%]
readiness-unit-tests	Run unit tests	2026-10-03T05:41:25.1760947Z tests/unit/test_build_lambda_assets.py::test_create_lambda_package_includes_scheduled_task_state_recorder_dependencies PASSED [ 34%]
readiness-unit-tests	Run unit tests	2026-10-03T05:41:25.2196313Z tests/unit/test_build_lambda_assets.py::test_create_lambda_package_includes_broker_token_authority_dependencies PASSED [ 34%]
readiness-unit-tests	Run unit tests	2026-10-03T05:41:25.3400694Z tests/unit/test_build_lambda_assets.py::test_create_lambda_package_includes_scheduled_secret_cleanup_dependencies PASSED [ 34%]
readiness-unit-tests	Run unit tests	2026-10-03T05:41:25.3422257Z tests/unit/test_build_lambda_assets.py::test_create_lambda_package_fails_when_required_source_is_missing PASSED [ 34%]
readiness-unit-tests	Run unit tests	2026-10-03T05:41:25.3434583Z tests/unit/test_cleanup_backtest_experiment.py::test_only_successful_owned_dev_artifact_runs_are_cleanup_sources PASSED [ 34%]
readiness-unit-tests	Run unit tests	2026-10-03T05:41:25.3449493Z tests/unit/test_cleanup_backtest_experiment.py::test_candidate_list_is_bounded_new_derived_manifests_in_parent_first_order PASSED [ 34%]
readiness-unit-tests	Run unit tests	2026-10-03T05:41:25.3474027Z tests/unit/test_cleanup_backtest_experiment.py::test_configured_active_and_retagged_images_cannot_be_removed PASSED [ 34%]
readiness-unit-tests	Run unit tests	2026-10-03T05:41:25.3485041Z tests/unit/test_cleanup_backtest_experiment.py::test_cleanup_workflow_serializes_with_deployment_and_never_runs_terraform PASSED [ 34%]
readiness-unit-tests	Run unit tests	2026-10-03T05:41:25.3524365Z tests/unit/test_cleanup_backtest_experiment.py::test_snapshot_ownership_old_template_versions_and_current_manifest_are_protected PASSED [ 34%]
readiness-unit-tests	Run unit tests	2026-10-03T05:41:25.3539589Z tests/unit/test_cleanup_cost_leaks.py::test_cleanup_schedules_only_unreferenced_ephemeral_secret_with_seven_day_recovery PASSED [ 34%]
readiness-unit-tests	Run unit tests	2026-10-03T05:41:25.3551747Z tests/unit/test_cleanup_cost_leaks.py::test_cleanup_leaves_secret_already_pending_deletion_in_its_recovery_window PASSED [ 34%]
readiness-unit-tests	Run unit tests	2026-10-03T05:41:25.3562583Z tests/unit/test_cleanup_cost_leaks.py::test_incomplete_snapshot_blocks_volume_deletion PASSED [ 34%]
readiness-unit-tests	Run unit tests	2026-10-03T05:41:25.3572501Z tests/unit/test_cleanup_cost_leaks.py::test_allowlisted_legacy_bottlerocket_root_volume_is_deleted PASSED [ 34%]
readiness-unit-tests	Run unit tests	2026-10-03T05:41:25.3582966Z tests/unit/test_cleanup_cost_leaks.py::test_allowlisted_volume_from_non_bottlerocket_owner_is_preserved PASSED [ 34%]
readiness-unit-tests	Run unit tests	2026-10-03T05:41:25.3649107Z tests/unit/test_data_cache_lambda.py::test_validate_cache_key_allows_data_parquet_key PASSED [ 34%]
readiness-unit-tests	Run unit tests	2026-10-03T05:41:25.3672636Z tests/unit/test_data_cache_lambda.py::test_validate_cache_key_rejects_unscoped_or_relative_keys[metadata/thetadata/cache.parquet] PASSED [ 35%]
readiness-unit-tests	Run unit tests	2026-10-03T05:41:25.3694706Z tests/unit/test_data_cache_lambda.py::test_validate_cache_key_rejects_unscoped_or_relative_keys[tmp/cache.parquet] PASSED [ 35%]
readiness-unit-tests	Run unit tests	2026-10-03T05:41:25.3717143Z tests/unit/test_data_cache_lambda.py::test_validate_cache_key_rejects_unscoped_or_relative_keys[data/../metadata/cache.parquet] PASSED [ 35%]
readiness-unit-tests	Run unit tests	2026-10-03T05:41:25.3738944Z tests/unit/test_data_cache_lambda.py::test_validate_cache_key_rejects_unscoped_or_relative_keys[data//cache.parquet] PASSED [ 35%]
readiness-unit-tests	Run unit tests	2026-10-03T05:41:25.3761422Z tests/unit/test_data_cache_lambda.py::test_validate_cache_key_rejects_unscoped_or_relative_keys[/data/cache.parquet] PASSED [ 35%]
readiness-unit-tests	Run unit tests	2026-10-03T05:41:25.3784304Z tests/unit/test_data_cache_lambda.py::test_validate_cache_key_rejects_unscoped_or_relative_keys[data/cache.csv] PASSED [ 35%]
readiness-unit-tests	Run unit tests	2026-10-03T05:41:25.5275936Z tests/unit/test_dependency_wheelhouse.py::test_download_wheels_uses_bounded_parallel_fetches_and_keeps_manifest_sorted PASSED [ 35%]
readiness-unit-tests	Run unit tests	2026-10-03T05:41:25.5317745Z tests/unit/test_dependency_wheelhouse.py::test_download_wheels_rejects_reported_oversize_before_fetch PASSED [ 35%]
readiness-unit-tests	Run unit tests	2026-10-03T05:41:25.5359483Z tests/unit/test_dependency_wheelhouse.py::test_download_wheels_rejects_oversize_payload_and_removes_partial_file PASSED [ 35%]
readiness-unit-tests	Run unit tests	2026-10-03T05:41:25.5377751Z tests/unit/test_dependency_wheelhouse.py::test_default_wheel_download_streams_bounded_chunks PASSED [ 35%]
readiness-unit-tests	Run unit tests	2026-10-03T05:41:25.5390361Z tests/unit/test_dependency_wheelhouse.py::test_default_fetch_url_rejects_non_pypi_host_before_network PASSED [ 35%]
readiness-unit-tests	Run unit tests	2026-10-03T05:41:25.5404144Z tests/unit/test_dependency_wheelhouse.py::test_allowlisted_redirect_handler_allows_https_redirect_within_host_policy[_require_pypi_metadata_url-https://pypi.org/pypi/pkg/1/json-https://pypi.org/pypi/pkg/1.0/json] PASSED [ 35%]
readiness-unit-tests	Run unit tests	2026-10-03T05:41:25.5416828Z tests/unit/test_dependency_wheelhouse.py::test_allowlisted_redirect_handler_allows_https_redirect_within_host_policy[_require_pypi_wheel_url-https://files.pythonhosted.org/packages/pkg.whl-https://cdn.pythonhosted.org/packages/pkg.whl] PASSED [ 35%]
readiness-unit-tests	Run unit tests	2026-10-03T05:41:25.5430635Z tests/unit/test_dependency_wheelhouse.py::test_allowlisted_redirect_handler_rejects_redirect_before_followup_network[_require_pypi_metadata_url-https://pypi.org/pypi/pkg/1/json-https://attacker.invalid/metadata.json-metadata URL is not allowed] PASSED [ 35%]
readiness-unit-tests	Run unit tests	2026-10-03T05:41:25.5444709Z tests/unit/test_dependency_wheelhouse.py::test_allowlisted_redirect_handler_rejects_redirect_before_followup_network[_require_pypi_wheel_url-https://files.pythonhosted.org/packages/pkg.whl-https://attacker.invalid/pkg.whl-wheel URL is not allowed] PASSED [ 35%]
readiness-unit-tests	Run unit tests	2026-10-03T05:41:25.5457756Z tests/unit/test_dependency_wheelhouse.py::test_allowlisted_redirect_handler_rejects_redirect_before_followup_network[_require_pypi_wheel_url-https://files.pythonhosted.org/packages/pkg.whl-http://files.pythonhosted.org/packages/pkg.whl-wheel URL is not allowed] PASSED [ 35%]
readiness-unit-tests	Run unit tests	2026-10-03T05:41:25.5469868Z tests/unit/test_dependency_wheelhouse.py::test_open_allowlisted_url_revalidates_final_response_url PASSED [ 35%]
readiness-unit-tests	Run unit tests	2026-10-03T05:41:25.6048945Z tests/unit/test_dependency_wheelhouse.py::test_download_wheels_reports_first_lock_order_failure_and_leaves_no_partial_file PASSED [ 35%]
readiness-unit-tests	Run unit tests	2026-10-03T05:41:25.6070553Z tests/unit/test_dependency_wheelhouse.py::test_validate_fixed_public_pypi_requirements_accepts_pins_extras_and_markers PASSED [ 36%]
readiness-unit-tests	Run unit tests	2026-10-03T05:41:25.6082372Z tests/unit/test_dependency_wheelhouse.py::test_validate_fixed_public_pypi_requirements_rejects_unsafe_shapes[requests] PASSED [ 36%]
readiness-unit-tests	Run unit tests	2026-10-03T05:41:25.6095594Z tests/unit/test_dependency_wheelhouse.py::test_validate_fixed_public_pypi_requirements_rejects_unsafe_shapes[requests>=2.32] PASSED [ 36%]
readiness-unit-tests	Run unit tests	2026-10-03T05:41:25.6107967Z tests/unit/test_dependency_wheelhouse.py::test_validate_fixed_public_pypi_requirements_rejects_unsafe_shapes[requests~=2.32] PASSED [ 36%]
readiness-unit-tests	Run unit tests	2026-10-03T05:41:25.6120613Z tests/unit/test_dependency_wheelhouse.py::test_validate_fixed_public_pypi_requirements_rejects_unsafe_shapes[requests<3] PASSED [ 36%]
readiness-unit-tests	Run unit tests	2026-10-03T05:41:25.6132387Z tests/unit/test_dependency_wheelhouse.py::test_validate_fixed_public_pypi_requirements_rejects_unsafe_shapes[requests==2.*] PASSED [ 36%]
readiness-unit-tests	Run unit tests	2026-10-03T05:41:25.6145144Z tests/unit/test_dependency_wheelhouse.py::test_validate_fixed_public_pypi_requirements_rejects_unsafe_shapes[requests==2.31.0,==2.32.0] PASSED [ 36%]
readiness-unit-tests	Run unit tests	2026-10-03T05:41:25.6156698Z tests/unit/test_dependency_wheelhouse.py::test_validate_fixed_public_pypi_requirements_rejects_unsafe_shapes[--index-url https://example.invalid/simple] PASSED [ 36%]
readiness-unit-tests	Run unit tests	2026-10-03T05:41:25.6167884Z tests/unit/test_dependency_wheelhouse.py::test_validate_fixed_public_pypi_requirements_rejects_unsafe_shapes[--extra-index-url https://example.invalid/simple] PASSED [ 36%]
readiness-unit-tests	Run unit tests	2026-10-03T05:41:25.6179059Z tests/unit/test_dependency_wheelhouse.py::test_validate_fixed_public_pypi_requirements_rejects_unsafe_shapes[--find-links https://example.invalid/wheels] PASSED [ 36%]
readiness-unit-tests	Run unit tests	2026-10-03T05:41:25.6190498Z tests/unit/test_dependency_wheelhouse.py::test_validate_fixed_public_pypi_requirements_rejects_unsafe_shapes[--trusted-host example.invalid] PASSED [ 36%]
readiness-unit-tests	Run unit tests	2026-10-03T05:41:25.6202097Z tests/unit/test_dependency_wheelhouse.py::test_validate_fixed_public_pypi_requirements_rejects_unsafe_shapes[git+https://example.invalid/repo.git] PASSED [ 36%]
readiness-unit-tests	Run unit tests	2026-10-03T05:41:25.6213601Z tests/unit/test_dependency_wheelhouse.py::test_validate_fixed_public_pypi_requirements_rejects_unsafe_shapes[requests @ https://example.invalid/requests.whl] PASSED [ 36%]
readiness-unit-tests	Run unit tests	2026-10-03T05:41:25.6224767Z tests/unit/test_dependency_wheelhouse.py::test_validate_fixed_public_pypi_requirements_rejects_unsafe_shapes[-e .] PASSED [ 36%]
readiness-unit-tests	Run unit tests	2026-10-03T05:41:25.6236089Z tests/unit/test_dependency_wheelhouse.py::test_validate_fixed_public_pypi_requirements_rejects_unsafe_shapes[-r other.txt] PASSED [ 36%]
readiness-unit-tests	Run unit tests	2026-10-03T05:41:25.6247139Z tests/unit/test_dependency_wheelhouse.py::test_validate_fixed_public_pypi_requirements_rejects_unsafe_shapes[-c constraints.txt] PASSED [ 36%]
readiness-unit-tests	Run unit tests	2026-10-03T05:41:25.6258434Z tests/unit/test_dependency_wheelhouse.py::test_validate_fixed_public_pypi_requirements_rejects_unsafe_shapes[./local-package] PASSED [ 36%]
readiness-unit-tests	Run unit tests	2026-10-03T05:41:25.6269653Z tests/unit/test_dependency_wheelhouse.py::test_validate_fixed_public_pypi_requirements_rejects_unsafe_shapes[requests==${VERSION}] PASSED [ 36%]
readiness-unit-tests	Run unit tests	2026-10-03T05:41:25.6283556Z tests/unit/test_dependency_wheelhouse.py::test_artifact_key_is_stable_for_equivalent_normalized_requirements_and_changes_with_identity PASSED [ 36%]
readiness-unit-tests	Run unit tests	2026-10-03T05:41:25.6304138Z tests/unit/test_dependency_wheelhouse.py::test_verify_manifest_rejects_wrong_hash_and_missing_wheels PASSED [ 37%]
readiness-unit-tests	Run unit tests	2026-10-03T05:41:25.6338717Z tests/unit/test_dependency_wheelhouse.py::test_build_or_reuse_wheelhouse_uploads_ready_artifact_once PASSED [ 37%]
readiness-unit-tests	Run unit tests	2026-10-03T05:41:25.6352677Z tests/unit/test_dependency_wheelhouse.py::test_gc_retains_active_artifacts_and_deletes_inactive_unreferenced PASSED [ 37%]
readiness-unit-tests	Run unit tests	2026-10-03T05:41:25.6366577Z tests/unit/test_deployment_artifact_iam.py::test_custom_and_scheduled_task_roles_can_write_deployment_artifacts[custom_task] PASSED [ 37%]
readiness-unit-tests	Run unit tests	2026-10-03T05:41:25.6379346Z tests/unit/test_deployment_artifact_iam.py::test_custom_and_scheduled_task_roles_can_write_deployment_artifacts[scheduled_custom_task] PASSED [ 37%]
readiness-unit-tests	Run unit tests	2026-10-03T05:41:25.6395271Z tests/unit/test_deployment_artifact_iam.py::test_deployment_artifact_kms_writes_are_scoped_to_s3_cmk[custom_task] PASSED [ 37%]
readiness-unit-tests	Run unit tests	2026-10-03T05:41:25.6408711Z tests/unit/test_deployment_artifact_iam.py::test_deployment_artifact_kms_writes_are_scoped_to_s3_cmk[scheduled_custom_task] PASSED [ 37%]
readiness-unit-tests	Run unit tests	2026-10-03T05:41:25.6500368Z tests/unit/test_deployment_artifact_publisher.py::test_deployment_artifact_directories_prepare_scheduled_cache_roots PASSED [ 37%]
readiness-unit-tests	Run unit tests	2026-10-03T05:41:25.6594640Z tests/unit/test_deployment_artifact_publisher.py::test_deployment_artifact_publisher_uploads_agent_detail_memory_and_manifest PASSED [ 37%]
readiness-unit-tests	Run unit tests	2026-10-03T05:41:25.6959463Z tests/unit/test_deployment_artifact_publisher.py::test_deployment_artifact_publisher_accepts_agent_detail_csv_for_required_scheduled_run PASSED [ 37%]
readiness-unit-tests	Run unit tests	2026-10-03T05:41:25.7057432Z tests/unit/test_deployment_artifact_publisher.py::test_scheduled_agent_detail_summary_satisfies_required_family PASSED [ 37%]
readiness-unit-tests	Run unit tests	2026-10-03T05:41:25.7141630Z tests/unit/test_deployment_artifact_publisher.py::test_deployment_artifact_publisher_reports_best_effort_upload_errors PASSED [ 37%]
readiness-unit-tests	Run unit tests	2026-10-03T05:41:25.7207776Z tests/unit/test_deployment_artifact_publisher.py::test_deployment_artifact_publisher_is_disabled_without_prefix PASSED [ 37%]
readiness-unit-tests	Run unit tests	2026-10-03T05:41:25.7273278Z tests/unit/test_deployment_artifact_publisher.py::test_deployment_artifact_publisher_required_missing_prefix_raises PASSED [ 37%]
readiness-unit-tests	Run unit tests	2026-10-03T05:41:25.7356569Z tests/unit/test_deployment_artifact_publisher.py::test_deployment_artifact_publisher_required_missing_family_writes_failed_manifest PASSED [ 37%]
readiness-unit-tests	Run unit tests	2026-10-03T05:41:25.7441056Z tests/unit/test_deployment_artifact_publisher.py::test_deployment_artifact_publisher_optional_live_missing_family_is_artifact_error PASSED [ 37%]
readiness-unit-tests	Run unit tests	2026-10-03T05:41:25.7522794Z tests/unit/test_deployment_artifact_publisher.py::test_deployment_artifact_publisher_scheduled_missing_family_is_artifact_error PASSED [ 37%]
readiness-unit-tests	Run unit tests	2026-10-03T05:41:25.7603504Z tests/unit/test_deployment_artifact_publisher.py::test_deployment_artifact_publisher_scheduled_skipped_does_not_require_agent_detail PASSED [ 37%]
readiness-unit-tests	Run unit tests	2026-10-03T05:41:25.7615572Z tests/unit/test_deployment_stats.py::test_get_deployment_stats_uses_last_evaluated_key_for_has_more PASSED [ 38%]
readiness-unit-tests	Run unit tests	2026-10-03T05:41:25.7628269Z tests/unit/test_deployment_stats.py::test_get_deployment_stats_does_not_guess_has_more_from_full_page PASSED [ 38%]
readiness-unit-tests	Run unit tests	2026-10-03T05:41:25.7754608Z tests/unit/test_dev_capacity_cleanup_wait.py::test_cleanup_waits_for_existing_work_without_scaling_under_it[RUNNING] PASSED [ 38%]
readiness-unit-tests	Run unit tests	2026-10-03T05:41:25.7899712Z tests/unit/test_dev_capacity_cleanup_wait.py::test_cleanup_waits_for_existing_work_without_scaling_under_it[PENDING] PASSED [ 38%]
readiness-unit-tests	Run unit tests	2026-10-03T05:41:25.8308616Z tests/unit/test_dev_capacity_cleanup_wait.py::test_cleanup_remains_fail_closed_on_deadline_or_ambiguous_reads[busy] PASSED [ 38%]
readiness-unit-tests	Run unit tests	2026-10-03T05:41:25.8361775Z tests/unit/test_dev_capacity_cleanup_wait.py::test_cleanup_remains_fail_closed_on_deadline_or_ambiguous_reads[read-error] PASSED [ 38%]
readiness-unit-tests	Run unit tests	2026-10-03T05:41:25.8417995Z tests/unit/test_dev_capacity_cleanup_wait.py::test_cleanup_remains_fail_closed_on_deadline_or_ambiguous_reads[invalid-count] PASSED [ 38%]
readiness-unit-tests	Run unit tests	2026-10-03T05:41:25.8463702Z tests/unit/test_dev_capacity_cleanup_wait.py::test_cleanup_does_not_change_production_or_an_intentional_spare[prod-0] PASSED [ 38%]
readiness-unit-tests	Run unit tests	2026-10-03T05:41:25.8510853Z tests/unit/test_dev_capacity_cleanup_wait.py::test_cleanup_does_not_change_production_or_an_intentional_spare[dev-1] PASSED [ 38%]
readiness-unit-tests	Run unit tests	2026-10-03T05:41:25.8556903Z tests/unit/test_dev_capacity_cleanup_wait.py::test_release_receipt_requires_cleanup_and_finalization_does_not_repeat_it[0] PASSED [ 38%]
readiness-unit-tests	Run unit tests	2026-10-03T05:41:25.8602537Z tests/unit/test_dev_capacity_cleanup_wait.py::test_release_receipt_requires_cleanup_and_finalization_does_not_repeat_it[1] PASSED [ 38%]
readiness-unit-tests	Run unit tests	2026-10-03T05:41:25.8615969Z tests/unit/test_dev_managed_capacity_wait.py::test_zero_capacity_dev_provider_is_not_polled_for_ten_minutes PASSED [ 38%]
readiness-unit-tests	Run unit tests	2026-10-03T05:41:25.8744547Z tests/unit/test_dev_server_integration_config.py::test_integration_headers_include_admin_scope_when_configured PASSED [ 38%]
readiness-unit-tests	Run unit tests	2026-10-03T05:41:25.8759403Z tests/unit/test_dev_server_integration_config.py::test_integration_headers_omit_admin_scope_when_unconfigured PASSED [ 38%]
readiness-unit-tests	Run unit tests	2026-10-03T05:41:25.8771251Z tests/unit/test_dev_server_integration_config.py::test_lambda_jit_secret_policy_can_tag_created_secrets PASSED [ 38%]
readiness-unit-tests	Run unit tests	2026-10-03T05:41:25.8783214Z tests/unit/test_dev_server_integration_config.py::test_scheduled_custom_infra_covers_scheduled_runtime_data_prefixes PASSED [ 38%]
readiness-unit-tests	Run unit tests	2026-10-03T05:41:25.8795554Z tests/unit/test_dev_server_integration_config.py::test_runtime_roles_deny_durable_vault_secret_paths PASSED [ 38%]
readiness-unit-tests	Run unit tests	2026-10-03T05:41:25.8811720Z tests/unit/test_dsr_erasure.py::test_erase_bots_deletes_all_matching_cloudwatch_streams PASSED [ 38%]
readiness-unit-tests	Run unit tests	2026-10-03T05:41:25.8829522Z tests/unit/test_dsr_erasure.py::test_erase_bots_deletes_paginated_dynamodb_query_and_scan_items PASSED [ 39%]
readiness-unit-tests	Run unit tests	2026-10-03T05:41:25.8853696Z tests/unit/test_dsr_erasure.py::test_erase_bots_deletes_live_artifact_prefix_from_stored_location PASSED [ 39%]
readiness-unit-tests	Run unit tests	2026-10-03T05:41:27.8881275Z tests/unit/test_dsr_erasure.py::test_erase_bots_records_invalid_scheduled_runtime_prefix_and_continues PASSED [ 39%]
readiness-unit-tests	Run unit tests	2026-10-03T05:41:29.8908912Z tests/unit/test_dsr_erasure.py::test_erase_bots_aborts_when_scheduled_stop_warns PASSED [ 39%]
readiness-unit-tests	Run unit tests	2026-10-03T05:41:29.8934666Z tests/unit/test_dynamodb_bot_batch.py::test_batch_reads_chunk_and_deduplicate_keys_without_scan PASSED [ 39%]
readiness-unit-tests	Run unit tests	2026-10-03T05:41:29.8946579Z tests/unit/test_dynamodb_bot_batch.py::test_empty_scope_does_not_read_dynamodb PASSED [ 39%]
readiness-unit-tests	Run unit tests	2026-10-03T05:41:29.8964354Z tests/unit/test_dynamodb_bot_batch.py::test_batch_retries_only_unprocessed_keys_and_collects_complete_inventory PASSED [ 39%]
readiness-unit-tests	Run unit tests	2026-10-03T05:41:29.8983480Z tests/unit/test_dynamodb_bot_batch.py::test_persistent_throttling_fails_instead_of_returning_partial_success PASSED [ 39%]
readiness-unit-tests	Run unit tests	2026-10-03T05:41:29.8997331Z tests/unit/test_dynamodb_bot_batch.py::test_batch_aws_error_is_not_swallowed PASSED [ 39%]
readiness-unit-tests	Run unit tests	2026-10-03T05:41:29.9015693Z tests/unit/test_email_logging.py::test_send_failure_email_does_not_log_addresses PASSED [ 39%]
readiness-unit-tests	Run unit tests	2026-10-03T05:41:29.9117176Z tests/unit/test_email_notification_incidents.py::test_email_notification_records_incident_for_failed_backtest PASSED [ 39%]
readiness-unit-tests	Run unit tests	2026-10-03T05:41:29.9133267Z tests/unit/test_email_notification_incidents.py::test_email_notification_does_not_record_for_force_stopped PASSED [ 39%]
readiness-unit-tests	Run unit tests	2026-10-03T05:41:29.9152360Z tests/unit/test_email_notification_incidents.py::test_best_effort_backtest_data_logs_redacted_table_errors PASSED [ 39%]
readiness-unit-tests	Run unit tests	2026-10-03T05:41:29.9167408Z tests/unit/test_email_notification_incidents.py::test_email_config_uses_explicit_env_values PASSED [ 39%]
readiness-unit-tests	Run unit tests	2026-10-03T05:41:29.9190304Z tests/unit/test_email_notification_incidents.py::test_email_config_fails_closed_in_prod PASSED [ 39%]
readiness-unit-tests	Run unit tests	2026-10-03T05:41:29.9199746Z tests/unit/test_email_notification_incidents.py::test_email_config_has_no_default_recipients_in_dev PASSED [ 39%]
readiness-unit-tests	Run unit tests	2026-10-03T05:41:29.9215816Z tests/unit/test_email_notification_incidents.py::test_send_email_returns_generic_error_when_config_missing PASSED [ 39%]
readiness-unit-tests	Run unit tests	2026-10-03T05:41:29.9232348Z tests/unit/test_email_notification_incidents.py::test_generate_email_body_redacts_error_logs_and_prefetched_code PASSED [ 39%]
readiness-unit-tests	Run unit tests	2026-10-03T05:41:29.9247833Z tests/unit/test_email_notification_incidents.py::test_fetch_cloudwatch_logs_redacts_event_messages PASSED [ 40%]
readiness-unit-tests	Run unit tests	2026-10-03T05:41:29.9266294Z tests/unit/test_email_notification_incidents.py::test_fetch_bot_code_omits_source_by_default_but_returns_raw_for_strategy PASSED [ 40%]
readiness-unit-tests	Run unit tests	2026-10-03T05:41:29.9277637Z tests/unit/test_error_codes.py::test_classify_error_messages[Segmentation fault occurred-ERROR_CODE_CRASH] PASSED [ 40%]
readiness-unit-tests	Run unit tests	2026-10-03T05:41:29.9288630Z tests/unit/test_error_codes.py::test_classify_error_messages[Fatal error: exception thrown-ERROR_CODE_CRASH] PASSED [ 40%]
readiness-unit-tests	Run unit tests	2026-10-03T05:41:29.9300216Z tests/unit/test_error_codes.py::test_classify_error_messages[Traceback (most recent call last):-ERROR_CODE_UNKNOWN] PASSED [ 40%]
readiness-unit-tests	Run unit tests	2026-10-03T05:41:29.9311882Z tests/unit/test_error_codes.py::test_classify_error_messages[Process crashed unexpectedly-ERROR_CODE_CRASH] PASSED [ 40%]
readiness-unit-tests	Run unit tests	2026-10-03T05:41:29.9323012Z tests/unit/test_error_codes.py::test_classify_error_messages[Unhandled exception in thread-ERROR_CODE_CRASH] PASSED [ 40%]
readiness-unit-tests	Run unit tests	2026-10-03T05:41:29.9333725Z tests/unit/test_error_codes.py::test_classify_error_messages[Core dumped-ERROR_CODE_CRASH] PASSED [ 40%]
readiness-unit-tests	Run unit tests	2026-10-03T05:41:29.9344708Z tests/unit/test_error_codes.py::test_classify_error_messages[Connection timeout after 30 seconds-ERROR_CODE_TIMEOUT] PASSED [ 40%]
readiness-unit-tests	Run unit tests	2026-10-03T05:41:29.9355903Z tests/unit/test_error_codes.py::test_classify_error_messages[Request timed out-ERROR_CODE_TIMEOUT] PASSED [ 40%]
readiness-unit-tests	Run unit tests	2026-10-03T05:41:29.9367197Z tests/unit/test_error_codes.py::test_classify_error_messages[Deadline exceeded for operation-ERROR_CODE_TIMEOUT] PASSED [ 40%]
readiness-unit-tests	Run unit tests	2026-10-03T05:41:29.9384655Z tests/unit/test_error_codes.py::test_classify_error_messages[Time limit exceeded-ERROR_CODE_TIMEOUT] PASSED [ 40%]
readiness-unit-tests	Run unit tests	2026-10-03T05:41:29.9396097Z tests/unit/test_error_codes.py::test_classify_error_messages[Operation expired-ERROR_CODE_TIMEOUT] PASSED [ 40%]
readiness-unit-tests	Run unit tests	2026-10-03T05:41:29.9407162Z tests/unit/test_error_codes.py::test_classify_error_messages[Out of memory error-ERROR_CODE_OUT_OF_MEMORY] PASSED [ 40%]
readiness-unit-tests	Run unit tests	2026-10-03T05:41:29.9418244Z tests/unit/test_error_codes.py::test_classify_error_messages[OOM killer terminated process-ERROR_CODE_OUT_OF_MEMORY] PASSED [ 40%]
readiness-unit-tests	Run unit tests	2026-10-03T05:41:29.9429584Z tests/unit/test_error_codes.py::test_classify_error_messages[OOM killed process-ERROR_CODE_OUT_OF_MEMORY] PASSED [ 40%]
readiness-unit-tests	Run unit tests	2026-10-03T05:41:29.9440983Z tests/unit/test_error_codes.py::test_classify_error_messages[Memory limit exceeded-ERROR_CODE_OUT_OF_MEMORY] PASSED [ 40%]
readiness-unit-tests	Run unit tests	2026-10-03T05:41:29.9451863Z tests/unit/test_error_codes.py::test_classify_error_messages[Cannot allocate memory-ERROR_CODE_OUT_OF_MEMORY] PASSED [ 40%]
readiness-unit-tests	Run unit tests	2026-10-03T05:41:29.9462880Z tests/unit/test_error_codes.py::test_classify_error_messages[Memory exhausted-ERROR_CODE_OUT_OF_MEMORY] PASSED [ 40%]
readiness-unit-tests	Run unit tests	2026-10-03T05:41:29.9474463Z tests/unit/test_error_codes.py::test_classify_error_messages[Task failed to start in ECS-ERROR_CODE_DEPLOYMENT_FAILED] PASSED [ 41%]
readiness-unit-tests	Run unit tests	2026-10-03T05:41:29.9485417Z tests/unit/test_error_codes.py::test_classify_error_messages[Container failed to deploy-ERROR_CODE_DEPLOYMENT_FAILED] PASSED [ 41%]
readiness-unit-tests	Run unit tests	2026-10-03T05:41:29.9496470Z tests/unit/test_error_codes.py::test_classify_error_messages[Image pull failed-ERROR_CODE_DEPLOYMENT_FAILED] PASSED [ 41%]
readiness-unit-tests	Run unit tests	2026-10-03T05:41:29.9507384Z tests/unit/test_error_codes.py::test_classify_error_messages[Service unavailable-ERROR_CODE_DEPLOYMENT_FAILED] PASSED [ 41%]
readiness-unit-tests	Run unit tests	2026-10-03T05:41:29.9518508Z tests/unit/test_error_codes.py::test_classify_error_messages[Deployment failed-ERROR_CODE_DEPLOYMENT_FAILED] PASSED [ 41%]
readiness-unit-tests	Run unit tests	2026-10-03T05:41:29.9529784Z tests/unit/test_error_codes.py::test_classify_error_messages[Connection refused by server-ERROR_CODE_NETWORK_ERROR] PASSED [ 41%]
readiness-unit-tests	Run unit tests	2026-10-03T05:41:29.9541034Z tests/unit/test_error_codes.py::test_classify_error_messages[DNS resolution failed-ERROR_CODE_NETWORK_ERROR] PASSED [ 41%]
readiness-unit-tests	Run unit tests	2026-10-03T05:41:29.9552313Z tests/unit/test_error_codes.py::test_classify_error_messages[Network timeout occurred-ERROR_CODE_NETWORK_ERROR] PASSED [ 41%]
readiness-unit-tests	Run unit tests	2026-10-03T05:41:29.9563144Z tests/unit/test_error_codes.py::test_classify_error_messages[Socket error-ERROR_CODE_NETWORK_ERROR] PASSED [ 41%]
readiness-unit-tests	Run unit tests	2026-10-03T05:41:29.9574204Z tests/unit/test_error_codes.py::test_classify_error_messages[Connection lost-ERROR_CODE_NETWORK_ERROR] PASSED [ 41%]
readiness-unit-tests	Run unit tests	2026-10-03T05:41:29.9585122Z tests/unit/test_error_codes.py::test_classify_error_messages[Authentication failed for user-ERROR_CODE_AUTH_FAILED] PASSED [ 41%]
readiness-unit-tests	Run unit tests	2026-10-03T05:41:29.9596469Z tests/unit/test_error_codes.py::test_classify_error_messages[Invalid credentials provided-ERROR_CODE_AUTH_FAILED] PASSED [ 41%]
readiness-unit-tests	Run unit tests	2026-10-03T05:41:29.9607460Z tests/unit/test_error_codes.py::test_classify_error_messages[Access denied - permission error-ERROR_CODE_AUTH_FAILED] PASSED [ 41%]
readiness-unit-tests	Run unit tests	2026-10-03T05:41:29.9618414Z tests/unit/test_error_codes.py::test_classify_error_messages[Unauthorized request-ERROR_CODE_AUTH_FAILED] PASSED [ 41%]
readiness-unit-tests	Run unit tests	2026-10-03T05:41:29.9629792Z tests/unit/test_error_codes.py::test_classify_error_messages[Forbidden access-ERROR_CODE_AUTH_FAILED] PASSED [ 41%]
readiness-unit-tests	Run unit tests	2026-10-03T05:41:29.9641195Z tests/unit/test_error_codes.py::test_classify_error_messages[Schwab OAuth refresh failed: invalid_grant-ERROR_CODE_AUTH_FAILED] PASSED [ 41%]
readiness-unit-tests	Run unit tests	2026-10-03T05:41:29.9652306Z tests/unit/test_error_codes.py::test_classify_error_messages[unsupported_token_type returned by broker-ERROR_CODE_AUTH_FAILED] PASSED [ 41%]
readiness-unit-tests	Run unit tests	2026-10-03T05:41:29.9663337Z tests/unit/test_error_codes.py::test_classify_error_messages[refresh token expired or revoked-ERROR_CODE_AUTH_FAILED] PASSED [ 41%]
readiness-unit-tests	Run unit tests	2026-10-03T05:41:29.9674487Z tests/unit/test_error_codes.py::test_classify_error_messages[invalid refresh token for Schwab account-ERROR_CODE_AUTH_FAILED] PASSED [ 42%]
readiness-unit-tests	Run unit tests	2026-10-03T05:41:29.9685462Z tests/unit/test_error_codes.py::test_classify_error_messages[Broker status reconnect_required-ERROR_CODE_AUTH_FAILED] PASSED [ 42%]
readiness-unit-tests	Run unit tests	2026-10-03T05:41:29.9696579Z tests/unit/test_error_codes.py::test_classify_error_messages[Capacity exceeded for service-ERROR_CODE_RESOURCE_UNAVAILABLE] PASSED [ 42%]
readiness-unit-tests	Run unit tests	2026-10-03T05:41:29.9708023Z tests/unit/test_error_codes.py::test_classify_error_messages[Insufficient resources available-ERROR_CODE_RESOURCE_UNAVAILABLE] PASSED [ 42%]
readiness-unit-tests	Run unit tests	2026-10-03T05:41:29.9719362Z tests/unit/test_error_codes.py::test_classify_error_messages[Quota exceeded for API-ERROR_CODE_RESOURCE_UNAVAILABLE] PASSED [ 42%]
readiness-unit-tests	Run unit tests	2026-10-03T05:41:29.9730726Z tests/unit/test_error_codes.py::test_classify_error_messages[Resource limit reached-ERROR_CODE_RESOURCE_UNAVAILABLE] PASSED [ 42%]
readiness-unit-tests	Run unit tests	2026-10-03T05:41:29.9741898Z tests/unit/test_error_codes.py::test_classify_error_messages[No available instances-ERROR_CODE_RESOURCE_UNAVAILABLE] PASSED [ 42%]
readiness-unit-tests	Run unit tests	2026-10-03T05:41:29.9753465Z tests/unit/test_error_codes.py::test_classify_error_messages[Invalid configuration parameter-ERROR_CODE_CONFIG_ERROR] PASSED [ 42%]
readiness-unit-tests	Run unit tests	2026-10-03T05:41:29.9764497Z tests/unit/test_error_codes.py::test_classify_error_messages[Missing required environment variable-ERROR_CODE_CONFIG_ERROR] PASSED [ 42%]
readiness-unit-tests	Run unit tests	2026-10-03T05:41:29.9775451Z tests/unit/test_error_codes.py::test_classify_error_messages[Validation failed for config-ERROR_CODE_CONFIG_ERROR] PASSED [ 42%]
readiness-unit-tests	Run unit tests	2026-10-03T05:41:29.9786485Z tests/unit/test_error_codes.py::test_classify_error_messages[Configuration error occurred-ERROR_CODE_CONFIG_ERROR] PASSED [ 42%]
readiness-unit-tests	Run unit tests	2026-10-03T05:41:29.9797764Z tests/unit/test_error_codes.py::test_classify_error_messages[Invalid parameter value-ERROR_CODE_CONFIG_ERROR] PASSED [ 42%]
readiness-unit-tests	Run unit tests	2026-10-03T05:41:29.9808964Z tests/unit/test_error_codes.py::test_classify_error_messages[Some unclassified error message-ERROR_CODE_UNKNOWN] PASSED [ 42%]
readiness-unit-tests	Run unit tests	2026-10-03T05:41:29.9820253Z tests/unit/test_error_codes.py::test_classify_error_messages[Random application error-ERROR_CODE_UNKNOWN] PASSED [ 42%]
readiness-unit-tests	Run unit tests	2026-10-03T05:41:29.9831570Z tests/unit/test_error_codes.py::test_classify_error_messages[Unexpected failure occurred-ERROR_CODE_UNKNOWN] PASSED [ 42%]
readiness-unit-tests	Run unit tests	2026-10-03T05:41:29.9842087Z tests/unit/test_error_codes.py::test_classify_error_messages[-ERROR_CODE_UNKNOWN] PASSED [ 42%]
readiness-unit-tests	Run unit tests	2026-10-03T05:41:29.9853221Z tests/unit/test_error_codes.py::test_classify_error_messages[Generic error without keywords-ERROR_CODE_UNKNOWN] PASSED [ 42%]
readiness-unit-tests	Run unit tests	2026-10-03T05:41:29.9863936Z tests/unit/test_error_codes.py::test_classify_error_messages[SEGMENTATION FAULT-ERROR_CODE_CRASH] PASSED [ 42%]
readiness-unit-tests	Run unit tests	2026-10-03T05:41:29.9875039Z tests/unit/test_error_codes.py::test_classify_error_messages[Connection Timeout-ERROR_CODE_TIMEOUT] PASSED [ 43%]
readiness-unit-tests	Run unit tests	2026-10-03T05:41:29.9885728Z tests/unit/test_error_codes.py::test_classify_error_messages[out Of Memory-ERROR_CODE_OUT_OF_MEMORY] PASSED [ 43%]
readiness-unit-tests	Run unit tests	2026-10-03T05:41:29.9897334Z tests/unit/test_error_codes.py::test_classify_error_uses_logs[General error occurred-2024-01-01 10:00:00 ERROR: Traceback (most recent call last): RuntimeError-ERROR_CODE_UNKNOWN] PASSED [ 43%]
readiness-unit-tests	Run unit tests	2026-10-03T05:41:29.9909064Z tests/unit/test_error_codes.py::test_classify_error_uses_logs[Error-2024-01-01 10:00:00 ERROR: Connection timed out after 30 seconds-ERROR_CODE_TIMEOUT] PASSED [ 43%]
readiness-unit-tests	Run unit tests	2026-10-03T05:41:29.9920973Z tests/unit/test_error_codes.py::test_classify_error_uses_logs[main.py script failed with exit code: 1-Traceback (most recent call last): invalid_grant Refresh token is invalid, expired or revoked-ERROR_CODE_AUTH_FAILED] PASSED [ 43%]
readiness-unit-tests	Run unit tests	2026-10-03T05:41:29.9929746Z tests/unit/test_error_codes.py::test_classify_error_priority_order PASSED [ 43%]
readiness-unit-tests	Run unit tests	2026-10-03T05:41:29.9940249Z tests/unit/test_export_serializable.py::test_export_data_serializable PASSED [ 43%]
readiness-unit-tests	Run unit tests	2026-10-03T05:41:29.9964322Z tests/unit/test_export_serializable.py::test_export_bots_redacts_s3_text_content_and_metadata PASSED [ 43%]
readiness-unit-tests	Run unit tests	2026-10-03T05:41:30.0017813Z tests/unit/test_export_serializable.py::test_export_bots_redacts_sensitive_exception_text PASSED [ 43%]
readiness-unit-tests	Run unit tests	2026-10-03T05:41:30.0043283Z tests/unit/test_export_serializable.py::test_export_bots_paginates_all_s3_objects_and_log_streams PASSED [ 43%]
readiness-unit-tests	Run unit tests	2026-10-03T05:41:30.0063096Z tests/unit/test_export_serializable.py::test_export_bots_collects_all_dynamodb_query_and_scan_pages PASSED [ 43%]
readiness-unit-tests	Run unit tests	2026-10-03T05:41:30.0084425Z tests/unit/test_export_serializable.py::test_export_bots_includes_live_artifacts_from_stored_location PASSED [ 43%]
readiness-unit-tests	Run unit tests	2026-10-03T05:41:30.0106354Z tests/unit/test_export_serializable.py::test_export_bots_records_invalid_scheduled_runtime_prefix_and_continues PASSED [ 43%]
readiness-unit-tests	Run unit tests	2026-10-03T05:41:30.0117399Z tests/unit/test_fargate_pull_retry.py::test_pull_retry_rejects_non_prestart_image_failures[changes0] PASSED [ 43%]
readiness-unit-tests	Run unit tests	2026-10-03T05:41:30.0132787Z tests/unit/test_fargate_pull_retry.py::test_pull_retry_rejects_non_prestart_image_failures[changes1] PASSED [ 43%]
readiness-unit-tests	Run unit tests	2026-10-03T05:41:30.0137223Z tests/unit/test_fargate_pull_retry.py::test_pull_retry_rejects_non_prestart_image_failures[changes2] PASSED [ 43%]
readiness-unit-tests	Run unit tests	2026-10-03T05:41:30.0147519Z tests/unit/test_fargate_pull_retry.py::test_pull_retry_rejects_non_prestart_image_failures[changes3] PASSED [ 43%]
readiness-unit-tests	Run unit tests	2026-10-03T05:41:30.0159426Z tests/unit/test_fargate_pull_retry.py::test_pull_retry_launch_spec_reuses_only_supported_ecs_inputs PASSED [ 43%]
readiness-unit-tests	Run unit tests	2026-10-03T05:41:30.1272295Z tests/unit/test_fargate_pull_retry.py::test_pull_retry_claim_is_atomic_and_bounded_to_one_attempt PASSED [ 44%]
readiness-unit-tests	Run unit tests	2026-10-03T05:41:30.2470870Z tests/unit/test_fargate_pull_retry.py::test_expired_pull_retry_claim_can_resume_with_same_bounded_attempt PASSED [ 44%]
readiness-unit-tests	Run unit tests	2026-10-03T05:41:30.2481177Z tests/unit/test_filter_sensitive.py::test_filter_sensitive_removes_pii_fields PASSED [ 44%]
readiness-unit-tests	Run unit tests	2026-10-03T05:41:30.2494551Z tests/unit/test_filter_sensitive.py::test_filter_sensitive_reuses_repeated_key_classification PASSED [ 44%]
readiness-unit-tests	Run unit tests	2026-10-03T05:41:30.2509840Z tests/unit/test_filter_sensitive.py::test_redact_sensitive_text_preserves_safe_log_markers PASSED [ 44%]
readiness-unit-tests	Run unit tests	2026-10-03T05:41:30.2710692Z tests/unit/test_flask_start_custom.py::test_start_custom_treats_deploying_as_success PASSED [ 44%]
readiness-unit-tests	Run unit tests	2026-10-03T05:41:30.2906458Z tests/unit/test_flask_start_custom.py::test_broker_runtime_access_resolver_uses_capability_without_broad_api_key PASSED [ 44%]
readiness-unit-tests	Run unit tests	2026-10-03T05:41:30.3092634Z tests/unit/test_flask_start_custom.py::test_broker_runtime_access_resolver_requires_bearer_capability PASSED [ 44%]
readiness-unit-tests	Run unit tests	2026-10-03T05:41:30.3277724Z tests/unit/test_flask_start_custom.py::test_start_custom_rejects_non_empty_legacy_broker_config PASSED [ 44%]
readiness-unit-tests	Run unit tests	2026-10-03T05:41:30.3464689Z tests/unit/test_flask_start_custom.py::test_start_custom_wires_managed_runtime_secret_only_with_trusted_scope PASSED [ 44%]
readiness-unit-tests	Run unit tests	2026-10-03T05:41:30.3649847Z tests/unit/test_flask_start_custom.py::test_start_custom_forwards_explicit_managed_ai_capability_with_trusted_scope PASSED [ 44%]
readiness-unit-tests	Run unit tests	2026-10-03T05:41:30.3930707Z tests/unit/test_flask_start_custom.py::test_start_custom_rejects_managed_ai_capability_without_trusted_scope PASSED [ 44%]
readiness-unit-tests	Run unit tests	2026-10-03T05:41:30.4121130Z tests/unit/test_flask_start_custom.py::test_start_custom_ignores_untrusted_approval_identity PASSED [ 44%]
readiness-unit-tests	Run unit tests	2026-10-03T05:41:30.4313252Z tests/unit/test_flask_start_custom.py::test_start_custom_requires_and_verifies_bound_ibkr_approval PASSED [ 44%]
readiness-unit-tests	Run unit tests	2026-10-03T05:41:30.4503706Z tests/unit/test_flask_start_custom.py::test_start_custom_rejects_ibkr_code_tampered_after_approval PASSED [ 44%]
readiness-unit-tests	Run unit tests	2026-10-03T05:41:30.4692673Z tests/unit/test_flask_start_custom.py::test_start_custom_rejects_existing_secret_without_trusted_scope PASSED [ 44%]
readiness-unit-tests	Run unit tests	2026-10-03T05:41:30.4882304Z tests/unit/test_flask_start_custom.py::test_start_custom_rejects_non_boolean_runtime_renewal_contract PASSED [ 44%]
readiness-unit-tests	Run unit tests	2026-10-03T05:41:30.5069031Z tests/unit/test_flask_start_custom.py::test_backtest_rejects_invalid_bot_id_before_manager_call PASSED [ 44%]
readiness-unit-tests	Run unit tests	2026-10-03T05:41:30.5256191Z tests/unit/test_flask_start_custom.py::test_backtest_rejects_reserved_runtime_env PASSED [ 45%]
readiness-unit-tests	Run unit tests	2026-10-03T05:41:30.5441977Z tests/unit/test_flask_start_custom.py::test_backtest_protects_internal_env_and_normalizes_bot_config PASSED [ 45%]
readiness-unit-tests	Run unit tests	2026-10-03T05:41:30.5629971Z tests/unit/test_flask_start_custom.py::test_backtest_forwards_existing_runtime_secret_refs PASSED [ 45%]
readiness-unit-tests	Run unit tests	2026-10-03T05:41:30.5931965Z tests/unit/test_flask_start_custom.py::test_backtest_rejects_existing_secret_without_trusted_scope PASSED [ 45%]
readiness-unit-tests	Run unit tests	2026-10-03T05:41:30.6120413Z tests/unit/test_flask_start_custom.py::test_backtest_surfaces_manager_validation_failure PASSED [ 45%]
readiness-unit-tests	Run unit tests	2026-10-03T05:41:30.6308911Z tests/unit/test_flask_start_custom.py::test_start_scheduled_custom_wires_to_scheduled_manager PASSED [ 45%]
readiness-unit-tests	Run unit tests	2026-10-03T05:41:30.6497728Z tests/unit/test_flask_start_custom.py::test_reconcile_scheduled_custom_policy_requires_scope_and_wires_exact_identity PASSED [ 45%]
readiness-unit-tests	Run unit tests	2026-10-03T05:41:30.6691783Z tests/unit/test_flask_start_custom.py::test_scheduled_custom_status_change_and_runtime_readback PASSED [ 45%]
readiness-unit-tests	Run unit tests	2026-10-03T05:41:30.6882224Z tests/unit/test_flask_start_custom.py::test_scheduled_custom_schedule_mutation_rejects_wrong_deployment PASSED [ 45%]
readiness-unit-tests	Run unit tests	2026-10-03T05:41:30.7066333Z tests/unit/test_flask_start_custom.py::test_start_scheduled_custom_rejects_non_empty_legacy_broker_config PASSED [ 45%]
readiness-unit-tests	Run unit tests	2026-10-03T05:41:30.7268006Z tests/unit/test_flask_start_custom.py::test_start_scheduled_custom_rejects_missing_artifact_metadata PASSED [ 45%]
readiness-unit-tests	Run unit tests	2026-10-03T05:41:30.7439749Z tests/unit/test_flask_start_custom.py::test_start_scheduled_custom_accepts_schedule_object_and_secret_refs PASSED [ 45%]
readiness-unit-tests	Run unit tests	2026-10-03T05:41:30.7630181Z tests/unit/test_flask_start_custom.py::test_start_scheduled_custom_surfaces_dependency_building_fields PASSED [ 45%]
readiness-unit-tests	Run unit tests	2026-10-03T05:41:30.7938562Z tests/unit/test_flask_start_custom.py::test_single_trade_queues_lambda_executor PASSED [ 45%]
readiness-unit-tests	Run unit tests	2026-10-03T05:41:30.8128193Z tests/unit/test_flask_start_custom.py::test_single_trade_requires_runtime_secret_ref PASSED [ 45%]
readiness-unit-tests	Run unit tests	2026-10-03T05:41:30.8319707Z tests/unit/test_flask_start_custom.py::test_single_trade_queues_option_order_payload PASSED [ 45%]
readiness-unit-tests	Run unit tests	2026-10-03T05:41:30.8509354Z tests/unit/test_flask_start_custom.py::test_single_trade_requires_high_risk_approval_metadata PASSED [ 45%]
readiness-unit-tests	Run unit tests	2026-10-03T05:41:30.8698590Z tests/unit/test_flask_start_custom.py::test_single_trade_rejects_malformed_approval_digest PASSED [ 45%]
readiness-unit-tests	Run unit tests	2026-10-03T05:41:30.8889841Z tests/unit/test_flask_start_custom.py::test_single_trade_rejects_bot_id_that_does_not_match_approval PASSED [ 45%]
readiness-unit-tests	Run unit tests	2026-10-03T05:41:30.9075844Z tests/unit/test_flask_start_custom.py::test_single_trade_requires_trusted_service_scope PASSED [ 46%]
readiness-unit-tests	Run unit tests	2026-10-03T05:41:30.9260681Z tests/unit/test_flask_start_custom.py::test_single_trade_rejects_bot_config_env_channel PASSED [ 46%]
readiness-unit-tests	Run unit tests	2026-10-03T05:41:30.9445251Z tests/unit/test_flask_start_custom.py::test_single_trade_rejects_raw_broker_config_channel PASSED [ 46%]
readiness-unit-tests	Run unit tests	2026-10-03T05:41:30.9631941Z tests/unit/test_flask_start_custom.py::test_single_trade_rejects_invalid_order_before_manager_call PASSED [ 46%]
readiness-unit-tests	Run unit tests	2026-10-03T05:41:30.9934376Z tests/unit/test_flask_start_custom.py::test_single_trade_rejects_caller_supplied_code_fields PASSED [ 46%]
readiness-unit-tests	Run unit tests	2026-10-03T05:41:31.2892665Z tests/unit/test_flask_start_custom.py::test_single_trade_rejects_unsupported_trade_shapes[trade_payload0-option trades require] PASSED [ 46%]
readiness-unit-tests	Run unit tests	2026-10-03T05:41:31.3092044Z tests/unit/test_flask_start_custom.py::test_single_trade_rejects_unsupported_trade_shapes[trade_payload1-legs must be a non-empty array] PASSED [ 46%]
readiness-unit-tests	Run unit tests	2026-10-03T05:41:31.3286854Z tests/unit/test_flask_start_custom.py::test_single_trade_rejects_unsupported_trade_shapes[trade_payload2-unsupported top-level field(s): quantity] PASSED [ 46%]
readiness-unit-tests	Run unit tests	2026-10-03T05:41:31.3480912Z tests/unit/test_flask_start_custom.py::test_single_trade_rejects_unsupported_trade_shapes[trade_payload3-only supported for limit, debit, and credit multi-leg orders] PASSED [ 46%]
readiness-unit-tests	Run unit tests	2026-10-03T05:41:31.3673001Z tests/unit/test_flask_start_custom.py::test_single_trade_allows_multileg_without_local_broker_capability_preblock PASSED [ 46%]
readiness-unit-tests	Run unit tests	2026-10-03T05:41:31.3867194Z tests/unit/test_flask_start_custom.py::test_single_trade_allows_multileg_for_supported_brokers[alpaca] PASSED [ 46%]
readiness-unit-tests	Run unit tests	2026-10-03T05:41:31.4058868Z tests/unit/test_flask_start_custom.py::test_single_trade_allows_multileg_for_supported_brokers[tradier] PASSED [ 46%]
readiness-unit-tests	Run unit tests	2026-10-03T05:41:31.4253009Z tests/unit/test_flask_start_custom.py::test_single_trade_allows_multileg_for_supported_brokers[schwab] PASSED [ 46%]
readiness-unit-tests	Run unit tests	2026-10-03T05:41:31.4528740Z tests/unit/test_flask_start_custom.py::test_portfolio_snapshot_schedules_no_trade_lumibot_task PASSED [ 46%]
readiness-unit-tests	Run unit tests	2026-10-03T05:41:31.4720186Z tests/unit/test_flask_start_custom.py::test_portfolio_snapshot_passes_requested_broker_token_refresh_policy PASSED [ 46%]
readiness-unit-tests	Run unit tests	2026-10-03T05:41:31.4908450Z tests/unit/test_flask_start_custom.py::test_portfolio_snapshot_rejects_broker_oauth_app_config PASSED [ 46%]
readiness-unit-tests	Run unit tests	2026-10-03T05:41:31.5097908Z tests/unit/test_flask_start_custom.py::test_portfolio_snapshot_rejects_unsupported_broker_token_refresh_policy PASSED [ 46%]
readiness-unit-tests	Run unit tests	2026-10-03T05:41:31.5288518Z tests/unit/test_flask_start_custom.py::test_portfolio_snapshot_accepts_broker_only_without_env_var_sets PASSED [ 46%]
readiness-unit-tests	Run unit tests	2026-10-03T05:41:31.5485790Z tests/unit/test_flask_start_custom.py::test_portfolio_snapshot_requires_immediate_task_when_requested PASSED [ 47%]
readiness-unit-tests	Run unit tests	2026-10-03T05:41:31.5682234Z tests/unit/test_flask_start_custom.py::test_portfolio_snapshot_requires_status_record_after_schedule PASSED [ 47%]
readiness-unit-tests	Run unit tests	2026-10-03T05:41:31.5873645Z tests/unit/test_flask_start_custom.py::test_portfolio_snapshot_rejects_caller_supplied_code_fields PASSED [ 47%]
readiness-unit-tests	Run unit tests	2026-10-03T05:41:31.6065151Z tests/unit/test_flask_start_custom.py::test_portfolio_snapshot_rejects_invalid_env_var_set_ids PASSED [ 47%]
readiness-unit-tests	Run unit tests	2026-10-03T05:41:31.6253574Z tests/unit/test_flask_start_custom.py::test_portfolio_snapshot_requires_trusted_service_scope PASSED [ 47%]
readiness-unit-tests	Run unit tests	2026-10-03T05:41:31.6565305Z tests/unit/test_flask_start_custom.py::test_portfolio_snapshot_rejects_secret_side_channels PASSED [ 47%]
readiness-unit-tests	Run unit tests	2026-10-03T05:41:31.6763689Z tests/unit/test_flask_start_custom.py::test_portfolio_snapshot_rejects_unknown_runtime_secret_values PASSED [ 47%]
readiness-unit-tests	Run unit tests	2026-10-03T05:41:31.6947907Z tests/unit/test_flask_start_custom.py::test_single_trade_rejects_extreme_numeric_values_before_manager_call PASSED [ 47%]
readiness-unit-tests	Run unit tests	2026-10-03T05:41:31.7156519Z tests/unit/test_flask_start_custom.py::test_broker_data_fetches_lambda_result PASSED [ 47%]
readiness-unit-tests	Run unit tests	2026-10-03T05:41:31.7365512Z tests/unit/test_flask_start_custom.py::test_broker_data_sanitizes_public_lambda_result PASSED [ 47%]
readiness-unit-tests	Run unit tests	2026-10-03T05:41:31.7558175Z tests/unit/test_flask_start_custom.py::test_broker_data_rejects_invalid_runtime_secret_purpose PASSED [ 47%]
readiness-unit-tests	Run unit tests	2026-10-03T05:41:31.7746301Z tests/unit/test_flask_start_custom.py::test_broker_data_requires_trusted_service_scope PASSED [ 47%]
readiness-unit-tests	Run unit tests	2026-10-03T05:41:31.7936893Z tests/unit/test_flask_start_custom.py::test_broker_data_requires_current_protocol_version PASSED [ 47%]
readiness-unit-tests	Run unit tests	2026-10-03T05:41:31.8132825Z tests/unit/test_flask_start_custom.py::test_broker_data_accepts_versioned_node_multi_symbol_contract PASSED [ 47%]
readiness-unit-tests	Run unit tests	2026-10-03T05:41:31.8322104Z tests/unit/test_flask_start_custom.py::test_broker_data_requires_runtime_secret_ref PASSED [ 47%]
readiness-unit-tests	Run unit tests	2026-10-03T05:41:31.8633467Z tests/unit/test_flask_start_custom.py::test_broker_data_accepts_top_level_typed_option_chain_fields PASSED [ 47%]
readiness-unit-tests	Run unit tests	2026-10-03T05:41:31.8829244Z tests/unit/test_flask_start_custom.py::test_broker_data_accepts_top_level_quote_symbols PASSED [ 47%]
readiness-unit-tests	Run unit tests	2026-10-03T05:41:31.9019522Z tests/unit/test_flask_start_custom.py::test_broker_data_rejects_raw_broker_config_channel PASSED [ 47%]
readiness-unit-tests	Run unit tests	2026-10-03T05:41:31.9211304Z tests/unit/test_flask_start_custom.py::test_broker_data_rejects_caller_supplied_code_fields PASSED [ 48%]
readiness-unit-tests	Run unit tests	2026-10-03T05:41:31.9402990Z tests/unit/test_flask_start_custom.py::test_logs_endpoint_forwards_ui_5000_line_newest_limit PASSED [ 48%]
readiness-unit-tests	Run unit tests	2026-10-03T05:41:31.9623002Z tests/unit/test_flask_start_custom.py::test_broker_data_job_transport_outlives_original_http_deadline[47] PASSED [ 48%]
readiness-unit-tests	Run unit tests	2026-10-03T05:41:31.9842497Z tests/unit/test_flask_start_custom.py::test_broker_data_job_transport_outlives_original_http_deadline[590] PASSED [ 48%]
readiness-unit-tests	Run unit tests	2026-10-03T05:41:32.0034699Z tests/unit/test_flask_start_custom.py::test_broker_data_job_response_binding_is_verified[ownerId] PASSED [ 48%]
readiness-unit-tests	Run unit tests	2026-10-03T05:41:32.0224526Z tests/unit/test_flask_start_custom.py::test_broker_data_job_response_binding_is_verified[credentialId] PASSED [ 48%]
readiness-unit-tests	Run unit tests	2026-10-03T05:41:32.0414855Z tests/unit/test_flask_start_custom.py::test_broker_data_job_response_binding_is_verified[environment] PASSED [ 48%]
readiness-unit-tests	Run unit tests	2026-10-03T05:41:32.0720103Z tests/unit/test_flask_start_custom.py::test_broker_data_job_response_binding_is_verified[jobId] PASSED [ 48%]
readiness-unit-tests	Run unit tests	2026-10-03T05:41:32.0913039Z tests/unit/test_flask_start_custom.py::test_broker_data_job_requires_api_scope_and_owner_header[headers0] PASSED [ 48%]
readiness-unit-tests	Run unit tests	2026-10-03T05:41:32.1103433Z tests/unit/test_flask_start_custom.py::test_broker_data_job_requires_api_scope_and_owner_header[headers1] PASSED [ 48%]
readiness-unit-tests	Run unit tests	2026-10-03T05:41:32.1294136Z tests/unit/test_flask_start_custom.py::test_broker_data_job_requires_api_scope_and_owner_header[headers2] PASSED [ 48%]
readiness-unit-tests	Run unit tests	2026-10-03T05:41:32.1486354Z tests/unit/test_flask_start_custom.py::test_broker_data_job_requires_api_scope_and_owner_header[headers3] PASSED [ 48%]
readiness-unit-tests	Run unit tests	2026-10-03T05:41:32.1676310Z tests/unit/test_flask_start_custom.py::test_broker_data_job_rejects_unsafe_poll_parameters[bad?broker_credential_id=broker-1] PASSED [ 48%]
readiness-unit-tests	Run unit tests	2026-10-03T05:41:32.1864884Z tests/unit/test_flask_start_custom.py::test_broker_data_job_rejects_unsafe_poll_parameters[aaaaaaaaaaaaaaaaaaaaaaaaaaaaaaaaaaaaaaaaaaaaaaaaaaaaaaaaaaaaaaaa] PASSED [ 48%]
readiness-unit-tests	Run unit tests	2026-10-03T05:41:32.2055654Z tests/unit/test_flask_start_custom.py::test_broker_data_job_rejects_unsafe_poll_parameters[aaaaaaaaaaaaaaaaaaaaaaaaaaaaaaaaaaaaaaaaaaaaaaaaaaaaaaaaaaaaaaaa?broker_credential_id=] PASSED [ 48%]
readiness-unit-tests	Run unit tests	2026-10-03T05:41:32.2245638Z tests/unit/test_flask_start_custom.py::test_broker_data_job_rejects_unsafe_poll_parameters[aaaaaaaaaaaaaaaaaaaaaaaaaaaaaaaaaaaaaaaaaaaaaaaaaaaaaaaaaaaaaaaa?broker_credential_id=broker-1&broker_credential_id=broker-2] PASSED [ 48%]
readiness-unit-tests	Run unit tests	2026-10-03T05:41:32.2433831Z tests/unit/test_flask_start_custom.py::test_broker_data_job_rejects_unsafe_poll_parameters[aaaaaaaaaaaaaaaaaaaaaaaaaaaaaaaaaaaaaaaaaaaaaaaaaaaaaaaaaaaaaaaa?broker_credential_id=broker-1&existing_secret_arn=secret] PASSED [ 48%]
readiness-unit-tests	Run unit tests	2026-10-03T05:41:32.2739323Z tests/unit/test_flask_start_custom.py::test_broker_data_job_rejects_unsafe_poll_parameters[aaaaaaaaaaaaaaaaaaaaaaaaaaaaaaaaaaaaaaaaaaaaaaaaaaaaaaaaaaaaaaaa?broker_credential_id=broker-1&environment=prod] PASSED [ 48%]
readiness-unit-tests	Run unit tests	2026-10-03T05:41:32.2928565Z tests/unit/test_flask_start_custom.py::test_broker_data_job_rejects_unsafe_poll_parameters[aaaaaaaaaaaaaaaaaaaaaaaaaaaaaaaaaaaaaaaaaaaaaaaaaaaaaaaaaaaaaaaa?broker_credential_id=../other] PASSED [ 49%]
readiness-unit-tests	Run unit tests	2026-10-03T05:41:32.3122247Z tests/unit/test_flask_start_custom.py::test_broker_data_job_errors_preserve_exact_http_status[False-400] PASSED [ 49%]
readiness-unit-tests	Run unit tests	2026-10-03T05:41:32.3314468Z tests/unit/test_flask_start_custom.py::test_broker_data_job_errors_preserve_exact_http_status[False-403] PASSED [ 49%]
readiness-unit-tests	Run unit tests	2026-10-03T05:41:32.3509306Z tests/unit/test_flask_start_custom.py::test_broker_data_job_errors_preserve_exact_http_status[False-404] PASSED [ 49%]
readiness-unit-tests	Run unit tests	2026-10-03T05:41:32.3700865Z tests/unit/test_flask_start_custom.py::test_broker_data_job_errors_preserve_exact_http_status[False-409] PASSED [ 49%]
readiness-unit-tests	Run unit tests	2026-10-03T05:41:32.3896242Z tests/unit/test_flask_start_custom.py::test_broker_data_job_errors_preserve_exact_http_status[False-503] PASSED [ 49%]
readiness-unit-tests	Run unit tests	2026-10-03T05:41:32.4087972Z tests/unit/test_flask_start_custom.py::test_broker_data_job_errors_preserve_exact_http_status[True-400] PASSED [ 49%]
readiness-unit-tests	Run unit tests	2026-10-03T05:41:32.4279285Z tests/unit/test_flask_start_custom.py::test_broker_data_job_errors_preserve_exact_http_status[True-403] PASSED [ 49%]
readiness-unit-tests	Run unit tests	2026-10-03T05:41:32.4471396Z tests/unit/test_flask_start_custom.py::test_broker_data_job_errors_preserve_exact_http_status[True-404] PASSED [ 49%]
readiness-unit-tests	Run unit tests	2026-10-03T05:41:32.4786680Z tests/unit/test_flask_start_custom.py::test_broker_data_job_errors_preserve_exact_http_status[True-409] PASSED [ 49%]
readiness-unit-tests	Run unit tests	2026-10-03T05:41:32.4981867Z tests/unit/test_flask_start_custom.py::test_broker_data_job_errors_preserve_exact_http_status[True-503] PASSED [ 49%]
readiness-unit-tests	Run unit tests	2026-10-03T05:41:32.5176543Z tests/unit/test_flask_start_custom.py::test_broker_data_job_failed_state_is_pollable_and_sanitized PASSED [ 49%]
readiness-unit-tests	Run unit tests	2026-10-03T05:41:32.5377378Z tests/unit/test_flask_start_custom.py::test_broker_data_post_preserves_already_terminal_durable_job[completed] PASSED [ 49%]
readiness-unit-tests	Run unit tests	2026-10-03T05:41:32.5577027Z tests/unit/test_flask_start_custom.py::test_broker_data_post_preserves_already_terminal_durable_job[failed] PASSED [ 49%]
readiness-unit-tests	Run unit tests	2026-10-03T05:41:32.5769646Z tests/unit/test_flask_start_custom.py::test_broker_data_post_rejects_legacy_inline_completion PASSED [ 49%]
readiness-unit-tests	Run unit tests	2026-10-03T05:41:32.5959830Z tests/unit/test_flask_start_custom.py::test_broker_data_job_rejects_invalid_durable_contract[schemaVersion-True] PASSED [ 49%]
readiness-unit-tests	Run unit tests	2026-10-03T05:41:32.6152228Z tests/unit/test_flask_start_custom.py::test_broker_data_job_rejects_invalid_durable_contract[expiresAt-2026-09-30T12:10:00] PASSED [ 49%]
readiness-unit-tests	Run unit tests	2026-10-03T05:41:32.6341780Z tests/unit/test_flask_start_custom.py::test_broker_data_job_rejects_invalid_durable_contract[createdAt-not-a-date] PASSED [ 49%]
readiness-unit-tests	Run unit tests	2026-10-03T05:41:32.6535001Z tests/unit/test_flask_start_custom.py::test_broker_data_job_rejects_invalid_durable_contract[payloadHash-invalid] PASSED [ 50%]
readiness-unit-tests	Run unit tests	2026-10-03T05:41:32.6892907Z tests/unit/test_flask_start_custom.py::test_broker_data_job_get_cannot_accept_payload_or_mutate_job PASSED [ 50%]
readiness-unit-tests	Run unit tests	2026-10-03T05:41:32.6903729Z tests/unit/test_ibkr_gateway_apps.py::test_relay_bind_host_is_loopback_only PASSED [ 50%]
readiness-unit-tests	Run unit tests	2026-10-03T05:41:32.6915409Z tests/unit/test_ibkr_gateway_apps.py::test_connector_application_health_is_sanitized_and_proxy_is_guarded PASSED [ 50%]
readiness-unit-tests	Run unit tests	2026-10-03T05:41:32.6936471Z tests/unit/test_ibkr_gateway_apps.py::test_relay_application_reads_token_for_every_request PASSED [ 50%]
readiness-unit-tests	Run unit tests	2026-10-03T05:41:32.6955815Z tests/unit/test_ibkr_gateway_apps.py::test_relay_preserves_lumibot_order_payload_and_binds_approval PASSED [ 50%]
readiness-unit-tests	Run unit tests	2026-10-03T05:41:32.6965456Z tests/unit/test_ibkr_gateway_apps.py::test_ibeam_health_probe_returns_only_state_booleans PASSED [ 50%]
readiness-unit-tests	Run unit tests	2026-10-03T05:41:32.6985374Z tests/unit/test_ibkr_gateway_apps.py::test_connector_auth_file_requires_owner_only_permissions PASSED [ 50%]
readiness-unit-tests	Run unit tests	2026-10-03T05:41:32.7001145Z tests/unit/test_ibkr_gateway_aws_launcher.py::test_launcher_builds_private_isolated_digest_pinned_fargate_task PASSED [ 50%]
readiness-unit-tests	Run unit tests	2026-10-03T05:41:32.7011674Z tests/unit/test_ibkr_gateway_aws_launcher.py::test_launcher_waits_through_transient_non_ready_startup_states PASSED [ 50%]
readiness-unit-tests	Run unit tests	2026-10-03T05:41:32.7021852Z tests/unit/test_ibkr_gateway_aws_launcher.py::test_launcher_returns_last_non_ready_state_after_bounded_timeout PASSED [ 50%]
readiness-unit-tests	Run unit tests	2026-10-03T05:41:32.7033949Z tests/unit/test_ibkr_gateway_aws_launcher.py::test_launcher_failure_stops_task_and_deletes_ephemeral_auth PASSED [ 50%]
readiness-unit-tests	Run unit tests	2026-10-03T05:41:32.7043537Z tests/unit/test_ibkr_gateway_aws_launcher.py::test_stop_removes_task_and_ephemeral_connector_auth PASSED [ 50%]
readiness-unit-tests	Run unit tests	2026-10-03T05:41:32.7053941Z tests/unit/test_ibkr_gateway_aws_launcher.py::test_recover_adopts_existing_generation_task_without_duplicate_launch PASSED [ 50%]
readiness-unit-tests	Run unit tests	2026-10-03T05:41:32.7064069Z tests/unit/test_ibkr_gateway_aws_launcher.py::test_recover_prefers_running_task_and_stops_pending_duplicate PASSED [ 50%]
readiness-unit-tests	Run unit tests	2026-10-03T05:41:32.7076161Z tests/unit/test_ibkr_gateway_aws_launcher.py::test_recover_relaunches_from_existing_ephemeral_secrets_when_task_is_gone PASSED [ 50%]
readiness-unit-tests	Run unit tests	2026-10-03T05:41:32.7090317Z tests/unit/test_ibkr_gateway_aws_proxy.py::test_proxy_fences_generation_verifies_tls_and_strips_caller_auth PASSED [ 50%]
readiness-unit-tests	Run unit tests	2026-10-03T05:41:32.7103216Z tests/unit/test_ibkr_gateway_aws_proxy.py::test_proxy_rejects_stale_capability_before_connector_lookup PASSED [ 50%]
readiness-unit-tests	Run unit tests	2026-10-03T05:41:32.7116399Z tests/unit/test_ibkr_gateway_aws_proxy.py::test_proxy_rejects_capability_immediately_after_lease_release PASSED [ 50%]
readiness-unit-tests	Run unit tests	2026-10-03T05:41:32.7138205Z tests/unit/test_ibkr_gateway_aws_proxy.py::test_proxy_fails_closed_when_connector_is_not_ready PASSED [ 51%]
readiness-unit-tests	Run unit tests	2026-10-03T05:41:32.7141749Z tests/unit/test_ibkr_gateway_contracts.py::test_gateway_consumer_type_is_closed_and_snapshot_requires_trusted_binding PASSED [ 51%]
readiness-unit-tests	Run unit tests	2026-10-03T05:41:32.7151152Z tests/unit/test_ibkr_gateway_contracts.py::test_gateway_locator_is_deterministic_scoped_and_non_revealing PASSED [ 51%]
readiness-unit-tests	Run unit tests	2026-10-03T05:41:32.7163679Z tests/unit/test_ibkr_gateway_contracts.py::test_gateway_token_round_trip_and_generation_fencing PASSED [ 51%]
readiness-unit-tests	Run unit tests	2026-10-03T05:41:32.7176626Z tests/unit/test_ibkr_gateway_contracts.py::test_gateway_token_rejects_tampering_and_expiry PASSED [ 51%]
readiness-unit-tests	Run unit tests	2026-10-03T05:41:32.7187382Z tests/unit/test_ibkr_gateway_contracts.py::test_order_write_token_requires_action_binding PASSED [ 51%]
readiness-unit-tests	Run unit tests	2026-10-03T05:41:32.7199989Z tests/unit/test_ibkr_gateway_contracts.py::test_endpoint_policy_allows_reviewed_read_surface[GET-/v1/api/portfolio/accounts-account_read] PASSED [ 51%]
readiness-unit-tests	Run unit tests	2026-10-03T05:41:32.7213462Z tests/unit/test_ibkr_gateway_contracts.py::test_endpoint_policy_allows_reviewed_read_surface[GET-/v1/api/iserver/account/orders?force=true&accountId=masked-order_read] PASSED [ 51%]
readiness-unit-tests	Run unit tests	2026-10-03T05:41:32.7225451Z tests/unit/test_ibkr_gateway_contracts.py::test_endpoint_policy_allows_reviewed_read_surface[GET-/v1/api/iserver/marketdata/history?conid=1&period=1d&bar=1min-market_data] PASSED [ 51%]
readiness-unit-tests	Run unit tests	2026-10-03T05:41:32.7237877Z tests/unit/test_ibkr_gateway_contracts.py::test_endpoint_policy_allows_reviewed_read_surface[GET-/v1/api/trsrv/futures?symbols=ES&secType=CONTFUT&exchange=CME-market_data] PASSED [ 51%]
readiness-unit-tests	Run unit tests	2026-10-03T05:41:32.7250406Z tests/unit/test_ibkr_gateway_contracts.py::test_endpoint_policy_allows_reviewed_read_surface[GET-/v1/api/iserver/secdef/info?conid=1&sectype=FUT&month=SEP26&exchange=CME&multiplier=50-market_data] PASSED [ 51%]
readiness-unit-tests	Run unit tests	2026-10-03T05:41:32.7261881Z tests/unit/test_ibkr_gateway_contracts.py::test_endpoint_policy_covers_lumibot_ibkr_rest_surface[GET-/v1/api/iserver/accounts-account_read] PASSED [ 51%]
readiness-unit-tests	Run unit tests	2026-10-03T05:41:32.7274149Z tests/unit/test_ibkr_gateway_contracts.py::test_endpoint_policy_covers_lumibot_ibkr_rest_surface[POST-/v1/api/iserver/questions/suppress-session] PASSED [ 51%]
readiness-unit-tests	Run unit tests	2026-10-03T05:41:32.7285835Z tests/unit/test_ibkr_gateway_contracts.py::test_endpoint_policy_covers_lumibot_ibkr_rest_surface[GET-/v1/api/portfolio/accounts-account_read] PASSED [ 51%]
readiness-unit-tests	Run unit tests	2026-10-03T05:41:32.7297641Z tests/unit/test_ibkr_gateway_contracts.py::test_endpoint_policy_covers_lumibot_ibkr_rest_surface[GET-/v1/api/portfolio/DU123/ledger-account_read] PASSED [ 51%]
readiness-unit-tests	Run unit tests	2026-10-03T05:41:32.7310023Z tests/unit/test_ibkr_gateway_contracts.py::test_endpoint_policy_covers_lumibot_ibkr_rest_surface[GET-/v1/api/portfolio/DU123/positions-account_read] PASSED [ 51%]
readiness-unit-tests	Run unit tests	2026-10-03T05:41:32.7322082Z tests/unit/test_ibkr_gateway_contracts.py::test_endpoint_policy_covers_lumibot_ibkr_rest_surface[GET-/v1/api/iserver/contract/265598/info-market_data] PASSED [ 51%]
readiness-unit-tests	Run unit tests	2026-10-03T05:41:32.7334039Z tests/unit/test_ibkr_gateway_contracts.py::test_endpoint_policy_covers_lumibot_ibkr_rest_surface[GET-/v1/api/iserver/contract/265598/info-and-rules-market_data] PASSED [ 51%]
readiness-unit-tests	Run unit tests	2026-10-03T05:41:32.7346122Z tests/unit/test_ibkr_gateway_contracts.py::test_endpoint_policy_covers_lumibot_ibkr_rest_surface[GET-/v1/api/iserver/secdef/search?symbol=AAPL-market_data] PASSED [ 52%]
readiness-unit-tests	Run unit tests	2026-10-03T05:41:32.7360105Z tests/unit/test_ibkr_gateway_contracts.py::test_endpoint_policy_covers_lumibot_ibkr_rest_surface[GET-/v1/api/iserver/secdef/strikes?sectype=OPT&conid=265598&month=JUL26-market_data] PASSED [ 52%]
readiness-unit-tests	Run unit tests	2026-10-03T05:41:32.7371065Z tests/unit/test_ibkr_gateway_contracts.py::test_endpoint_policy_covers_lumibot_ibkr_rest_surface[GET-/v1/api/iserver/secdef/info?conid=265598&sectype=OPT&month=JUL26&right=C&strike=200-market_data] PASSED [ 52%]
readiness-unit-tests	Run unit tests	2026-10-03T05:41:32.7383033Z tests/unit/test_ibkr_gateway_contracts.py::test_endpoint_policy_covers_lumibot_ibkr_rest_surface[GET-/v1/api/trsrv/futures?symbols=ES&secType=CONTFUT&exchange=CME-market_data] PASSED [ 52%]
readiness-unit-tests	Run unit tests	2026-10-03T05:41:32.7396183Z tests/unit/test_ibkr_gateway_contracts.py::test_endpoint_policy_covers_lumibot_ibkr_rest_surface[GET-/v1/api/iserver/marketdata/history?conid=11004968&period=5min&bar=1min&outsideRth=false&startTime=20260715-12:00:00&continuous=true&exchange=CME-market_data] PASSED [ 52%]
readiness-unit-tests	Run unit tests	2026-10-03T05:41:32.7407940Z tests/unit/test_ibkr_gateway_contracts.py::test_endpoint_policy_covers_lumibot_ibkr_rest_surface[GET-/v1/api/iserver/marketdata/snapshot?conids=265598&fields=31,84,86-market_data] PASSED [ 52%]
readiness-unit-tests	Run unit tests	2026-10-03T05:41:32.7419985Z tests/unit/test_ibkr_gateway_contracts.py::test_endpoint_policy_covers_lumibot_ibkr_rest_surface[GET-/v1/api/iserver/account/orders?&accountId=DU123&filters=Submitted,PreSubmitted-order_read] PASSED [ 52%]
readiness-unit-tests	Run unit tests	2026-10-03T05:41:32.7432086Z tests/unit/test_ibkr_gateway_contracts.py::test_endpoint_policy_covers_lumibot_ibkr_rest_surface[GET-/v1/api/iserver/account/order/status/12345-order_read] PASSED [ 52%]
readiness-unit-tests	Run unit tests	2026-10-03T05:41:32.7443894Z tests/unit/test_ibkr_gateway_contracts.py::test_endpoint_policy_covers_lumibot_ibkr_rest_surface[POST-/v1/api/iserver/account/DU123/orders-order_write] PASSED [ 52%]
readiness-unit-tests	Run unit tests	2026-10-03T05:41:32.7455740Z tests/unit/test_ibkr_gateway_contracts.py::test_endpoint_policy_covers_lumibot_ibkr_rest_surface[POST-/v1/api/iserver/reply/confirmation-1-order_write] PASSED [ 52%]
readiness-unit-tests	Run unit tests	2026-10-03T05:41:32.7467728Z tests/unit/test_ibkr_gateway_contracts.py::test_endpoint_policy_covers_lumibot_ibkr_rest_surface[DELETE-/v1/api/iserver/account/DU123/order/12345-order_write] PASSED [ 52%]
readiness-unit-tests	Run unit tests	2026-10-03T05:41:32.7478318Z tests/unit/test_ibkr_gateway_contracts.py::test_endpoint_policy_requires_matching_approved_action_for_mutation PASSED [ 52%]
readiness-unit-tests	Run unit tests	2026-10-03T05:41:32.7489267Z tests/unit/test_ibkr_gateway_contracts.py::test_endpoint_policy_rejects_destination_escape_and_unknown_query[https://attacker.invalid/v1/api/portfolio/accounts] PASSED [ 52%]
readiness-unit-tests	Run unit tests	2026-10-03T05:41:32.7499902Z tests/unit/test_ibkr_gateway_contracts.py::test_endpoint_policy_rejects_destination_escape_and_unknown_query[/v1/api/../oauth/token] PASSED [ 52%]
readiness-unit-tests	Run unit tests	2026-10-03T05:41:32.7510921Z tests/unit/test_ibkr_gateway_contracts.py::test_endpoint_policy_rejects_destination_escape_and_unknown_query[/v1/api/%2e%2e/oauth/token] PASSED [ 52%]
readiness-unit-tests	Run unit tests	2026-10-03T05:41:32.7521520Z tests/unit/test_ibkr_gateway_contracts.py::test_endpoint_policy_rejects_destination_escape_and_unknown_query[/v1/api/portfolio%2faccounts] PASSED [ 52%]
readiness-unit-tests	Run unit tests	2026-10-03T05:41:32.7532301Z tests/unit/test_ibkr_gateway_contracts.py::test_endpoint_policy_rejects_destination_escape_and_unknown_query[/v1/api//portfolio/accounts] PASSED [ 52%]
readiness-unit-tests	Run unit tests	2026-10-03T05:41:32.7544007Z tests/unit/test_ibkr_gateway_contracts.py::test_endpoint_policy_rejects_destination_escape_and_unknown_query[/v1/api/portfolio/accounts?redirect=https://attacker.invalid] PASSED [ 52%]
readiness-unit-tests	Run unit tests	2026-10-03T05:41:32.9994656Z tests/unit/test_ibkr_gateway_dynamo_store.py::test_repeated_acquire_elects_exactly_one_connector_generation PASSED [ 53%]
readiness-unit-tests	Run unit tests	2026-10-03T05:41:33.1123583Z tests/unit/test_ibkr_gateway_dynamo_store.py::test_generation_fencing_renew_release_and_stop_are_persistent PASSED [ 53%]
readiness-unit-tests	Run unit tests	2026-10-03T05:41:33.2192858Z tests/unit/test_ibkr_gateway_dynamo_store.py::test_unavailable_generation_cannot_be_reused_by_a_new_lease[reauth_required] PASSED [ 53%]
readiness-unit-tests	Run unit tests	2026-10-03T05:41:33.3097004Z tests/unit/test_ibkr_gateway_dynamo_store.py::test_unavailable_generation_cannot_be_reused_by_a_new_lease[account_unavailable] PASSED [ 53%]
readiness-unit-tests	Run unit tests	2026-10-03T05:41:33.4277892Z tests/unit/test_ibkr_gateway_dynamo_store.py::test_unavailable_generation_cannot_be_reused_by_a_new_lease[degraded] PASSED [ 53%]
readiness-unit-tests	Run unit tests	2026-10-03T05:41:33.5186115Z tests/unit/test_ibkr_gateway_dynamo_store.py::test_unavailable_generation_cannot_be_reused_by_a_new_lease[stopping] PASSED [ 53%]
readiness-unit-tests	Run unit tests	2026-10-03T05:41:33.8641056Z tests/unit/test_ibkr_gateway_dynamo_store.py::test_cleanup_failure_policy_forces_base_retention_for_snapshot PASSED [ 53%]
readiness-unit-tests	Run unit tests	2026-10-03T05:41:33.9756418Z tests/unit/test_ibkr_gateway_dynamo_store.py::test_expired_idle_deadline_requires_stop_before_new_generation PASSED [ 53%]
readiness-unit-tests	Run unit tests	2026-10-03T05:41:34.0973267Z tests/unit/test_ibkr_gateway_dynamo_store.py::test_cleanup_failure_retry_shortens_existing_dynamo_deadline PASSED [ 53%]
readiness-unit-tests	Run unit tests	2026-10-03T05:41:34.2364397Z tests/unit/test_ibkr_gateway_dynamo_store.py::test_renewed_deployment_wins_dynamo_equal_activity_tie PASSED [ 53%]
readiness-unit-tests	Run unit tests	2026-10-03T05:41:34.3353118Z tests/unit/test_ibkr_gateway_dynamo_store.py::test_active_generation_restart_claim_is_exclusive PASSED [ 53%]
readiness-unit-tests	Run unit tests	2026-10-03T05:41:34.4563642Z tests/unit/test_ibkr_gateway_dynamo_store.py::test_expired_start_lock_fences_old_generation_and_re_elects_once PASSED [ 53%]
readiness-unit-tests	Run unit tests	2026-10-03T05:41:34.5697655Z tests/unit/test_ibkr_gateway_dynamo_store.py::test_release_retries_fenced_policy_after_concurrent_deployment_acquire PASSED [ 53%]
readiness-unit-tests	Run unit tests	2026-10-03T05:41:34.6971700Z tests/unit/test_ibkr_gateway_dynamo_store.py::test_idle_scheduler_recomputes_latest_activity_after_version_contention PASSED [ 53%]
readiness-unit-tests	Run unit tests	2026-10-03T05:41:34.7797846Z tests/unit/test_ibkr_gateway_dynamo_store.py::test_table_items_contain_only_opaque_locator_and_runtime_metadata PASSED [ 53%]
readiness-unit-tests	Run unit tests	2026-10-03T05:41:34.8010521Z tests/unit/test_ibkr_gateway_flask_api.py::test_acquire_requires_trusted_owner_scope_and_returns_only_capability PASSED [ 53%]
readiness-unit-tests	Run unit tests	2026-10-03T05:41:34.8195900Z tests/unit/test_ibkr_gateway_flask_api.py::test_http_acquire_cannot_self_declare_snapshot_retention_authority PASSED [ 53%]
readiness-unit-tests	Run unit tests	2026-10-03T05:41:34.8627345Z tests/unit/test_ibkr_gateway_flask_api.py::test_proxy_uses_capability_without_api_key_and_preserves_bounded_response PASSED [ 53%]
readiness-unit-tests	Run unit tests	2026-10-03T05:41:34.8826123Z tests/unit/test_ibkr_gateway_flask_api.py::test_renew_release_and_scheduled_reconcile_use_generation_fencing PASSED [ 54%]
readiness-unit-tests	Run unit tests	2026-10-03T05:41:34.8857680Z tests/unit/test_ibkr_gateway_renewal.py::test_refresher_rotates_private_token_with_bounded_verified_request PASSED [ 54%]
readiness-unit-tests	Run unit tests	2026-10-03T05:41:34.8883833Z tests/unit/test_ibkr_gateway_renewal.py::test_refresher_rejects_generation_drift_without_overwriting_token PASSED [ 54%]
readiness-unit-tests	Run unit tests	2026-10-03T05:41:34.8894034Z tests/unit/test_ibkr_gateway_runtime.py::test_runtime_is_disabled_without_constructing_aws_clients PASSED [ 54%]
readiness-unit-tests	Run unit tests	2026-10-03T05:41:34.8915773Z tests/unit/test_ibkr_gateway_runtime.py::test_runtime_builds_separate_keys_and_verified_ca_bundle PASSED [ 54%]
readiness-unit-tests	Run unit tests	2026-10-03T05:41:34.8927800Z tests/unit/test_ibkr_gateway_runtime.py::test_runtime_loads_gateway_configuration_from_s3 PASSED [ 54%]
readiness-unit-tests	Run unit tests	2026-10-03T05:41:34.8938955Z tests/unit/test_ibkr_gateway_runtime.py::test_runtime_applies_bounded_transient_gateway_retention PASSED [ 54%]
readiness-unit-tests	Run unit tests	2026-10-03T05:41:34.8951298Z tests/unit/test_ibkr_gateway_runtime.py::test_runtime_rejects_transient_gateway_retention_above_fifteen_minutes PASSED [ 54%]
readiness-unit-tests	Run unit tests	2026-10-03T05:41:34.8961253Z tests/unit/test_ibkr_gateway_runtime.py::test_runtime_rejects_unrecognized_s3_configuration_keys PASSED [ 54%]
readiness-unit-tests	Run unit tests	2026-10-03T05:41:34.8972310Z tests/unit/test_ibkr_gateway_runtime.py::test_runtime_rejects_prod_ibeam_even_if_feature_flag_is_true PASSED [ 54%]
readiness-unit-tests	Run unit tests	2026-10-03T05:41:34.9027820Z tests/unit/test_ibkr_gateway_secret_init.py::test_secret_init_isolates_login_from_connector_material PASSED [ 54%]
readiness-unit-tests	Run unit tests	2026-10-03T05:41:34.9055696Z tests/unit/test_ibkr_gateway_secret_init.py::test_secret_init_rejects_shared_volume_and_prod_ibeam PASSED [ 54%]
readiness-unit-tests	Run unit tests	2026-10-03T05:41:34.9062404Z tests/unit/test_ibkr_gateway_secret_init.py::test_task_metadata_accepts_only_private_ipv4_addresses PASSED [ 54%]
readiness-unit-tests	Run unit tests	2026-10-03T05:41:34.9292471Z tests/unit/test_ibkr_gateway_service.py::test_one_hundred_concurrent_acquires_launch_one_generation PASSED [ 54%]
readiness-unit-tests	Run unit tests	2026-10-03T05:41:34.9307429Z tests/unit/test_ibkr_gateway_service.py::test_multiple_consumers_share_generation_and_last_release_starts_idle_timer PASSED [ 54%]
readiness-unit-tests	Run unit tests	2026-10-03T05:41:34.9321921Z tests/unit/test_ibkr_gateway_service.py::test_portfolio_snapshot_release_retains_same_generation_for_reacquire PASSED [ 54%]
readiness-unit-tests	Run unit tests	2026-10-03T05:41:34.9333797Z tests/unit/test_ibkr_gateway_service.py::test_generic_acquire_route_rejects_snapshot_retention_class PASSED [ 54%]
readiness-unit-tests	Run unit tests	2026-10-03T05:41:34.9348685Z tests/unit/test_ibkr_gateway_service.py::test_reacquire_after_idle_deadline_stops_old_generation_and_cold_starts_new_one PASSED [ 54%]
readiness-unit-tests	Run unit tests	2026-10-03T05:41:34.9359695Z tests/unit/test_ibkr_gateway_service.py::test_transient_idle_grace_is_hard_capped_at_fifteen_minutes PASSED [ 54%]
readiness-unit-tests	Run unit tests	2026-10-03T05:41:34.9372510Z tests/unit/test_ibkr_gateway_service.py::test_snapshot_retention_survives_idempotent_release_retry PASSED [ 55%]
readiness-unit-tests	Run unit tests	2026-10-03T05:41:34.9387273Z tests/unit/test_ibkr_gateway_service.py::test_cleanup_failure_retry_shortens_existing_snapshot_deadline_to_base_grace PASSED [ 55%]
readiness-unit-tests	Run unit tests	2026-10-03T05:41:34.9403528Z tests/unit/test_ibkr_gateway_service.py::test_expired_snapshot_lease_gets_transient_retention_before_stop PASSED [ 55%]
readiness-unit-tests	Run unit tests	2026-10-03T05:41:34.9418973Z tests/unit/test_ibkr_gateway_service.py::test_later_expired_deployment_activity_overrides_snapshot_retention PASSED [ 55%]
readiness-unit-tests	Run unit tests	2026-10-03T05:41:34.9440511Z tests/unit/test_ibkr_gateway_service.py::test_same_timestamp_deployment_activity_conservatively_wins_retention_tie PASSED [ 55%]
readiness-unit-tests	Run unit tests	2026-10-03T05:41:34.9455064Z tests/unit/test_ibkr_gateway_service.py::test_renewed_deployment_wins_equal_activity_time_against_newer_snapshot_creation PASSED [ 55%]
readiness-unit-tests	Run unit tests	2026-10-03T05:41:34.9469405Z tests/unit/test_ibkr_gateway_service.py::test_degraded_snapshot_gateway_uses_base_grace_and_cold_reacquire PASSED [ 55%]
readiness-unit-tests	Run unit tests	2026-10-03T05:41:34.9482458Z tests/unit/test_ibkr_gateway_service.py::test_degradation_clears_existing_long_snapshot_deadline PASSED [ 55%]
readiness-unit-tests	Run unit tests	2026-10-03T05:41:34.9497020Z tests/unit/test_ibkr_gateway_service.py::test_unavailable_gateway_reacquire_is_rejected_before_token_or_second_session[reauth_required] PASSED [ 55%]
readiness-unit-tests	Run unit tests	2026-10-03T05:41:34.9511728Z tests/unit/test_ibkr_gateway_service.py::test_unavailable_gateway_reacquire_is_rejected_before_token_or_second_session[account_unavailable] PASSED [ 55%]
readiness-unit-tests	Run unit tests	2026-10-03T05:41:34.9525935Z tests/unit/test_ibkr_gateway_service.py::test_unavailable_gateway_reacquire_is_rejected_before_token_or_second_session[degraded] PASSED [ 55%]
readiness-unit-tests	Run unit tests	2026-10-03T05:41:34.9540252Z tests/unit/test_ibkr_gateway_service.py::test_unavailable_gateway_reacquire_is_rejected_before_token_or_second_session[stopping] PASSED [ 55%]
readiness-unit-tests	Run unit tests	2026-10-03T05:41:34.9552944Z tests/unit/test_ibkr_gateway_service.py::test_stale_generation_cannot_mark_or_renew_new_gateway PASSED [ 55%]
readiness-unit-tests	Run unit tests	2026-10-03T05:41:34.9564714Z tests/unit/test_ibkr_gateway_service.py::test_prod_and_live_mode_fail_closed_during_staged_rollout PASSED [ 55%]
readiness-unit-tests	Run unit tests	2026-10-03T05:41:34.9576139Z tests/unit/test_ibkr_gateway_service.py::test_launcher_failure_returns_sanitized_error_and_records_degraded PASSED [ 55%]
readiness-unit-tests	Run unit tests	2026-10-03T05:41:34.9589199Z tests/unit/test_ibkr_gateway_service.py::test_launch_result_marks_ready_and_renew_rotates_capability PASSED [ 55%]
readiness-unit-tests	Run unit tests	2026-10-03T05:41:34.9602330Z tests/unit/test_ibkr_gateway_service.py::test_due_reconciliation_stops_idle_gateway_once PASSED [ 55%]
readiness-unit-tests	Run unit tests	2026-10-03T05:41:34.9615905Z tests/unit/test_ibkr_gateway_service.py::test_reconcile_recovers_stopped_connector_with_active_lease_same_generation PASSED [ 55%]
readiness-unit-tests	Run unit tests	2026-10-03T05:41:34.9647862Z tests/unit/test_ibkr_gateway_service.py::test_concurrent_reconcilers_claim_one_active_connector_recovery PASSED [ 56%]
readiness-unit-tests	Run unit tests	2026-10-03T05:41:34.9663961Z tests/unit/test_ibkr_gateway_service.py::test_reconciliation_failure_is_isolated_from_other_gateways PASSED [ 56%]
readiness-unit-tests	Run unit tests	2026-10-03T05:41:34.9679816Z tests/unit/test_ibkr_gateway_service.py::test_release_revokes_lease_even_when_capability_cleanup_needs_retry PASSED [ 56%]
readiness-unit-tests	Run unit tests	2026-10-03T05:41:34.9694811Z tests/unit/test_ibkr_gateway_service.py::test_nonfinal_cleanup_failure_blocks_later_snapshot_retention_and_reuse PASSED [ 56%]
readiness-unit-tests	Run unit tests	2026-10-03T05:41:34.9707854Z tests/unit/test_ibkr_gateway_service.py::test_reconciliation_expires_crashed_consumer_then_stops_and_cleans_capability PASSED [ 56%]
readiness-unit-tests	Run unit tests	2026-10-03T05:41:34.9721872Z tests/unit/test_ibkr_gateway_service.py::test_reconciliation_retries_stopping_state_until_capability_cleanup_succeeds PASSED [ 56%]
readiness-unit-tests	Run unit tests	2026-10-03T05:41:34.9735425Z tests/unit/test_ibkr_gateway_service.py::test_stale_same_consumer_release_cannot_delete_replacement_generation_lease PASSED [ 56%]
readiness-unit-tests	Run unit tests	2026-10-03T05:41:34.9754373Z tests/unit/test_ibkr_gateway_service.py::test_superseded_launcher_completion_stops_its_old_task PASSED [ 56%]
readiness-unit-tests	Run unit tests	2026-10-03T05:41:34.9767133Z tests/unit/test_ibkr_gateway_transport.py::test_manager_guard_strips_caller_credentials_and_checks_generation PASSED [ 56%]
readiness-unit-tests	Run unit tests	2026-10-03T05:41:34.9777759Z tests/unit/test_ibkr_gateway_transport.py::test_connector_guard_rechecks_operation_and_action_binding PASSED [ 56%]
readiness-unit-tests	Run unit tests	2026-10-03T05:41:34.9788754Z tests/unit/test_ibkr_gateway_transport.py::test_forwarder_uses_fixed_destination_bounded_timeouts_and_safe_headers PASSED [ 56%]
readiness-unit-tests	Run unit tests	2026-10-03T05:41:34.9800721Z tests/unit/test_ibkr_gateway_transport.py::test_forwarder_rejects_redirect_and_oversized_response PASSED [ 56%]
readiness-unit-tests	Run unit tests	2026-10-03T05:41:34.9824092Z tests/unit/test_ibkr_gateway_transport.py::test_token_file_reader_observes_rotation_and_rejects_whitespace PASSED [ 56%]
readiness-unit-tests	Run unit tests	2026-10-03T05:41:34.9853254Z tests/unit/test_ibkr_ibeam_secret_init.py::test_prepare_ibeam_secret_files_writes_uid_1000_private_files PASSED [ 56%]
readiness-unit-tests	Run unit tests	2026-10-03T05:41:34.9872578Z tests/unit/test_ibkr_ibeam_secret_init.py::test_prepare_ibeam_secret_files_rejects_non_dev_or_non_paper[prod-true] PASSED [ 56%]
readiness-unit-tests	Run unit tests	2026-10-03T05:41:34.9891592Z tests/unit/test_ibkr_ibeam_secret_init.py::test_prepare_ibeam_secret_files_rejects_non_dev_or_non_paper[test-false] PASSED [ 56%]
readiness-unit-tests	Run unit tests	2026-10-03T05:41:34.9921137Z tests/unit/test_ibkr_ibeam_secret_init.py::test_prepare_ibeam_secret_files_does_not_log_secret_values PASSED [ 56%]
readiness-unit-tests	Run unit tests	2026-10-03T05:41:34.9943596Z tests/unit/test_image_builder_snapshot_publish.py::test_create_data_volume_snapshot_publishes_only_completed_snapshot PASSED [ 56%]
readiness-unit-tests	Run unit tests	2026-10-03T05:41:34.9959468Z tests/unit/test_image_builder_snapshot_publish.py::test_instance_profile_role_association_failure_is_fatal PASSED [ 57%]
readiness-unit-tests	Run unit tests	2026-10-03T05:41:34.9989677Z tests/unit/test_image_builder_snapshot_publish.py::test_prepare_base_docker_context_includes_runtime_helpers PASSED [ 57%]
readiness-unit-tests	Run unit tests	2026-10-03T05:41:35.0000419Z tests/unit/test_image_builder_snapshot_publish.py::test_snapshot_readiness_requires_an_immutable_exact_image PASSED [ 57%]
readiness-unit-tests	Run unit tests	2026-10-03T05:41:35.0010470Z tests/unit/test_image_builder_snapshot_publish.py::test_snapshot_readiness_uses_exact_image_without_running_user_code PASSED [ 57%]
readiness-unit-tests	Run unit tests	2026-10-03T05:41:35.0034499Z tests/unit/test_image_builder_snapshot_publish.py::test_snapshot_resolves_the_pushed_tag_not_latest PASSED [ 57%]
readiness-unit-tests	Run unit tests	2026-10-03T05:41:35.0053961Z tests/unit/test_image_builder_snapshot_publish.py::test_snapshot_does_not_publish_without_exact_readiness_receipt PASSED [ 57%]
readiness-unit-tests	Run unit tests	2026-10-03T05:41:35.0178127Z tests/unit/test_image_builder_snapshot_publish.py::test_readiness_shell_stops_on_failure_and_always_removes_auth[pull] PASSED [ 57%]
readiness-unit-tests	Run unit tests	2026-10-03T05:41:35.0312267Z tests/unit/test_image_builder_snapshot_publish.py::test_readiness_shell_stops_on_failure_and_always_removes_auth[run] PASSED [ 57%]
readiness-unit-tests	Run unit tests	2026-10-03T05:41:35.0447048Z tests/unit/test_image_builder_snapshot_publish.py::test_readiness_shell_stops_on_failure_and_always_removes_auth[] PASSED [ 57%]
readiness-unit-tests	Run unit tests	2026-10-03T05:41:35.0462533Z tests/unit/test_image_builder_snapshot_publish.py::test_readiness_enters_shellless_host_with_admin_container_bash PASSED [ 57%]
readiness-unit-tests	Run unit tests	2026-10-03T05:41:35.0487332Z tests/unit/test_image_builder_snapshot_publish.py::test_snapshot_cleanup_failure_cannot_report_success PASSED [ 57%]
readiness-unit-tests	Run unit tests	2026-10-03T05:41:35.0497842Z tests/unit/test_integration_cleanup_helpers.py::test_smoke_deployment_ids_match_node_capability_contract PASSED [ 57%]
readiness-unit-tests	Run unit tests	2026-10-03T05:41:35.0514195Z tests/unit/test_integration_cleanup_helpers.py::test_erase_bot_issues_one_delete_and_polls_until_record_is_absent PASSED [ 57%]
readiness-unit-tests	Run unit tests	2026-10-03T05:41:35.0528159Z tests/unit/test_integration_cleanup_helpers.py::test_erase_bot_accepts_not_found_http_status_as_absent PASSED [ 57%]
readiness-unit-tests	Run unit tests	2026-10-03T05:41:35.0540474Z tests/unit/test_integration_cleanup_helpers.py::test_smoke_runtime_secret_skips_external_oauth_reconnect PASSED [ 57%]
readiness-unit-tests	Run unit tests	2026-10-03T05:41:35.0553847Z tests/unit/test_integration_cleanup_helpers.py::test_smoke_runtime_secret_still_fails_other_issue_errors PASSED [ 57%]
readiness-unit-tests	Run unit tests	2026-10-03T05:41:35.0604427Z tests/unit/test_kill_stale_backtests.py::test_kill_backtest_via_api_sends_api_key_and_timeout_reason PASSED [ 57%]
readiness-unit-tests	Run unit tests	2026-10-03T05:41:35.0617927Z tests/unit/test_lambda_live_all_dependency_profile.py::test_live_all_profile_contract_is_hash_locked_and_arm64 PASSED [ 57%]
readiness-unit-tests	Run unit tests	2026-10-03T05:41:35.0630844Z tests/unit/test_lambda_live_all_dependency_profile.py::test_builder_accepts_only_full_or_live_all_dependency_profiles PASSED [ 58%]
readiness-unit-tests	Run unit tests	2026-10-03T05:41:35.0706502Z tests/unit/test_lambda_live_all_dependency_profile.py::test_builder_copies_profile_lock_and_passes_explicit_build_arg PASSED [ 58%]
readiness-unit-tests	Run unit tests	2026-10-03T05:41:35.0737606Z tests/unit/test_lambda_live_all_dependency_profile.py::test_import_matrix_covers_runtime_and_every_supported_live_class PASSED [ 58%]
readiness-unit-tests	Run unit tests	2026-10-03T05:41:35.0754073Z tests/unit/test_lambda_live_all_dependency_profile.py::test_profile_verifier_fails_explicitly_for_missing_dependency PASSED [ 58%]
readiness-unit-tests	Run unit tests	2026-10-03T05:41:35.0784105Z tests/unit/test_lambda_live_image_canary.py::test_canary_handler_returns_stable_success_and_error_hashes PASSED [ 58%]
readiness-unit-tests	Run unit tests	2026-10-03T05:41:35.0802867Z tests/unit/test_lambda_live_image_canary.py::test_canary_handler_rejects_any_non_benchmark_fixture PASSED [ 58%]
readiness-unit-tests	Run unit tests	2026-10-03T05:41:35.0836934Z tests/unit/test_lambda_live_image_canary.py::test_benchmark_parser_requires_cold_init_and_exact_hashes PASSED [ 58%]
readiness-unit-tests	Run unit tests	2026-10-03T05:41:35.0851598Z tests/unit/test_lambda_live_image_canary.py::test_cold_forcing_changes_description_without_lambda_environment_encryption PASSED [ 58%]
readiness-unit-tests	Run unit tests	2026-10-03T05:41:35.0864069Z tests/unit/test_lambda_live_image_canary.py::test_canary_workflow_and_terraform_are_dev_only_and_ephemeral PASSED [ 58%]
readiness-unit-tests	Run unit tests	2026-10-03T05:41:35.0874683Z tests/unit/test_list_bots.py::test_list_bots_handles_pagination PASSED   [ 58%]
readiness-unit-tests	Run unit tests	2026-10-03T05:41:35.2381957Z tests/unit/test_list_bots.py::test_scoped_list_endpoint_reads_exact_node_reconciliation_ids_without_scan PASSED [ 58%]
readiness-unit-tests	Run unit tests	2026-10-03T05:41:35.2384377Z tests/unit/test_list_bots.py::test_list_bots_marks_legacy_backtest_records_as_backtests PASSED [ 58%]
readiness-unit-tests	Run unit tests	2026-10-03T05:41:35.2404941Z tests/unit/test_list_bots.py::test_scoped_list_preserves_legacy_normalization_and_stale_record_reconciliation PASSED [ 58%]
readiness-unit-tests	Run unit tests	2026-10-03T05:41:35.2424775Z tests/unit/test_list_bots.py::test_list_bots_read_error_cannot_be_mistaken_for_empty_inventory[False] PASSED [ 58%]
readiness-unit-tests	Run unit tests	2026-10-03T05:41:35.2444501Z tests/unit/test_list_bots.py::test_list_bots_read_error_cannot_be_mistaken_for_empty_inventory[True] PASSED [ 58%]
readiness-unit-tests	Run unit tests	2026-10-03T05:41:35.2458864Z tests/unit/test_list_bots.py::test_list_bots_returns_stale_no_task_records_as_failed PASSED [ 58%]
readiness-unit-tests	Run unit tests	2026-10-03T05:41:35.2664071Z tests/unit/test_list_bots.py::test_list_bots_endpoint_returns_full_list PASSED [ 58%]
readiness-unit-tests	Run unit tests	2026-10-03T05:41:35.2863171Z tests/unit/test_list_bots.py::test_list_bots_endpoint_filters_by_owner_scope PASSED [ 58%]
readiness-unit-tests	Run unit tests	2026-10-03T05:41:35.3166826Z tests/unit/test_list_bots.py::test_list_endpoint_rejects_invalid_scope_before_reads[headers0-403] PASSED [ 59%]
readiness-unit-tests	Run unit tests	2026-10-03T05:41:35.3385380Z tests/unit/test_list_bots.py::test_list_endpoint_rejects_invalid_scope_before_reads[headers1-403] PASSED [ 59%]
readiness-unit-tests	Run unit tests	2026-10-03T05:41:35.3594078Z tests/unit/test_list_bots.py::test_list_endpoint_rejects_invalid_scope_before_reads[headers2-400] PASSED [ 59%]
readiness-unit-tests	Run unit tests	2026-10-03T05:41:35.3799437Z tests/unit/test_list_bots.py::test_list_endpoint_rejects_invalid_scope_before_reads[headers3-400] PASSED [ 59%]
readiness-unit-tests	Run unit tests	2026-10-03T05:41:35.4016759Z tests/unit/test_list_bots.py::test_list_endpoint_returns_error_not_empty_success_when_batch_read_fails[False] PASSED [ 59%]
readiness-unit-tests	Run unit tests	2026-10-03T05:41:35.4317547Z tests/unit/test_list_bots.py::test_list_endpoint_returns_error_not_empty_success_when_batch_read_fails[True] PASSED [ 59%]
readiness-unit-tests	Run unit tests	2026-10-03T05:41:35.4511639Z tests/unit/test_list_bots.py::test_status_endpoint_rejects_wrong_owner_before_lookup PASSED [ 59%]
readiness-unit-tests	Run unit tests	2026-10-03T05:41:35.4707522Z tests/unit/test_list_bots.py::test_status_endpoint_reuses_authorized_bot_record PASSED [ 59%]
readiness-unit-tests	Run unit tests	2026-10-03T05:41:35.4720202Z tests/unit/test_list_bots.py::test_get_status_with_preloaded_record_skips_dynamodb_lookup PASSED [ 59%]
readiness-unit-tests	Run unit tests	2026-10-03T05:41:35.5008418Z tests/unit/test_list_bots.py::test_status_endpoint_reconciles_missing_task_with_exact_success_evidence[True] PASSED [ 59%]
readiness-unit-tests	Run unit tests	2026-10-03T05:41:35.5283620Z tests/unit/test_list_bots.py::test_status_endpoint_reconciles_missing_task_with_exact_success_evidence[False] PASSED [ 59%]
readiness-unit-tests	Run unit tests	2026-10-03T05:41:35.5485096Z tests/unit/test_list_bots.py::test_logs_endpoint_reuses_authorized_bot_record PASSED [ 59%]
readiness-unit-tests	Run unit tests	2026-10-03T05:41:35.5683242Z tests/unit/test_list_bots.py::test_scope_headers_without_scope_key_are_rejected PASSED [ 59%]
readiness-unit-tests	Run unit tests	2026-10-03T05:41:35.5883596Z tests/unit/test_list_bots.py::test_bot_list_authorization_loads_records_for_downstream_reuse PASSED [ 59%]
readiness-unit-tests	Run unit tests	2026-10-03T05:41:35.6081326Z tests/unit/test_list_bots.py::test_log_activity_reuses_only_successfully_authorized_records PASSED [ 59%]
readiness-unit-tests	Run unit tests	2026-10-03T05:41:35.6367001Z tests/unit/test_list_bots.py::test_log_activity_does_not_query_cloudwatch_when_any_record_is_forbidden PASSED [ 59%]
readiness-unit-tests	Run unit tests	2026-10-03T05:41:35.6380694Z tests/unit/test_live_artifacts.py::test_get_live_artifacts_uses_stored_bucket_and_prefix PASSED [ 59%]
readiness-unit-tests	Run unit tests	2026-10-03T05:41:35.6391645Z tests/unit/test_live_artifacts.py::test_live_artifacts_location_defaults_to_regular_live_bucket PASSED [ 59%]
readiness-unit-tests	Run unit tests	2026-10-03T05:41:35.6404264Z tests/unit/test_live_artifacts.py::test_get_live_artifacts_rejects_oversized_file_before_reading_body PASSED [ 59%]
readiness-unit-tests	Run unit tests	2026-10-03T05:41:35.6416339Z tests/unit/test_live_artifacts.py::test_get_deployment_artifacts_requires_matching_owner_before_listing PASSED [ 60%]
readiness-unit-tests	Run unit tests	2026-10-03T05:41:35.6429068Z tests/unit/test_live_artifacts.py::test_get_deployment_artifacts_allows_matching_owner_from_deployment_record_scan PASSED [ 60%]
readiness-unit-tests	Run unit tests	2026-10-03T05:41:35.6620599Z tests/unit/test_live_artifacts_endpoint.py::test_live_artifacts_authorizes_same_live_record_used_for_lookup PASSED [ 60%]
readiness-unit-tests	Run unit tests	2026-10-03T05:41:35.6806837Z tests/unit/test_live_artifacts_endpoint.py::test_deployment_artifacts_requires_trusted_scope PASSED [ 60%]
readiness-unit-tests	Run unit tests	2026-10-03T05:41:35.6990876Z tests/unit/test_live_artifacts_endpoint.py::test_deployment_artifacts_requires_owner_scope PASSED [ 60%]
readiness-unit-tests	Run unit tests	2026-10-03T05:41:35.7178569Z tests/unit/test_live_artifacts_endpoint.py::test_deployment_artifacts_forwards_trusted_scoped_request PASSED [ 60%]
readiness-unit-tests	Run unit tests	2026-10-03T05:41:35.7362722Z tests/unit/test_live_artifacts_endpoint.py::test_deployment_artifacts_admin_scope_does_not_forward_owner_binding PASSED [ 60%]
readiness-unit-tests	Run unit tests	2026-10-03T05:41:35.7376670Z tests/unit/test_live_capacity_cost_reconciler.py::test_prod_reconciler_protects_busy_host_and_reduces_idle_asg_ms_hosts PASSED [ 60%]
readiness-unit-tests	Run unit tests	2026-10-03T05:41:35.7390120Z tests/unit/test_live_capacity_cost_reconciler.py::test_reconciler_scales_all_empty_hosts_to_zero PASSED [ 60%]
readiness-unit-tests	Run unit tests	2026-10-03T05:41:35.7403457Z tests/unit/test_live_capacity_cost_reconciler.py::test_reconciler_restores_host_if_task_appears_after_drain PASSED [ 60%]
readiness-unit-tests	Run unit tests	2026-10-03T05:41:35.7416569Z tests/unit/test_live_capacity_cost_reconciler.py::test_reconciler_deregisters_disconnected_empty_instances PASSED [ 60%]
readiness-unit-tests	Run unit tests	2026-10-03T05:41:35.7429794Z tests/unit/test_live_capacity_cost_reconciler.py::test_reconciler_does_not_deregister_disconnected_instance_with_tasks PASSED [ 60%]
readiness-unit-tests	Run unit tests	2026-10-03T05:41:35.7441230Z tests/unit/test_live_capacity_cost_reconciler.py::test_reconciler_targets_live_asg_ms_never_backtest PASSED [ 60%]
readiness-unit-tests	Run unit tests	2026-10-03T05:41:35.7456802Z tests/unit/test_live_capacity_cost_reconciler.py::test_terraform_live_capacity_has_no_designated_spare PASSED [ 60%]
readiness-unit-tests	Run unit tests	2026-10-03T05:41:35.7471795Z tests/unit/test_log_activity_endpoint.py::TestBotManagerLogActivity::test_empty_bot_ids_list PASSED [ 60%]
readiness-unit-tests	Run unit tests	2026-10-03T05:41:35.7493489Z tests/unit/test_log_activity_endpoint.py::TestBotManagerLogActivity::test_bot_not_found PASSED [ 60%]
readiness-unit-tests	Run unit tests	2026-10-03T05:41:35.7521112Z tests/unit/test_log_activity_endpoint.py::TestBotManagerLogActivity::test_recent_log_activity PASSED [ 60%]
readiness-unit-tests	Run unit tests	2026-10-03T05:41:35.7543405Z tests/unit/test_log_activity_endpoint.py::TestBotManagerLogActivity::test_log_activity_ignores_prefix_neighbor_streams PASSED [ 60%]
readiness-unit-tests	Run unit tests	2026-10-03T05:41:35.7565423Z tests/unit/test_log_activity_endpoint.py::TestBotManagerLogActivity::test_old_log_activity PASSED [ 61%]
readiness-unit-tests	Run unit tests	2026-10-03T05:41:35.7587095Z tests/unit/test_log_activity_endpoint.py::TestBotManagerLogActivity::test_no_log_streams PASSED [ 61%]
readiness-unit-tests	Run unit tests	2026-10-03T05:41:35.7608444Z tests/unit/test_log_activity_endpoint.py::TestBotManagerLogActivity::test_log_group_not_found PASSED [ 61%]
readiness-unit-tests	Run unit tests	2026-10-03T05:41:35.7635909Z tests/unit/test_log_activity_endpoint.py::TestBotManagerLogActivity::test_multiple_bots_mixed_results PASSED [ 61%]
readiness-unit-tests	Run unit tests	2026-10-03T05:41:36.0412740Z tests/unit/test_log_activity_endpoint.py::TestBotManagerLogActivity::test_multi_bot_checks_use_bounded_concurrency_and_preserve_order PASSED [ 61%]
readiness-unit-tests	Run unit tests	2026-10-03T05:41:36.0432169Z tests/unit/test_log_activity_endpoint.py::TestBotManagerLogActivity::test_authorized_records_are_reused_without_duplicate_metadata_reads PASSED [ 61%]
readiness-unit-tests	Run unit tests	2026-10-03T05:41:36.0452458Z tests/unit/test_log_activity_endpoint.py::TestBotManagerLogActivity::test_direct_metadata_failure_stays_scoped_to_its_bot PASSED [ 61%]
readiness-unit-tests	Run unit tests	2026-10-03T05:41:36.0998632Z tests/unit/test_log_activity_endpoint.py::TestBotManagerLogActivity::test_two_simultaneous_requests_share_process_global_eight_call_cap PASSED [ 61%]
readiness-unit-tests	Run unit tests	2026-10-03T05:41:36.1038583Z tests/unit/test_log_activity_endpoint.py::TestBotManagerLogActivity::test_error_and_straggler_paths_release_every_global_permit PASSED [ 61%]
readiness-unit-tests	Run unit tests	2026-10-03T05:41:36.1419212Z tests/unit/test_log_retrieval_failures.py::test_log_read_failure_is_not_successful_empty_result[AccessDeniedException-tail] PASSED [ 61%]
readiness-unit-tests	Run unit tests	2026-10-03T05:41:36.1779768Z tests/unit/test_log_retrieval_failures.py::test_log_read_failure_is_not_successful_empty_result[AccessDeniedException-oldest] PASSED [ 61%]
readiness-unit-tests	Run unit tests	2026-10-03T05:41:36.2036730Z tests/unit/test_log_retrieval_failures.py::test_log_read_failure_is_not_successful_empty_result[AccessDeniedException-filtered] PASSED [ 61%]
readiness-unit-tests	Run unit tests	2026-10-03T05:41:36.2287734Z tests/unit/test_log_retrieval_failures.py::test_log_read_failure_is_not_successful_empty_result[AccessDeniedException-lambda] PASSED [ 61%]
readiness-unit-tests	Run unit tests	2026-10-03T05:41:36.2543463Z tests/unit/test_log_retrieval_failures.py::test_log_read_failure_is_not_successful_empty_result[ServiceUnavailableException-tail] PASSED [ 61%]
readiness-unit-tests	Run unit tests	2026-10-03T05:41:36.2800548Z tests/unit/test_log_retrieval_failures.py::test_log_read_failure_is_not_successful_empty_result[ServiceUnavailableException-oldest] PASSED [ 61%]
readiness-unit-tests	Run unit tests	2026-10-03T05:41:36.3185496Z tests/unit/test_log_retrieval_failures.py::test_log_read_failure_is_not_successful_empty_result[ServiceUnavailableException-filtered] PASSED [ 61%]
readiness-unit-tests	Run unit tests	2026-10-03T05:41:36.3434658Z tests/unit/test_log_retrieval_failures.py::test_log_read_failure_is_not_successful_empty_result[ServiceUnavailableException-lambda] PASSED [ 61%]
readiness-unit-tests	Run unit tests	2026-10-03T05:41:36.3684812Z tests/unit/test_log_retrieval_failures.py::test_failed_discovery_is_not_no_logs[/api/logs] PASSED [ 61%]
readiness-unit-tests	Run unit tests	2026-10-03T05:41:36.3934650Z tests/unit/test_log_retrieval_failures.py::test_failed_discovery_is_not_no_logs[/api/telemetry_history] PASSED [ 62%]
readiness-unit-tests	Run unit tests	2026-10-03T05:41:36.4179769Z tests/unit/test_log_retrieval_failures.py::test_failed_discovery_is_not_no_logs[/api/telemetry_latest] PASSED [ 62%]
readiness-unit-tests	Run unit tests	2026-10-03T05:41:36.4573863Z tests/unit/test_log_retrieval_failures.py::test_filtered_log_retry_preserves_events_sorting_and_pagination PASSED [ 62%]
readiness-unit-tests	Run unit tests	2026-10-03T05:41:36.7891877Z tests/unit/test_log_retrieval_failures.py::test_new_bot_without_logs_still_returns_empty_success[False] PASSED [ 62%]
readiness-unit-tests	Run unit tests	2026-10-03T05:41:36.8129080Z tests/unit/test_log_retrieval_failures.py::test_new_bot_without_logs_still_returns_empty_success[True] PASSED [ 62%]
readiness-unit-tests	Run unit tests	2026-10-03T05:41:36.8361225Z tests/unit/test_log_retrieval_failures.py::test_out_of_scope_bot_cannot_reach_log_provider PASSED [ 62%]
readiness-unit-tests	Run unit tests	2026-10-03T05:41:36.8605634Z tests/unit/test_log_retrieval_failures.py::test_activity_discovery_failure_is_not_inactivity PASSED [ 62%]
readiness-unit-tests	Run unit tests	2026-10-03T05:41:36.8955842Z tests/unit/test_log_retrieval_failures.py::test_discovery_fallback_can_still_recover PASSED [ 62%]
readiness-unit-tests	Run unit tests	2026-10-03T05:41:36.8965642Z tests/unit/test_lumibot_requirement.py::test_lumibot_requirement_defaults_to_latest_package PASSED [ 62%]
readiness-unit-tests	Run unit tests	2026-10-03T05:41:36.8974959Z tests/unit/test_lumibot_requirement.py::test_lumibot_requirement_accepts_version_pin PASSED [ 62%]
readiness-unit-tests	Run unit tests	2026-10-03T05:41:36.8984491Z tests/unit/test_lumibot_requirement.py::test_lumibot_requirement_accepts_direct_archive_url PASSED [ 62%]
readiness-unit-tests	Run unit tests	2026-10-03T05:41:36.8994960Z tests/unit/test_lumibot_requirement.py::test_lumibot_requirement_accepts_full_requirement PASSED [ 62%]
readiness-unit-tests	Run unit tests	2026-10-03T05:41:36.9006226Z tests/unit/test_nat_router.py::test_router_is_isolated_from_customer_routes_and_preserves_the_gateway PASSED [ 62%]
readiness-unit-tests	Run unit tests	2026-10-03T05:41:36.9018369Z tests/unit/test_nat_router.py::test_router_cannot_expose_services_or_borrow_application_credentials PASSED [ 62%]
readiness-unit-tests	Run unit tests	2026-10-03T05:41:36.9057589Z tests/unit/test_nat_router.py::test_bootstrap_drops_unsolicited_input_and_never_forwards_metadata PASSED [ 62%]
readiness-unit-tests	Run unit tests	2026-10-03T05:41:36.9068722Z tests/unit/test_nat_router.py::test_router_image_is_pinned_amazon_arm64_and_wrong_account_fails_closed PASSED [ 62%]
readiness-unit-tests	Run unit tests	2026-10-03T05:41:36.9079903Z tests/unit/test_nat_router.py::test_experiment_cannot_expand_paid_capacity_or_delete_customer_networks PASSED [ 62%]
readiness-unit-tests	Run unit tests	2026-10-03T05:41:36.9105014Z tests/unit/test_nat_router.py::test_probe_requires_exact_nat_ip_and_cannot_claim_broker_authentication PASSED [ 62%]
readiness-unit-tests	Run unit tests	2026-10-03T05:41:36.9122906Z tests/unit/test_nat_router.py::test_probe_rejects_wrong_egress_or_workload_credentials[wrong-ip] PASSED [ 63%]
readiness-unit-tests	Run unit tests	2026-10-03T05:41:36.9138532Z tests/unit/test_nat_router.py::test_probe_rejects_wrong_egress_or_workload_credentials[ip-check-401] PASSED [ 63%]
readiness-unit-tests	Run unit tests	2026-10-03T05:41:36.9155773Z tests/unit/test_nat_router.py::test_probe_rejects_wrong_egress_or_workload_credentials[unexpected-task-role] PASSED [ 63%]
readiness-unit-tests	Run unit tests	2026-10-03T05:41:36.9171256Z tests/unit/test_nat_router.py::test_probe_has_bounded_retries_and_does_not_reclassify_service_503_as_auth_success PASSED [ 63%]
readiness-unit-tests	Run unit tests	2026-10-03T05:41:36.9184693Z tests/unit/test_no_log_text_status_classification.py::test_bootstrap_runtime_status_does_not_use_log_tail_classification PASSED [ 63%]
readiness-unit-tests	Run unit tests	2026-10-03T05:41:36.9199103Z tests/unit/test_no_log_text_status_classification.py::test_bootstrap_status_does_not_force_failure_from_traceback_text PASSED [ 63%]
readiness-unit-tests	Run unit tests	2026-10-03T05:41:36.9219750Z tests/unit/test_no_log_text_status_classification.py::test_bot_manager_status_detail_does_not_classify_from_cloudwatch_logs PASSED [ 63%]
readiness-unit-tests	Run unit tests	2026-10-03T05:41:36.9230145Z tests/unit/test_observe_backtest_startup.py::test_observer_excludes_environment_overrides_and_unrelated_metrics PASSED [ 63%]
readiness-unit-tests	Run unit tests	2026-10-03T05:41:36.9240320Z tests/unit/test_observe_backtest_startup.py::test_observer_uses_explicit_terminal_state_and_retained_timestamps PASSED [ 63%]
readiness-unit-tests	Run unit tests	2026-10-03T05:41:36.9253671Z tests/unit/test_portfolio_snapshot_codegen.py::test_portfolio_snapshot_resolves_scheduled_lazy_broker PASSED [ 63%]
readiness-unit-tests	Run unit tests	2026-10-03T05:41:36.9264659Z tests/unit/test_production_readiness_workflow.py::test_production_readiness_is_qualification_only PASSED [ 63%]
readiness-unit-tests	Run unit tests	2026-10-03T05:41:36.9275539Z tests/unit/test_reconcile_lambda_release_code.py::test_reconciles_exact_manifest_package_when_terraform_state_hides_code_drift PASSED [ 63%]
readiness-unit-tests	Run unit tests	2026-10-03T05:41:36.9284853Z tests/unit/test_reconcile_lambda_release_code.py::test_matching_code_is_verified_without_redeploying PASSED [ 63%]
readiness-unit-tests	Run unit tests	2026-10-03T05:41:36.9294457Z tests/unit/test_reconcile_lambda_release_code.py::test_ignores_legacy_manifest_asset_not_owned_by_release_lambda_resources PASSED [ 63%]
readiness-unit-tests	Run unit tests	2026-10-03T05:41:36.9303831Z tests/unit/test_reconcile_lambda_release_code.py::test_dev_reconciliation_ignores_prod_only_packages_in_promotable_manifest PASSED [ 63%]
readiness-unit-tests	Run unit tests	2026-10-03T05:41:36.9316111Z tests/unit/test_reconcile_lambda_release_code.py::test_prod_reconciliation_still_requires_prod_only_functions PASSED [ 63%]
readiness-unit-tests	Run unit tests	2026-10-03T05:41:36.9326232Z tests/unit/test_reconcile_lambda_release_code.py::test_rejects_cross_environment_manifest_before_any_aws_write PASSED [ 63%]
readiness-unit-tests	Run unit tests	2026-10-03T05:41:36.9336416Z tests/unit/test_reconcile_lambda_release_code.py::test_rejects_asset_key_outside_exact_environment_prefix PASSED [ 63%]
readiness-unit-tests	Run unit tests	2026-10-03T05:41:36.9347108Z tests/unit/test_reconcile_lambda_release_code.py::test_fails_closed_when_readback_still_does_not_match PASSED [ 63%]
readiness-unit-tests	Run unit tests	2026-10-03T05:41:36.9361365Z tests/unit/test_reconcile_lambda_release_code.py::test_deployment_reconciles_lambda_code_before_reporting_infrastructure_done PASSED [ 64%]
readiness-unit-tests	Run unit tests	2026-10-03T05:41:36.9375473Z tests/unit/test_recover_deleted_lambda_images.py::test_deleted_image_is_replaced_before_configuration_updates PASSED [ 64%]
readiness-unit-tests	Run unit tests	2026-10-03T05:41:36.9386556Z tests/unit/test_recover_deleted_lambda_images.py::test_healthy_functions_are_left_for_terraform PASSED [ 64%]
readiness-unit-tests	Run unit tests	2026-10-03T05:41:36.9402192Z tests/unit/test_recover_deleted_lambda_images.py::test_recovery_requires_exact_image_readback PASSED [ 64%]
readiness-unit-tests	Run unit tests	2026-10-03T05:41:36.9415210Z tests/unit/test_recover_deleted_lambda_images.py::test_invalid_release_is_rejected_before_aws[dev-412381755468.dkr.ecr.us-east-1.amazonaws.com/prod-single-trade-lambda@sha256:abababababababababababababababababababababababababababababababab] PASSED [ 64%]
readiness-unit-tests	Run unit tests	2026-10-03T05:41:36.9427178Z tests/unit/test_recover_deleted_lambda_images.py::test_invalid_release_is_rejected_before_aws[prod-412381755468.dkr.ecr.us-east-1.amazonaws.com/dev-single-trade-lambda@sha256:abababababababababababababababababababababababababababababababab] PASSED [ 64%]
readiness-unit-tests	Run unit tests	2026-10-03T05:41:36.9438807Z tests/unit/test_recover_deleted_lambda_images.py::test_invalid_release_is_rejected_before_aws[prod-412381755468.dkr.ecr.us-east-1.amazonaws.com/prod-single-trade-lambda:latest] PASSED [ 64%]
readiness-unit-tests	Run unit tests	2026-10-03T05:41:36.9451441Z tests/unit/test_recover_deleted_lambda_images.py::test_recovery_runs_after_safety_plan_before_terraform_apply PASSED [ 64%]
readiness-unit-tests	Run unit tests	2026-10-03T05:41:36.9463705Z tests/unit/test_recover_deleted_lambda_images.py::test_readonly_manifest_verification_is_required_when_integration_writes_are_skipped PASSED [ 64%]
readiness-unit-tests	Run unit tests	2026-10-03T05:41:36.9664878Z tests/unit/test_recover_deleted_lambda_images.py::test_production_verification_receives_the_canonical_endpoint_and_workflow_key PASSED [ 64%]
readiness-unit-tests	Run unit tests	2026-10-03T05:41:36.9677001Z tests/unit/test_release_manifest.py::test_valid_manifest_passes_schema_validation PASSED [ 64%]
readiness-unit-tests	Run unit tests	2026-10-03T05:41:36.9688742Z tests/unit/test_release_manifest.py::test_manifest_sha_is_canonical_and_stable PASSED [ 64%]
readiness-unit-tests	Run unit tests	2026-10-03T05:41:36.9700539Z tests/unit/test_release_manifest.py::test_mutable_latest_image_fails_validation PASSED [ 64%]
readiness-unit-tests	Run unit tests	2026-10-03T05:41:36.9712339Z tests/unit/test_release_manifest.py::test_bad_digest_format_fails_validation PASSED [ 64%]
readiness-unit-tests	Run unit tests	2026-10-03T05:41:36.9723935Z tests/unit/test_release_manifest.py::test_preflight_checks_referenced_s3_and_ecr_artifacts PASSED [ 64%]
readiness-unit-tests	Run unit tests	2026-10-03T05:41:36.9736339Z tests/unit/test_release_manifest.py::test_preflight_fails_for_missing_lambda_asset_key PASSED [ 64%]
readiness-unit-tests	Run unit tests	2026-10-03T05:41:36.9752878Z tests/unit/test_release_manifest.py::test_promote_release_manifest_copies_exact_bytes_and_preserves_artifact_digests PASSED [ 64%]
readiness-unit-tests	Run unit tests	2026-10-03T05:41:36.9768223Z tests/unit/test_release_manifest.py::test_promote_release_manifest_accepts_duplicate_tags_for_the_same_exact_ecr_digest PASSED [ 64%]
readiness-unit-tests	Run unit tests	2026-10-03T05:41:36.9778685Z tests/unit/test_release_manifest.py::test_promote_ecr_image_rejects_conflicting_manifests_for_one_digest PASSED [ 65%]
readiness-unit-tests	Run unit tests	2026-10-03T05:41:36.9792493Z tests/unit/test_release_manifest.py::test_promote_ecr_image_copies_missing_cross_repository_blobs_before_manifest PASSED [ 65%]
readiness-unit-tests	Run unit tests	2026-10-03T05:41:36.9804055Z tests/unit/test_release_manifest.py::test_promote_ecr_image_recursively_promotes_manifest_list_children PASSED [ 65%]
readiness-unit-tests	Run unit tests	2026-10-03T05:41:36.9815401Z tests/unit/test_release_manifest.py::test_promote_ecr_image_retry_reuses_exact_blobs_and_manifest PASSED [ 65%]
readiness-unit-tests	Run unit tests	2026-10-03T05:41:36.9827122Z tests/unit/test_release_manifest.py::test_promote_ecr_image_redacts_presigned_download_url_from_failures PASSED [ 65%]
readiness-unit-tests	Run unit tests	2026-10-03T05:41:36.9836829Z tests/unit/test_release_manifest.py::test_promote_dependency_layer_reuses_exact_existing_version_when_list_omits_code_hash PASSED [ 65%]
readiness-unit-tests	Run unit tests	2026-10-03T05:41:36.9846959Z tests/unit/test_release_manifest.py::test_release_manifest_cli_suppresses_aws_wire_debug_logging PASSED [ 65%]
readiness-unit-tests	Run unit tests	2026-10-03T05:41:36.9858819Z tests/unit/test_release_manifest.py::test_public_release_manifest_response_from_compact_env PASSED [ 65%]
readiness-unit-tests	Run unit tests	2026-10-03T05:41:36.9872446Z tests/unit/test_release_manifest.py::test_public_release_manifest_response_rejects_missing_compact_image PASSED [ 65%]
readiness-unit-tests	Run unit tests	2026-10-03T05:41:36.9881614Z tests/unit/test_release_path_classifier.py::test_bot_manager_file_rebuilds_runtime_bundle_and_lambda_assets PASSED [ 65%]
readiness-unit-tests	Run unit tests	2026-10-03T05:41:36.9890526Z tests/unit/test_release_path_classifier.py::test_root_bot_manager_module_rebuilds_runtime_bundle_and_lambda_assets PASSED [ 65%]
readiness-unit-tests	Run unit tests	2026-10-03T05:41:36.9899168Z tests/unit/test_release_path_classifier.py::test_bootstrap_base_rebuilds_runtime_bundle PASSED [ 65%]
readiness-unit-tests	Run unit tests	2026-10-03T05:41:36.9908350Z tests/unit/test_release_path_classifier.py::test_dependency_contract_rebuilds_all_python_artifacts PASSED [ 65%]
readiness-unit-tests	Run unit tests	2026-10-03T05:41:36.9917342Z tests/unit/test_release_path_classifier.py::test_single_trade_executor_rebuilds_single_trade_image_and_lambda_assets PASSED [ 65%]
readiness-unit-tests	Run unit tests	2026-10-03T05:41:36.9926065Z tests/unit/test_release_path_classifier.py::test_live_all_dependency_profile_rebuilds_single_trade_image PASSED [ 65%]
readiness-unit-tests	Run unit tests	2026-10-03T05:41:36.9934884Z tests/unit/test_release_path_classifier.py::test_live_image_canary_handler_rebuilds_single_trade_image PASSED [ 65%]
readiness-unit-tests	Run unit tests	2026-10-03T05:41:36.9943595Z tests/unit/test_release_path_classifier.py::test_terraform_change_only_flags_terraform PASSED [ 65%]
readiness-unit-tests	Run unit tests	2026-10-03T05:41:36.9952686Z tests/unit/test_release_path_classifier.py::test_workflow_change_forces_all_except_snapshot PASSED [ 65%]
readiness-unit-tests	Run unit tests	2026-10-03T05:41:36.9962387Z tests/unit/test_release_path_classifier.py::test_docs_only_change_does_not_build_artifacts PASSED [ 66%]
readiness-unit-tests	Run unit tests	2026-10-03T05:41:36.9985623Z tests/unit/test_release_pipeline_static.py::test_terraform_release_images_do_not_use_latest_data_sources PASSED [ 66%]
readiness-unit-tests	Run unit tests	2026-10-03T05:41:36.9997902Z tests/unit/test_release_pipeline_static.py::test_deploy_workflows_do_not_setup_docker_or_run_image_builds_directly PASSED [ 66%]
readiness-unit-tests	Run unit tests	2026-10-03T05:41:37.0020977Z tests/unit/test_release_pipeline_static.py::test_quality_and_unit_qualification_cover_pr_and_promotion_paths PASSED [ 66%]
readiness-unit-tests	Run unit tests	2026-10-03T05:41:37.0039964Z tests/unit/test_release_pipeline_static.py::test_external_github_actions_use_immutable_commit_shas PASSED [ 66%]
readiness-unit-tests	Run unit tests	2026-10-03T05:41:37.0080697Z tests/unit/test_release_pipeline_static.py::test_every_checkout_disables_persisted_credentials PASSED [ 66%]
readiness-unit-tests	Run unit tests	2026-10-03T05:41:37.0090848Z tests/unit/test_release_pipeline_static.py::test_locked_dependency_audit_has_no_advisory_ignores PASSED [ 66%]
readiness-unit-tests	Run unit tests	2026-10-03T05:41:37.0101001Z tests/unit/test_release_pipeline_static.py::test_actionlint_config_only_models_intentional_workflow_extensions PASSED [ 66%]
readiness-unit-tests	Run unit tests	2026-10-03T05:41:37.0113142Z tests/unit/test_release_pipeline_static.py::test_existing_manifest_rollback_does_not_wait_for_source_quality PASSED [ 66%]
readiness-unit-tests	Run unit tests	2026-10-03T05:41:37.0338960Z tests/unit/test_release_pipeline_static.py::test_deploy_handles_skipped_transitive_build_jobs_but_requires_artifacts[dev-develop] PASSED [ 66%]
readiness-unit-tests	Run unit tests	2026-10-03T05:41:37.0530848Z tests/unit/test_release_pipeline_static.py::test_deploy_handles_skipped_transitive_build_jobs_but_requires_artifacts[prod-production] PASSED [ 66%]
readiness-unit-tests	Run unit tests	2026-10-03T05:41:37.0541981Z tests/unit/test_release_pipeline_static.py::test_production_push_resolves_and_promotes_the_exact_development_manifest PASSED [ 66%]
readiness-unit-tests	Run unit tests	2026-10-03T05:41:37.0552629Z tests/unit/test_release_pipeline_static.py::test_development_manifest_is_indexed_by_exact_git_sha_for_production_promotion PASSED [ 66%]
readiness-unit-tests	Run unit tests	2026-10-03T05:41:37.0562819Z tests/unit/test_release_pipeline_static.py::test_dev_release_pointer_collision_reuses_the_published_manifest PASSED [ 66%]
readiness-unit-tests	Run unit tests	2026-10-03T05:41:37.0573174Z tests/unit/test_release_pipeline_static.py::test_artifact_workflow_has_separate_artifact_jobs_and_snapshot_not_normal PASSED [ 66%]
readiness-unit-tests	Run unit tests	2026-10-03T05:41:37.0585661Z tests/unit/test_release_pipeline_static.py::test_setup_legacy_docker_build_path_is_gated PASSED [ 66%]
readiness-unit-tests	Run unit tests	2026-10-03T05:41:37.0599761Z tests/unit/test_release_pipeline_static.py::test_api_lambda_release_env_stays_compact PASSED [ 66%]
readiness-unit-tests	Run unit tests	2026-10-03T05:41:37.3038265Z tests/unit/test_release_pipeline_static.py::test_assemble_release_manifest_runs_by_script_path PASSED [ 66%]
readiness-unit-tests	Run unit tests	2026-10-03T05:41:37.3072966Z tests/unit/test_requested_task_memory.py::test_omitted_memory_keeps_the_current_cpu_and_memory PASSED [ 67%]
readiness-unit-tests	Run unit tests	2026-10-03T05:41:37.3077942Z tests/unit/test_requested_task_memory.py::test_scheduled_fargate_accepts_two_three_or_four_gb_without_changing_cpu[2048] PASSED [ 67%]
readiness-unit-tests	Run unit tests	2026-10-03T05:41:37.3081890Z tests/unit/test_requested_task_memory.py::test_scheduled_fargate_accepts_two_three_or_four_gb_without_changing_cpu[3072] PASSED [ 67%]
readiness-unit-tests	Run unit tests	2026-10-03T05:41:37.3086228Z tests/unit/test_requested_task_memory.py::test_scheduled_fargate_accepts_two_three_or_four_gb_without_changing_cpu[4096] PASSED [ 67%]
readiness-unit-tests	Run unit tests	2026-10-03T05:41:37.3112884Z tests/unit/test_requested_task_memory.py::test_requested_memory_is_applied_after_an_env_size_and_does_not_change_cpu PASSED [ 67%]
readiness-unit-tests	Run unit tests	2026-10-03T05:41:37.3145549Z tests/unit/test_requested_task_memory.py::test_requested_memory_rejects_a_size_that_would_change_cpu PASSED [ 67%]
readiness-unit-tests	Run unit tests	2026-10-03T05:41:37.3147211Z tests/unit/test_requested_task_memory.py::test_always_on_two_three_or_four_gb_is_not_placed PASSED [ 67%]
readiness-unit-tests	Run unit tests	2026-10-03T05:41:37.3148617Z tests/unit/test_requested_task_memory.py::test_other_memory_sizes_are_rejected PASSED [ 67%]
readiness-unit-tests	Run unit tests	2026-10-03T05:41:37.3155656Z tests/unit/test_reset_dev_backtest_experiment.py::test_reset_refuses_unreviewed_or_active_capacity[busy] PASSED [ 67%]
readiness-unit-tests	Run unit tests	2026-10-03T05:41:37.3165829Z tests/unit/test_reset_dev_backtest_experiment.py::test_reset_refuses_unreviewed_or_active_capacity[changed] PASSED [ 67%]
readiness-unit-tests	Run unit tests	2026-10-03T05:41:37.3170384Z tests/unit/test_reset_dev_backtest_experiment.py::test_reset_refuses_unreviewed_or_active_capacity[protected] PASSED [ 67%]
readiness-unit-tests	Run unit tests	2026-10-03T05:41:37.3177362Z tests/unit/test_reset_dev_backtest_experiment.py::test_reset_refuses_unreviewed_or_active_capacity[minimum] PASSED [ 67%]
readiness-unit-tests	Run unit tests	2026-10-03T05:41:37.3190916Z tests/unit/test_reset_dev_backtest_experiment.py::test_reset_refuses_unreviewed_or_active_capacity[pool] PASSED [ 67%]
readiness-unit-tests	Run unit tests	2026-10-03T05:41:37.3218976Z tests/unit/test_reset_dev_backtest_experiment.py::test_reset_preserves_identity_and_confirms_zero PASSED [ 67%]
readiness-unit-tests	Run unit tests	2026-10-03T05:41:37.3229653Z tests/unit/test_reset_dev_backtest_experiment.py::test_stopped_pool_requires_exact_pristine_stopped_identity[reuse] PASSED [ 67%]
readiness-unit-tests	Run unit tests	2026-10-03T05:41:37.3240260Z tests/unit/test_reset_dev_backtest_experiment.py::test_stopped_pool_requires_exact_pristine_stopped_identity[running] PASSED [ 67%]
readiness-unit-tests	Run unit tests	2026-10-03T05:41:37.3250461Z tests/unit/test_reset_dev_backtest_experiment.py::test_stopped_pool_requires_exact_pristine_stopped_identity[identity] PASSED [ 67%]
readiness-unit-tests	Run unit tests	2026-10-03T05:41:37.3260660Z tests/unit/test_reset_dev_backtest_experiment.py::test_stopped_pool_requires_exact_pristine_stopped_identity[missing] PASSED [ 67%]
readiness-unit-tests	Run unit tests	2026-10-03T05:41:37.3272856Z tests/unit/test_reset_dev_backtest_experiment.py::test_stopped_pool_requires_exact_pristine_stopped_identity[unreviewed] PASSED [ 68%]
readiness-unit-tests	Run unit tests	2026-10-03T05:41:37.3299118Z tests/unit/test_reset_dev_backtest_experiment.py::test_reset_preserves_reviewed_stopped_pool PASSED [ 68%]
readiness-unit-tests	Run unit tests	2026-10-03T05:41:37.3312890Z tests/unit/test_retain_release_images.py::test_digest_only_images_receive_bounded_retention_tags PASSED [ 68%]
readiness-unit-tests	Run unit tests	2026-10-03T05:41:37.3322585Z tests/unit/test_retain_release_images.py::test_cross_environment_rejected_before_tagging PASSED [ 68%]
readiness-unit-tests	Run unit tests	2026-10-03T05:41:37.3333844Z tests/unit/test_retain_release_images.py::test_replacement_preserves_previous_digest_before_moving_current PASSED [ 68%]
readiness-unit-tests	Run unit tests	2026-10-03T05:41:37.3344655Z tests/unit/test_retain_release_images.py::test_corrupt_manifest_is_not_tagged PASSED [ 68%]
readiness-unit-tests	Run unit tests	2026-10-03T05:41:37.3355472Z tests/unit/test_retain_release_images.py::test_active_and_previous_images_have_higher_priority_than_expiration PASSED [ 68%]
readiness-unit-tests	Run unit tests	2026-10-03T05:41:37.3368365Z tests/unit/test_retain_release_images.py::test_retention_precedes_image_recovery_and_apply PASSED [ 68%]
readiness-unit-tests	Run unit tests	2026-10-03T05:41:37.3380399Z tests/unit/test_retain_release_images.py::test_brief_stale_tag_readback_is_retried PASSED [ 68%]
readiness-unit-tests	Run unit tests	2026-10-03T05:41:37.3394725Z tests/unit/test_retain_release_images.py::test_tag_that_never_moves_still_fails PASSED [ 68%]
readiness-unit-tests	Run unit tests	2026-10-03T05:41:37.3413671Z tests/unit/test_runtime_access_envelope.py::test_runtime_access_envelope_round_trip_never_contains_plaintext PASSED [ 68%]
readiness-unit-tests	Run unit tests	2026-10-03T05:41:37.3431287Z tests/unit/test_runtime_access_envelope.py::test_runtime_access_envelope_rejects_tampered_ciphertext PASSED [ 68%]
readiness-unit-tests	Run unit tests	2026-10-03T05:41:37.3463254Z tests/unit/test_runtime_loader.py::test_runtime_loader_downloads_verifies_extracts_and_uses_cache PASSED [ 68%]
readiness-unit-tests	Run unit tests	2026-10-03T05:41:37.3487101Z tests/unit/test_runtime_loader.py::test_runtime_loader_rejects_checksum_mismatch PASSED [ 68%]
readiness-unit-tests	Run unit tests	2026-10-03T05:41:37.3512488Z tests/unit/test_runtime_loader.py::test_runtime_loader_rejects_tar_path_traversal PASSED [ 68%]
readiness-unit-tests	Run unit tests	2026-10-03T05:41:37.3538706Z tests/unit/test_runtime_loader.py::test_runtime_loader_rejects_symlink_escape PASSED [ 68%]
readiness-unit-tests	Run unit tests	2026-10-03T05:41:37.3558636Z tests/unit/test_runtime_loader.py::test_runtime_loader_rejects_unsafe_entrypoint PASSED [ 68%]
readiness-unit-tests	Run unit tests	2026-10-03T05:41:37.3570187Z tests/unit/test_runtime_secrets.py::test_snapshot_reporting_environment_uses_trusted_scope_without_exposing_service_key PASSED [ 68%]
readiness-unit-tests	Run unit tests	2026-10-03T05:41:37.3581551Z tests/unit/test_runtime_secrets.py::test_snapshot_reporting_environment_rejects_broader_or_mismatched_authority[change0] PASSED [ 68%]
readiness-unit-tests	Run unit tests	2026-10-03T05:41:37.3593269Z tests/unit/test_runtime_secrets.py::test_snapshot_reporting_environment_rejects_broader_or_mismatched_authority[change1] PASSED [ 69%]
readiness-unit-tests	Run unit tests	2026-10-03T05:41:37.3604413Z tests/unit/test_runtime_secrets.py::test_snapshot_reporting_environment_rejects_broader_or_mismatched_authority[change2] PASSED [ 69%]
readiness-unit-tests	Run unit tests	2026-10-03T05:41:37.3616651Z tests/unit/test_runtime_secrets.py::test_snapshot_reporting_environment_rejects_broader_or_mismatched_authority[change3] PASSED [ 69%]
readiness-unit-tests	Run unit tests	2026-10-03T05:41:37.3627579Z tests/unit/test_runtime_secrets.py::test_issue_managed_ai_capability_is_deployment_bound_and_uses_service_auth PASSED [ 69%]
readiness-unit-tests	Run unit tests	2026-10-03T05:41:37.3638746Z tests/unit/test_runtime_secrets.py::test_issue_managed_ai_capability_maps_node_http_500_to_runtime_secret_error PASSED [ 69%]
readiness-unit-tests	Run unit tests	2026-10-03T05:41:37.3649864Z tests/unit/test_runtime_secrets.py::test_issue_managed_ai_capability_preserves_flat_node_invalid_request_contract PASSED [ 69%]
readiness-unit-tests	Run unit tests	2026-10-03T05:41:37.3660464Z tests/unit/test_runtime_secrets.py::test_issue_deployment_runtime_secret_calls_node_service_endpoint PASSED [ 69%]
readiness-unit-tests	Run unit tests	2026-10-03T05:41:37.3671708Z tests/unit/test_runtime_secrets.py::test_issue_deployment_runtime_secret_retries_rotation_waiter_timeout PASSED [ 69%]
readiness-unit-tests	Run unit tests	2026-10-03T05:41:37.3682435Z tests/unit/test_runtime_secrets.py::test_issue_deployment_runtime_secret_uses_narrow_runtime_capability_without_service_key PASSED [ 69%]
readiness-unit-tests	Run unit tests	2026-10-03T05:41:37.3693462Z tests/unit/test_runtime_secrets.py::test_issue_broker_runtime_capability_is_bound_to_exact_runtime_scope PASSED [ 69%]
readiness-unit-tests	Run unit tests	2026-10-03T05:41:37.3704704Z tests/unit/test_runtime_secrets.py::test_issue_deployment_runtime_secret_rejects_oauth_response_without_required_renewal_policy PASSED [ 69%]
readiness-unit-tests	Run unit tests	2026-10-03T05:41:37.3716075Z tests/unit/test_runtime_secrets.py::test_broker_runtime_renewal_environment_uses_explicit_runtime_contract PASSED [ 69%]
readiness-unit-tests	Run unit tests	2026-10-03T05:41:37.3726269Z tests/unit/test_runtime_secrets.py::test_broker_runtime_renewal_environment_adds_sanitized_launch_evidence PASSED [ 69%]
readiness-unit-tests	Run unit tests	2026-10-03T05:41:37.3737734Z tests/unit/test_runtime_secrets.py::test_broker_runtime_renewal_environment_fails_before_launch_without_secure_resolver[control_env0] PASSED [ 69%]
readiness-unit-tests	Run unit tests	2026-10-03T05:41:37.3748552Z tests/unit/test_runtime_secrets.py::test_broker_runtime_renewal_environment_fails_before_launch_without_secure_resolver[control_env1] PASSED [ 69%]
readiness-unit-tests	Run unit tests	2026-10-03T05:41:37.3758121Z tests/unit/test_runtime_secrets.py::test_broker_runtime_environment_issues_observation_and_research_for_nonrenewing_runtime PASSED [ 69%]
readiness-unit-tests	Run unit tests	2026-10-03T05:41:37.3774011Z tests/unit/test_runtime_secrets.py::test_broker_runtime_environment_requests_only_explicit_email_grants PASSED [ 69%]
readiness-unit-tests	Run unit tests	2026-10-03T05:41:37.3792625Z tests/unit/test_runtime_secrets.py::test_broker_runtime_renewal_environment_fails_closed_before_capability_issue[-deploy-1-cred-1-scheduled_bot] PASSED [ 69%]
readiness-unit-tests	Run unit tests	2026-10-03T05:41:37.3799648Z tests/unit/test_runtime_secrets.py::test_broker_runtime_renewal_environment_fails_closed_before_capability_issue[user-1--cred-1-scheduled_bot] PASSED [ 70%]
readiness-unit-tests	Run unit tests	2026-10-03T05:41:37.3811545Z tests/unit/test_runtime_secrets.py::test_broker_runtime_renewal_environment_fails_closed_before_capability_issue[user-1-deploy-1--scheduled_bot] PASSED [ 70%]
readiness-unit-tests	Run unit tests	2026-10-03T05:41:37.3823384Z tests/unit/test_runtime_secrets.py::test_broker_runtime_renewal_environment_fails_closed_before_capability_issue[user-1-deploy-1-cred-1-portfolio_snapshot] PASSED [ 70%]
readiness-unit-tests	Run unit tests	2026-10-03T05:41:37.3833936Z tests/unit/test_runtime_secrets.py::test_narrow_runtime_capability_rejects_arbitrary_environment_secret_issue PASSED [ 70%]
readiness-unit-tests	Run unit tests	2026-10-03T05:41:37.3845407Z tests/unit/test_runtime_secrets.py::test_expired_narrow_runtime_capability_renews_then_retries_issue PASSED [ 70%]
readiness-unit-tests	Run unit tests	2026-10-03T05:41:37.3858305Z tests/unit/test_runtime_secrets.py::test_lost_renewal_response_reuses_private_idempotency_key PASSED [ 70%]
readiness-unit-tests	Run unit tests	2026-10-03T05:41:37.3870804Z tests/unit/test_runtime_secrets.py::test_issue_deployment_runtime_secret_passes_server_runtime_secret_mode PASSED [ 70%]
readiness-unit-tests	Run unit tests	2026-10-03T05:41:37.3881285Z tests/unit/test_runtime_secrets.py::test_issue_deployment_runtime_secret_passes_scheduled_bot_server_runtime_secret_mode PASSED [ 70%]
readiness-unit-tests	Run unit tests	2026-10-03T05:41:37.3891285Z tests/unit/test_runtime_secrets.py::test_issue_deployment_runtime_secret_accepts_wrapped_node_response PASSED [ 70%]
readiness-unit-tests	Run unit tests	2026-10-03T05:41:37.3902483Z tests/unit/test_runtime_secrets.py::test_issue_deployment_runtime_secret_rejects_mismatched_node_scope PASSED [ 70%]
readiness-unit-tests	Run unit tests	2026-10-03T05:41:37.3913059Z tests/unit/test_runtime_secrets.py::test_issue_deployment_runtime_secret_requires_service_config PASSED [ 70%]
readiness-unit-tests	Run unit tests	2026-10-03T05:41:37.3923572Z tests/unit/test_runtime_secrets.py::test_issue_deployment_runtime_secret_does_not_use_generic_deploy_api_key PASSED [ 70%]
readiness-unit-tests	Run unit tests	2026-10-03T05:41:37.3934312Z tests/unit/test_runtime_secrets.py::test_issue_deployment_runtime_secret_rejects_unsafe_service_url[http://api.dev.botspot.trade] PASSED [ 70%]
readiness-unit-tests	Run unit tests	2026-10-03T05:41:37.3944939Z tests/unit/test_runtime_secrets.py::test_issue_deployment_runtime_secret_rejects_unsafe_service_url[https://service-key@api.dev.botspot.trade] PASSED [ 70%]
readiness-unit-tests	Run unit tests	2026-10-03T05:41:37.3956014Z tests/unit/test_runtime_secrets.py::test_issue_deployment_runtime_secret_rejects_unsafe_service_url[https://api.dev.botspot.trade?next=http://attacker.test] PASSED [ 70%]
readiness-unit-tests	Run unit tests	2026-10-03T05:41:37.3966475Z tests/unit/test_runtime_secrets.py::test_issue_deployment_runtime_secret_rejects_unsafe_service_url[https://api.dev.botspot.trade/#fragment] PASSED [ 70%]
readiness-unit-tests	Run unit tests	2026-10-03T05:41:37.3976860Z tests/unit/test_runtime_secrets.py::test_issue_deployment_runtime_secret_redacts_node_errors PASSED [ 70%]
readiness-unit-tests	Run unit tests	2026-10-03T05:41:37.3988416Z tests/unit/test_runtime_secrets.py::test_issue_deployment_runtime_secret_preserves_sanitized_invalid_request_diagnostic PASSED [ 70%]
readiness-unit-tests	Run unit tests	2026-10-03T05:41:37.4000299Z tests/unit/test_runtime_secrets.py::test_issue_deployment_runtime_secret_preserves_typed_reconnect_contract PASSED [ 71%]
readiness-unit-tests	Run unit tests	2026-10-03T05:41:58.4033072Z tests/unit/test_runtime_secrets.py::test_issue_deployment_runtime_secret_preserves_typed_provider_retryability PASSED [ 71%]
readiness-unit-tests	Run unit tests	2026-10-03T05:41:58.4044877Z tests/unit/test_runtime_secrets.py::test_issue_deployment_runtime_secret_preserves_non_retryable_platform_dependency PASSED [ 71%]
readiness-unit-tests	Run unit tests	2026-10-03T05:41:58.4056923Z tests/unit/test_runtime_secrets.py::test_issue_deployment_runtime_secret_rejects_durable_vault_path PASSED [ 71%]
readiness-unit-tests	Run unit tests	2026-10-03T05:41:58.4066564Z tests/unit/test_runtime_secrets.py::test_runtime_secret_environment_rejects_durable_vault_path PASSED [ 71%]
readiness-unit-tests	Run unit tests	2026-10-03T05:41:58.4077990Z tests/unit/test_runtime_secrets.py::test_runtime_secret_key_names_reject_node_service_auth_overrides[BOT_MANAGER_NODE_API_KEY] PASSED [ 71%]
readiness-unit-tests	Run unit tests	2026-10-03T05:41:58.4088277Z tests/unit/test_runtime_secrets.py::test_runtime_secret_key_names_reject_node_service_auth_overrides[NODE_API_BASE_URL] PASSED [ 71%]
readiness-unit-tests	Run unit tests	2026-10-03T05:41:58.4097052Z tests/unit/test_runtime_secrets.py::test_validate_runtime_secret_id_accepts_deployment_runtime_arn PASSED [ 71%]
readiness-unit-tests	Run unit tests	2026-10-03T05:41:58.4105759Z tests/unit/test_runtime_secrets.py::test_runtime_secret_scope_parses_deployment_runtime_arn PASSED [ 71%]
readiness-unit-tests	Run unit tests	2026-10-03T05:41:58.4116993Z tests/unit/test_runtime_secrets.py::test_validate_runtime_secret_scope_rejects_owner_or_deployment_mismatch PASSED [ 71%]
readiness-unit-tests	Run unit tests	2026-10-03T05:41:58.4125953Z tests/unit/test_runtime_secrets.py::test_runtime_secret_environment_is_bootstrap_contract PASSED [ 71%]
readiness-unit-tests	Run unit tests	2026-10-03T05:41:58.4134942Z tests/unit/test_runtime_secrets.py::test_add_container_environment_appends_to_named_container PASSED [ 71%]
readiness-unit-tests	Run unit tests	2026-10-03T05:42:00.2099378Z tests/unit/test_runtime_secrets.py::test_runtime_secret_launch_sink_inventory_requires_explicit_review_for_every_new_path PASSED [ 71%]
readiness-unit-tests	Run unit tests	2026-10-03T05:42:00.2112502Z tests/unit/test_runtime_secrets.py::test_retryable_issue_failures_are_retried_across_a_real_outage_window PASSED [ 71%]
readiness-unit-tests	Run unit tests	2026-10-03T05:42:00.2124455Z tests/unit/test_runtime_secrets.py::test_retryable_issue_failures_stop_at_the_attempt_ceiling PASSED [ 71%]
readiness-unit-tests	Run unit tests	2026-10-03T05:42:00.2136375Z tests/unit/test_runtime_secrets.py::test_non_retryable_issue_failures_are_not_retried PASSED [ 71%]
readiness-unit-tests	Run unit tests	2026-10-03T05:42:00.2146141Z tests/unit/test_runtime_task_roles.py::test_runtime_secret_account_id_follows_the_secret_arn_during_vault_cutover PASSED [ 71%]
readiness-unit-tests	Run unit tests	2026-10-03T05:42:00.2157305Z tests/unit/test_runtime_task_roles.py::test_runtime_secret_account_id_requires_configuration_for_non_arn_ids PASSED [ 71%]
readiness-unit-tests	Run unit tests	2026-10-03T05:42:00.2177595Z tests/unit/test_runtime_task_roles.py::test_runtime_code_has_no_compiled_old_vault_account_fallback PASSED [ 72%]
readiness-unit-tests	Run unit tests	2026-10-03T05:42:00.2192848Z tests/unit/test_runtime_task_roles.py::test_real_api_lambda_environment_can_launch_persistent_oauth_renewal PASSED [ 72%]
readiness-unit-tests	Run unit tests	2026-10-03T05:42:00.2202005Z tests/unit/test_runtime_task_roles.py::test_managed_ai_eligibility_requires_the_node_capability_marker PASSED [ 72%]
readiness-unit-tests	Run unit tests	2026-10-03T05:42:00.2212486Z tests/unit/test_runtime_task_roles.py::test_listener_write_url_requires_explicit_non_production_value PASSED [ 72%]
readiness-unit-tests	Run unit tests	2026-10-03T05:42:00.2221609Z tests/unit/test_runtime_task_roles.py::test_listener_write_url_uses_production_compatibility_default PASSED [ 72%]
readiness-unit-tests	Run unit tests	2026-10-03T05:42:00.2231925Z tests/unit/test_runtime_task_roles.py::test_listener_write_url_rejects_non_https_value PASSED [ 72%]
readiness-unit-tests	Run unit tests	2026-10-03T05:42:00.2241048Z tests/unit/test_runtime_task_roles.py::test_listener_write_url_is_reserved_from_caller_payloads PASSED [ 72%]
readiness-unit-tests	Run unit tests	2026-10-03T05:42:00.2250442Z tests/unit/test_runtime_task_roles.py::test_runtime_task_roles_can_come_from_environment PASSED [ 72%]
readiness-unit-tests	Run unit tests	2026-10-03T05:42:00.2260117Z tests/unit/test_runtime_task_roles.py::test_runtime_task_role_arn_resolves_account_after_other_lazy_clients PASSED [ 72%]
readiness-unit-tests	Run unit tests	2026-10-03T05:42:00.2270712Z tests/unit/test_runtime_task_roles.py::test_runtime_task_role_arn_propagates_account_lookup_failure PASSED [ 72%]
readiness-unit-tests	Run unit tests	2026-10-03T05:42:00.2280524Z tests/unit/test_runtime_task_roles.py::test_release_runtime_env_derives_loader_s3_uris_from_compact_env PASSED [ 72%]
readiness-unit-tests	Run unit tests	2026-10-03T05:42:00.2292658Z tests/unit/test_runtime_task_roles.py::test_dependency_builder_uses_pinned_runtime_bundle_entrypoint PASSED [ 72%]
readiness-unit-tests	Run unit tests	2026-10-03T05:42:00.2302577Z tests/unit/test_runtime_task_roles.py::test_register_taskdef_uses_runtime_role_and_task_definition_secret_refs PASSED [ 72%]
readiness-unit-tests	Run unit tests	2026-10-03T05:42:00.2312373Z tests/unit/test_runtime_task_roles.py::test_run_scoped_task_definition_injects_only_named_secret_values PASSED [ 72%]
readiness-unit-tests	Run unit tests	2026-10-03T05:42:00.2322653Z tests/unit/test_runtime_task_roles.py::test_run_scoped_task_definition_rejects_unowned_family_before_describe PASSED [ 72%]
readiness-unit-tests	Run unit tests	2026-10-03T05:42:00.2333259Z tests/unit/test_runtime_task_roles.py::test_register_taskdef_adds_digest_pinned_ibkr_ibeam_sidecar PASSED [ 72%]
readiness-unit-tests	Run unit tests	2026-10-03T05:42:00.2343480Z tests/unit/test_runtime_task_roles.py::test_register_taskdef_adds_isolated_shared_gateway_relay PASSED [ 72%]
readiness-unit-tests	Run unit tests	2026-10-03T05:42:00.2354016Z tests/unit/test_runtime_task_roles.py::test_register_taskdef_allows_read_only_shared_gateway_relay_without_approval PASSED [ 72%]
readiness-unit-tests	Run unit tests	2026-10-03T05:42:00.2368231Z tests/unit/test_runtime_task_roles.py::test_ibkr_ibeam_poc_validation_fails_closed[prod-broker_config0-extra_env_vars0-arn:aws:secretsmanager:us-east-1:074259074652:secret:botspot/prod/deployment_runtime/user-1/deploy-1/run-1-AbCdEf-secret_keys0-development paper proof of concept] PASSED [ 72%]
readiness-unit-tests	Run unit tests	2026-10-03T05:42:00.2381070Z tests/unit/test_runtime_task_roles.py::test_ibkr_ibeam_poc_validation_fails_closed[test-broker_config1-extra_env_vars1-arn:aws:secretsmanager:us-east-1:074259074652:secret:botspot/test/deployment_runtime/user-1/deploy-1/run-1-AbCdEf-secret_keys1-paper mode] PASSED [ 73%]
readiness-unit-tests	Run unit tests	2026-10-03T05:42:00.2394653Z tests/unit/test_runtime_task_roles.py::test_ibkr_ibeam_poc_validation_fails_closed[test-broker_config2-extra_env_vars2-arn:aws:secretsmanager:us-east-1:074259074652:secret:botspot/test/deployment_runtime/user-1/deploy-1/run-1-AbCdEf-secret_keys2-managed deployment runtime secret] PASSED [ 73%]
readiness-unit-tests	Run unit tests	2026-10-03T05:42:00.2407008Z tests/unit/test_runtime_task_roles.py::test_ibkr_ibeam_poc_validation_fails_closed[test-broker_config3-extra_env_vars3-arn:aws:secretsmanager:us-east-1:074259074652:secret:botspot/test/deployment_runtime/user-1/deploy-1/run-1-AbCdEf-secret_keys3-managed deployment runtime secret] PASSED [ 73%]
readiness-unit-tests	Run unit tests	2026-10-03T05:42:00.2419034Z tests/unit/test_runtime_task_roles.py::test_ibkr_ibeam_poc_validation_fails_closed[test-broker_config4-extra_env_vars4--secret_keys4-managed deployment runtime secret reference] PASSED [ 73%]
readiness-unit-tests	Run unit tests	2026-10-03T05:42:00.2432507Z tests/unit/test_runtime_task_roles.py::test_ibkr_ibeam_poc_validation_fails_closed[test-broker_config5-extra_env_vars5-arn:aws:secretsmanager:us-east-1:074259074652:secret:botspot/test/deployment_runtime/user-1/deploy-1/run-1-AbCdEf-secret_keys5-IB_PASSWORD] PASSED [ 73%]
readiness-unit-tests	Run unit tests	2026-10-03T05:42:00.2445396Z tests/unit/test_runtime_task_roles.py::test_ibkr_ibeam_poc_validation_fails_closed[test-broker_config6-extra_env_vars6-arn:aws:secretsmanager:us-east-1:074259074652:secret:botspot/test/deployment_runtime/user-1/deploy-1/run-1-AbCdEf-secret_keys6-native IBeam login key names] PASSED [ 73%]
readiness-unit-tests	Run unit tests	2026-10-03T05:42:00.2458609Z tests/unit/test_runtime_task_roles.py::test_ibkr_ibeam_poc_validation_fails_closed[test-broker_config7-extra_env_vars7-arn:aws:secretsmanager:us-east-1:074259074652:secret:botspot/test/deployment_runtime/other-user/deploy-1/run-1-AbCdEf-secret_keys7-scoped to the expected environment, owner, and deployment] PASSED [ 73%]
readiness-unit-tests	Run unit tests	2026-10-03T05:42:00.2473594Z tests/unit/test_runtime_task_roles.py::test_add_task_rejects_in_task_ibkr_ibeam_even_in_development PASSED [ 73%]
readiness-unit-tests	Run unit tests	2026-10-03T05:42:00.2485129Z tests/unit/test_runtime_task_roles.py::test_add_task_routes_ibkr_through_shared_gateway_without_lumibot_changes PASSED [ 73%]
readiness-unit-tests	Run unit tests	2026-10-03T05:42:00.2495609Z tests/unit/test_runtime_task_roles.py::test_deployed_shared_gateway_profile_fits_standard_live_host PASSED [ 73%]
readiness-unit-tests	Run unit tests	2026-10-03T05:42:00.2506155Z tests/unit/test_runtime_task_roles.py::test_acquire_shared_gateway_gives_snapshot_read_only_lease_without_approval PASSED [ 73%]
readiness-unit-tests	Run unit tests	2026-10-03T05:42:00.2515601Z tests/unit/test_runtime_task_roles.py::test_shared_gateway_cleanup_deletes_capability_and_releases_lease PASSED [ 73%]
readiness-unit-tests	Run unit tests	2026-10-03T05:42:00.2525509Z tests/unit/test_runtime_task_roles.py::test_scheduled_ibkr_ibeam_poc_is_rejected PASSED [ 73%]
readiness-unit-tests	Run unit tests	2026-10-03T05:42:00.2535086Z tests/unit/test_runtime_task_roles.py::test_add_task_rejects_wrong_scope_ibkr_secret_even_with_legacy_escape_hatch PASSED [ 73%]
readiness-unit-tests	Run unit tests	2026-10-03T05:42:00.2543880Z tests/unit/test_runtime_task_roles.py::test_runtime_user_env_rejects_secret_name_control_var PASSED [ 73%]
readiness-unit-tests	Run unit tests	2026-10-03T05:42:00.2552999Z tests/unit/test_runtime_task_roles.py::test_runtime_user_env_rejects_botspot_runtime_override PASSED [ 73%]
readiness-unit-tests	Run unit tests	2026-10-03T05:42:00.2563070Z tests/unit/test_runtime_task_roles.py::test_runtime_user_env_rejects_node_service_auth_overrides[BOT_MANAGER_NODE_API_KEY] PASSED [ 73%]
readiness-unit-tests	Run unit tests	2026-10-03T05:42:00.2572755Z tests/unit/test_runtime_task_roles.py::test_runtime_user_env_rejects_node_service_auth_overrides[NODE_API_BASE_URL] PASSED [ 73%]
readiness-unit-tests	Run unit tests	2026-10-03T05:42:00.2581465Z tests/unit/test_runtime_task_roles.py::test_backtest_user_env_rejects_aws_runtime_vars PASSED [ 74%]
readiness-unit-tests	Run unit tests	2026-10-03T05:42:00.2590762Z tests/unit/test_runtime_task_roles.py::test_backtest_user_env_rejects_botspot_runtime_override PASSED [ 74%]
readiness-unit-tests	Run unit tests	2026-10-03T05:42:00.2600782Z tests/unit/test_runtime_task_roles.py::test_backtest_user_env_rejects_node_service_auth_overrides[BOT_MANAGER_NODE_API_KEY] PASSED [ 74%]
readiness-unit-tests	Run unit tests	2026-10-03T05:42:00.2610371Z tests/unit/test_runtime_task_roles.py::test_backtest_user_env_rejects_node_service_auth_overrides[NODE_API_BASE_URL] PASSED [ 74%]
readiness-unit-tests	Run unit tests	2026-10-03T05:42:00.2620261Z tests/unit/test_runtime_task_roles.py::test_backtest_user_env_rejects_manager_owned_downloader_overrides[DATADOWNLOADER_BASE_URL] PASSED [ 74%]
readiness-unit-tests	Run unit tests	2026-10-03T05:42:00.2630298Z tests/unit/test_runtime_task_roles.py::test_backtest_user_env_rejects_manager_owned_downloader_overrides[DATADOWNLOADER_API_KEY] PASSED [ 74%]
readiness-unit-tests	Run unit tests	2026-10-03T05:42:00.2640165Z tests/unit/test_runtime_task_roles.py::test_backtest_user_env_rejects_manager_owned_downloader_overrides[DATADOWNLOADER_API_KEY_HEADER] PASSED [ 74%]
readiness-unit-tests	Run unit tests	2026-10-03T05:42:00.2649891Z tests/unit/test_runtime_task_roles.py::test_backtest_user_env_rejects_manager_owned_downloader_overrides[DATADOWNLOADER_SKIP_LOCAL_START] PASSED [ 74%]
readiness-unit-tests	Run unit tests	2026-10-03T05:42:00.2659506Z tests/unit/test_runtime_task_roles.py::test_backtest_user_env_rejects_manager_owned_downloader_overrides[THETADATA_BASE_URL] PASSED [ 74%]
readiness-unit-tests	Run unit tests	2026-10-03T05:42:00.2668388Z tests/unit/test_runtime_task_roles.py::test_backtest_user_env_allows_backtest_dates_and_bot_id PASSED [ 74%]
readiness-unit-tests	Run unit tests	2026-10-03T05:42:00.2677633Z tests/unit/test_runtime_task_roles.py::test_strategy_parameter_environment_is_identical_for_backtest_and_live PASSED [ 74%]
readiness-unit-tests	Run unit tests	2026-10-03T05:42:00.2685969Z tests/unit/test_runtime_task_roles.py::test_strategy_parameter_environment_upgrades_verified_legacy_alias PASSED [ 74%]
readiness-unit-tests	Run unit tests	2026-10-03T05:42:00.2696067Z tests/unit/test_runtime_task_roles.py::test_strategy_parameter_environment_rejects_conflicting_aliases PASSED [ 74%]
readiness-unit-tests	Run unit tests	2026-10-03T05:42:00.2705036Z tests/unit/test_runtime_task_roles.py::test_botspot_managed_runtime_secret_must_be_deployment_runtime PASSED [ 74%]
readiness-unit-tests	Run unit tests	2026-10-03T05:42:00.2714947Z tests/unit/test_runtime_task_roles.py::test_add_task_rejects_existing_secret_refs_by_default PASSED [ 74%]
readiness-unit-tests	Run unit tests	2026-10-03T05:42:00.2724616Z tests/unit/test_runtime_task_roles.py::test_add_task_rejects_managed_existing_secret_refs_by_default PASSED [ 74%]
readiness-unit-tests	Run unit tests	2026-10-03T05:42:00.2734398Z tests/unit/test_runtime_task_roles.py::test_add_task_rejects_high_risk_existing_secret_refs_with_legacy_escape_hatch PASSED [ 74%]
readiness-unit-tests	Run unit tests	2026-10-03T05:42:00.2744139Z tests/unit/test_runtime_task_roles.py::test_add_task_rejects_single_trade_workloads_before_ecs_launch PASSED [ 74%]
readiness-unit-tests	Run unit tests	2026-10-03T05:42:00.2759325Z tests/unit/test_runtime_task_roles.py::test_add_task_allows_managed_existing_secret_refs_when_explicitly_trusted PASSED [ 75%]
readiness-unit-tests	Run unit tests	2026-10-03T05:42:00.2773408Z tests/unit/test_runtime_task_roles.py::test_add_task_injects_oauth_renewal_capability_through_trusted_internal_path PASSED [ 75%]
readiness-unit-tests	Run unit tests	2026-10-03T05:42:00.2784278Z tests/unit/test_runtime_task_roles.py::test_add_task_fails_before_ecs_when_required_renewal_capability_cannot_be_issued PASSED [ 75%]
readiness-unit-tests	Run unit tests	2026-10-03T05:42:00.2793746Z tests/unit/test_runtime_task_roles.py::test_live_task_placement_constraint_requires_storage_safe_generation_duplicate_regression PASSED [ 75%]
readiness-unit-tests	Run unit tests	2026-10-03T05:42:00.2809017Z tests/unit/test_runtime_task_roles.py::test_live_task_storage_constraint_failure_does_not_fallback_unconstrained_duplicate_regression PASSED [ 75%]
readiness-unit-tests	Run unit tests	2026-10-03T05:42:00.2822514Z tests/unit/test_runtime_task_roles.py::test_backtest_task_does_not_inherit_live_storage_constraint_duplicate_regression PASSED [ 75%]
readiness-unit-tests	Run unit tests	2026-10-03T05:42:00.2839723Z tests/unit/test_runtime_task_roles.py::test_backtest_task_routes_to_fargate_without_ec2_capacity_operations PASSED [ 75%]
readiness-unit-tests	Run unit tests	2026-10-03T05:42:00.2853900Z tests/unit/test_runtime_task_roles.py::test_live_custom_task_routes_to_isolated_fargate PASSED [ 75%]
readiness-unit-tests	Run unit tests	2026-10-03T05:42:00.2864166Z tests/unit/test_runtime_task_roles.py::test_explicit_public_fargate_egress_is_supported_in_production PASSED [ 75%]
readiness-unit-tests	Run unit tests	2026-10-03T05:42:00.2875460Z tests/unit/test_runtime_task_roles.py::test_invalid_fargate_public_ip_configuration_fails_closed PASSED [ 75%]
readiness-unit-tests	Run unit tests	2026-10-03T05:42:00.2885526Z tests/unit/test_runtime_task_roles.py::test_live_capacity_kick_ignores_idle_hosts_without_storage_safe_attribute PASSED [ 75%]
readiness-unit-tests	Run unit tests	2026-10-03T05:42:00.2894428Z tests/unit/test_runtime_task_roles.py::test_live_capacity_kick_accepts_idle_storage_safe_host PASSED [ 75%]
readiness-unit-tests	Run unit tests	2026-10-03T05:42:00.2911145Z tests/unit/test_runtime_task_roles.py::test_backtest_ignores_caller_downloader_env_and_uses_manager_config PASSED [ 75%]
readiness-unit-tests	Run unit tests	2026-10-03T05:42:00.2921164Z tests/unit/test_runtime_task_roles.py::test_add_task_rejects_managed_existing_secret_refs_with_wrong_owner_scope PASSED [ 75%]
readiness-unit-tests	Run unit tests	2026-10-03T05:42:00.2931011Z tests/unit/test_runtime_task_roles.py::test_add_task_rejects_managed_existing_secret_refs_with_wrong_deployment_scope PASSED [ 75%]
readiness-unit-tests	Run unit tests	2026-10-03T05:42:00.2940617Z tests/unit/test_runtime_task_roles.py::test_add_task_rejects_botspot_runtime_metadata_without_trusted_scope PASSED [ 75%]
readiness-unit-tests	Run unit tests	2026-10-03T05:42:00.2954011Z tests/unit/test_runtime_task_roles.py::test_add_task_uses_task_definition_secrets_not_runtime_secret_overrides PASSED [ 75%]
readiness-unit-tests	Run unit tests	2026-10-03T05:42:00.2963019Z tests/unit/test_runtime_task_roles.py::test_live_task_placement_constraint_requires_storage_safe_generation PASSED [ 75%]
readiness-unit-tests	Run unit tests	2026-10-03T05:42:00.2977674Z tests/unit/test_runtime_task_roles.py::test_live_task_storage_constraint_failure_does_not_fallback_unconstrained PASSED [ 76%]
readiness-unit-tests	Run unit tests	2026-10-03T05:42:00.2991986Z tests/unit/test_runtime_task_roles.py::test_backtest_task_does_not_inherit_live_storage_constraint PASSED [ 76%]
readiness-unit-tests	Run unit tests	2026-10-03T05:42:00.3002072Z tests/unit/test_s3_client_config.py::test_lazy_s3_client_uses_sigv4_presigning PASSED [ 76%]
readiness-unit-tests	Run unit tests	2026-10-03T05:42:00.3012170Z tests/unit/test_s3_client_config.py::test_dynamodb_tables_share_one_lazy_resource PASSED [ 76%]
readiness-unit-tests	Run unit tests	2026-10-03T05:42:00.3155578Z tests/unit/test_scheduled_custom_launcher.py::test_runtime_secret_purpose_preserves_event_level_portfolio_snapshot_classification PASSED [ 76%]
readiness-unit-tests	Run unit tests	2026-10-03T05:42:00.3200958Z tests/unit/test_scheduled_custom_launcher.py::test_scheduled_launcher_issues_runtime_secret_before_run_task PASSED [ 76%]
readiness-unit-tests	Run unit tests	2026-10-03T05:42:00.3222212Z tests/unit/test_scheduled_custom_launcher.py::test_scheduled_launcher_rejects_oauth_runtime_without_renewal_binding PASSED [ 76%]
readiness-unit-tests	Run unit tests	2026-10-03T05:42:00.3246447Z tests/unit/test_scheduled_custom_launcher.py::test_scheduled_launcher_issues_renewal_capability_for_scheduled_oauth PASSED [ 76%]
readiness-unit-tests	Run unit tests	2026-10-03T05:42:00.3268201Z tests/unit/test_scheduled_custom_launcher.py::test_scheduled_launcher_without_capability_marker_does_not_mint_managed_ai PASSED [ 76%]
readiness-unit-tests	Run unit tests	2026-10-03T05:42:00.3290217Z tests/unit/test_scheduled_custom_launcher.py::test_scheduled_launcher_parks_reconnect_required_without_calling_ecs PASSED [ 76%]
readiness-unit-tests	Run unit tests	2026-10-03T05:42:00.3311661Z tests/unit/test_scheduled_custom_launcher.py::test_scheduled_launcher_handles_non_retryable_platform_configuration_without_calling_ecs PASSED [ 76%]
readiness-unit-tests	Run unit tests	2026-10-03T05:42:00.3334715Z tests/unit/test_scheduled_custom_launcher.py::test_scheduled_launcher_resumes_on_next_tick_after_reconnect PASSED [ 76%]
readiness-unit-tests	Run unit tests	2026-10-03T05:42:00.3357640Z tests/unit/test_scheduled_custom_launcher.py::test_scheduled_launcher_forwards_scheduled_bot_server_runtime_mode PASSED [ 76%]
readiness-unit-tests	Run unit tests	2026-10-03T05:42:00.3379489Z tests/unit/test_scheduled_custom_launcher.py::test_scheduled_launcher_forwards_portfolio_snapshot_server_runtime_mode PASSED [ 76%]
readiness-unit-tests	Run unit tests	2026-10-03T05:42:00.3399682Z tests/unit/test_scheduled_custom_launcher.py::test_snapshot_authorization_failure_prevents_launch_instead_of_using_shared_key PASSED [ 76%]
readiness-unit-tests	Run unit tests	2026-10-03T05:42:00.3422151Z tests/unit/test_scheduled_custom_launcher.py::test_portfolio_snapshot_oauth_uses_scoped_secret_without_renewal_capability[SCHWAB_TOKEN] PASSED [ 76%]
readiness-unit-tests	Run unit tests	2026-10-03T05:42:00.3444946Z tests/unit/test_scheduled_custom_launcher.py::test_portfolio_snapshot_oauth_uses_scoped_secret_without_renewal_capability[TRADIER_TOKEN] PASSED [ 76%]
readiness-unit-tests	Run unit tests	2026-10-03T05:42:00.3467862Z tests/unit/test_scheduled_custom_launcher.py::test_portfolio_snapshot_oauth_uses_scoped_secret_without_renewal_capability[TRADIER_ACCESS_TOKEN] PASSED [ 76%]
readiness-unit-tests	Run unit tests	2026-10-03T05:42:00.3490661Z tests/unit/test_scheduled_custom_launcher.py::test_portfolio_snapshot_oauth_uses_scoped_secret_without_renewal_capability[TRADIER_REFRESH_TOKEN] PASSED [ 77%]
readiness-unit-tests	Run unit tests	2026-10-03T05:42:00.3510543Z tests/unit/test_scheduled_custom_launcher.py::test_scheduled_launcher_rejects_unknown_runtime_secret_purpose_before_secret_issue PASSED [ 77%]
readiness-unit-tests	Run unit tests	2026-10-03T05:42:00.3530861Z tests/unit/test_scheduled_custom_launcher.py::test_scheduled_launcher_rejects_missing_artifact_env_before_secret_and_ecs PASSED [ 77%]
readiness-unit-tests	Run unit tests	2026-10-03T05:42:00.3551813Z tests/unit/test_scheduled_custom_launcher.py::test_scheduled_launcher_launches_without_policy_gate PASSED [ 77%]
readiness-unit-tests	Run unit tests	2026-10-03T05:42:00.3572802Z tests/unit/test_scheduled_custom_launcher.py::test_scheduled_launcher_injects_entry_specific_target_event PASSED [ 77%]
readiness-unit-tests	Run unit tests	2026-10-03T05:42:00.3594777Z tests/unit/test_scheduled_custom_launcher.py::test_scheduled_launcher_uses_latest_active_task_definition_revision PASSED [ 77%]
readiness-unit-tests	Run unit tests	2026-10-03T05:42:00.3615763Z tests/unit/test_scheduled_custom_launcher.py::test_scheduled_launcher_marks_bot_failed_when_run_task_raises PASSED [ 77%]
readiness-unit-tests	Run unit tests	2026-10-03T05:42:00.3636273Z tests/unit/test_scheduled_custom_launcher.py::test_scheduled_launcher_skips_inactive_bot_before_run_task PASSED [ 77%]
readiness-unit-tests	Run unit tests	2026-10-03T05:42:00.3661571Z tests/unit/test_scheduled_custom_launcher.py::test_scheduled_launcher_skips_active_bot_before_secret_and_run_task PASSED [ 77%]
readiness-unit-tests	Run unit tests	2026-10-03T05:42:00.3677447Z tests/unit/test_scheduled_custom_launcher.py::test_scheduled_launcher_skips_in_progress_last_run_before_secret_and_run_task PASSED [ 77%]
readiness-unit-tests	Run unit tests	2026-10-03T05:42:00.3697583Z tests/unit/test_scheduled_custom_launcher.py::test_scheduled_launcher_rejects_untrusted_run_task_kwargs[run_task_kwargs0-cluster does not match] PASSED [ 77%]
readiness-unit-tests	Run unit tests	2026-10-03T05:42:00.3718030Z tests/unit/test_scheduled_custom_launcher.py::test_scheduled_launcher_rejects_untrusted_run_task_kwargs[run_task_kwargs1-taskDefinition does not match] PASSED [ 77%]
readiness-unit-tests	Run unit tests	2026-10-03T05:42:00.3737894Z tests/unit/test_scheduled_custom_launcher.py::test_scheduled_launcher_rejects_untrusted_run_task_kwargs[run_task_kwargs2-unsupported keys: overrides] PASSED [ 77%]
readiness-unit-tests	Run unit tests	2026-10-03T05:42:00.3758463Z tests/unit/test_scheduled_custom_launcher.py::test_scheduled_launcher_rejects_untrusted_run_task_kwargs[run_task_kwargs3-unexpected public IP assignment] PASSED [ 77%]
readiness-unit-tests	Run unit tests	2026-10-03T05:42:00.3780739Z tests/unit/test_scheduled_custom_launcher.py::test_scheduled_launcher_rejects_untrusted_run_task_kwargs[run_task_kwargs4-count must be 1] PASSED [ 77%]
readiness-unit-tests	Run unit tests	2026-10-03T05:42:00.3797837Z tests/unit/test_scheduled_custom_launcher.py::test_scheduled_launcher_rejects_untrusted_fargate_network PASSED [ 77%]
readiness-unit-tests	Run unit tests	2026-10-03T05:42:00.3816318Z tests/unit/test_scheduled_custom_launcher.py::test_scheduled_launcher_accepts_expected_dev_public_network PASSED [ 77%]
readiness-unit-tests	Run unit tests	2026-10-03T05:42:00.3837140Z tests/unit/test_scheduled_custom_launcher.py::test_existing_schedule_with_pre_nat_removal_network_still_launches PASSED [ 77%]
readiness-unit-tests	Run unit tests	2026-10-03T05:42:00.3856127Z tests/unit/test_scheduled_custom_launcher.py::test_current_network_schedule_is_passed_through_unchanged PASSED [ 77%]
readiness-unit-tests	Run unit tests	2026-10-03T05:42:00.3877419Z tests/unit/test_scheduled_custom_launcher.py::test_legacy_network_migration_does_not_widen_what_is_trusted[awsvpc0-unexpected public IP assignment] PASSED [ 78%]
readiness-unit-tests	Run unit tests	2026-10-03T05:42:00.3898718Z tests/unit/test_scheduled_custom_launcher.py::test_legacy_network_migration_does_not_widen_what_is_trusted[awsvpc1-unexpected public IP assignment] PASSED [ 78%]
readiness-unit-tests	Run unit tests	2026-10-03T05:42:00.3918629Z tests/unit/test_scheduled_custom_launcher.py::test_legacy_network_migration_does_not_widen_what_is_trusted[awsvpc2-untrusted subnets] PASSED [ 78%]
readiness-unit-tests	Run unit tests	2026-10-03T05:42:00.3930528Z tests/unit/test_scheduled_custom_launcher.py::test_terraform_keeps_legacy_scheduled_network_recognized_for_the_launcher PASSED [ 78%]
readiness-unit-tests	Run unit tests	2026-10-03T05:42:00.3951679Z tests/unit/test_scheduled_custom_launcher.py::test_scheduled_launcher_injects_exact_timing_env_and_tags PASSED [ 78%]
readiness-unit-tests	Run unit tests	2026-10-03T05:42:00.3972768Z tests/unit/test_scheduled_custom_launcher.py::test_scheduled_launcher_builds_artifact_prefix_from_metadata PASSED [ 78%]
readiness-unit-tests	Run unit tests	2026-10-03T05:42:00.3992197Z tests/unit/test_scheduled_custom_launcher.py::test_scheduled_launcher_rejects_unsafe_artifact_prefix PASSED [ 78%]
readiness-unit-tests	Run unit tests	2026-10-03T05:42:00.4018515Z tests/unit/test_scheduled_custom_launcher.py::test_scheduled_launcher_assumes_scoped_wheelhouse_reader PASSED [ 78%]
readiness-unit-tests	Run unit tests	2026-10-03T05:42:00.4038952Z tests/unit/test_scheduled_custom_launcher.py::test_scheduled_launcher_starts_no_prerequisite_when_runtime_secret_fails PASSED [ 78%]
readiness-unit-tests	Run unit tests	2026-10-03T05:42:00.4069475Z tests/unit/test_scheduled_custom_launcher.py::test_scheduled_launcher_overlaps_post_secret_ephemeral_prerequisites PASSED [ 78%]
readiness-unit-tests	Run unit tests	2026-10-03T05:42:00.4604286Z tests/unit/test_scheduled_custom_launcher.py::test_scheduled_launcher_joins_readonly_prerequisite_when_wheelhouse_fails PASSED [ 78%]
readiness-unit-tests	Run unit tests	2026-10-03T05:42:00.4614775Z tests/unit/test_scheduled_custom_lifecycle.py::test_get_live_artifacts_lists_and_fetches_scheduled_run_artifacts PASSED [ 78%]
readiness-unit-tests	Run unit tests	2026-10-03T05:42:00.4627426Z tests/unit/test_scheduled_custom_lifecycle.py::test_get_live_artifacts_rejects_unsafe_bot_id PASSED [ 78%]
readiness-unit-tests	Run unit tests	2026-10-03T05:42:00.4639728Z tests/unit/test_scheduled_custom_lifecycle.py::test_resolve_structured_hourly_schedule PASSED [ 78%]
readiness-unit-tests	Run unit tests	2026-10-03T05:42:00.4652027Z tests/unit/test_scheduled_custom_lifecycle.py::test_resolve_schedule_rejects_execution_class[executionClass] PASSED [ 78%]
readiness-unit-tests	Run unit tests	2026-10-03T05:42:00.4664435Z tests/unit/test_scheduled_custom_lifecycle.py::test_resolve_schedule_rejects_execution_class[execution_class] PASSED [ 78%]
readiness-unit-tests	Run unit tests	2026-10-03T05:42:00.4675999Z tests/unit/test_scheduled_custom_lifecycle.py::test_resolve_always_on_schedule_routes_to_live_custom PASSED [ 78%]
readiness-unit-tests	Run unit tests	2026-10-03T05:42:00.4686045Z tests/unit/test_scheduled_custom_lifecycle.py::test_resolve_market_hours_interval_schedule_rejected PASSED [ 78%]
readiness-unit-tests	Run unit tests	2026-10-03T05:42:00.4698851Z tests/unit/test_scheduled_custom_lifecycle.py::test_resolve_scheduled_custom_schedule_preserves_cadence_metadata PASSED [ 79%]
readiness-unit-tests	Run unit tests	2026-10-03T05:42:00.4711213Z tests/unit/test_scheduled_custom_lifecycle.py::test_resolve_continuous_window_preserves_generalized_runtime_bounds PASSED [ 79%]
readiness-unit-tests	Run unit tests	2026-10-03T05:42:00.4726329Z tests/unit/test_scheduled_custom_lifecycle.py::test_resolve_continuous_window_rejects_unknown_timezone PASSED [ 79%]
readiness-unit-tests	Run unit tests	2026-10-03T05:42:00.4736688Z tests/unit/test_scheduled_custom_lifecycle.py::test_resolve_legacy_market_hours_rejected_before_market_validation PASSED [ 79%]
readiness-unit-tests	Run unit tests	2026-10-03T05:42:00.4746547Z tests/unit/test_scheduled_custom_lifecycle.py::test_resolve_market_hours_mode_rejected PASSED [ 79%]
readiness-unit-tests	Run unit tests	2026-10-03T05:42:00.4757734Z tests/unit/test_scheduled_custom_lifecycle.py::test_resolve_one_minute_interval_stays_scheduled PASSED [ 79%]
readiness-unit-tests	Run unit tests	2026-10-03T05:42:00.4767930Z tests/unit/test_scheduled_custom_lifecycle.py::test_resolve_interval_above_always_on_threshold_stays_scheduled PASSED [ 79%]
readiness-unit-tests	Run unit tests	2026-10-03T05:42:00.4777717Z tests/unit/test_scheduled_custom_lifecycle.py::test_resolve_windowed_interval_rejected PASSED [ 79%]
readiness-unit-tests	Run unit tests	2026-10-03T05:42:00.4787761Z tests/unit/test_scheduled_custom_lifecycle.py::test_resolve_windowed_interval_rejected_without_gate PASSED [ 79%]
readiness-unit-tests	Run unit tests	2026-10-03T05:42:00.4799330Z tests/unit/test_scheduled_custom_lifecycle.py::test_resolve_exact_once_schedule_computes_pre_start_and_scheduler_expression PASSED [ 79%]
readiness-unit-tests	Run unit tests	2026-10-03T05:42:00.4818195Z tests/unit/test_scheduled_custom_lifecycle.py::test_resolve_exact_once_schedule_rejects_too_close_target PASSED [ 79%]
readiness-unit-tests	Run unit tests	2026-10-03T05:42:00.7095882Z tests/unit/test_scheduled_custom_lifecycle.py::test_stop_bot_retains_scheduled_secret_when_rule_delete_fails PASSED [ 79%]
readiness-unit-tests	Run unit tests	2026-10-03T05:42:00.9228331Z tests/unit/test_scheduled_custom_lifecycle.py::test_stop_bot_defers_scheduled_secret_cleanup_after_successful_stop PASSED [ 79%]
readiness-unit-tests	Run unit tests	2026-10-03T05:42:01.1308399Z tests/unit/test_scheduled_custom_lifecycle.py::test_stop_bot_deletes_legacy_scheduled_rule_when_deployment_mode_missing PASSED [ 79%]
readiness-unit-tests	Run unit tests	2026-10-03T05:42:01.3387493Z tests/unit/test_scheduled_custom_lifecycle.py::test_stop_bot_clears_exact_scheduler_name_after_successful_stop PASSED [ 79%]
readiness-unit-tests	Run unit tests	2026-10-03T05:42:01.3401807Z tests/unit/test_scheduled_custom_lifecycle.py::test_stop_bot_keeps_explicit_live_records_on_always_on_lifecycle PASSED [ 79%]
readiness-unit-tests	Run unit tests	2026-10-03T05:42:01.3421297Z tests/unit/test_scheduled_custom_lifecycle.py::test_delete_scheduled_custom_rule_uses_stored_rule_and_target_names PASSED [ 79%]
readiness-unit-tests	Run unit tests	2026-10-03T05:42:01.3428119Z tests/unit/test_scheduled_custom_lifecycle.py::test_stop_bot_surfaces_runtime_secret_cleanup_failure PASSED [ 79%]
readiness-unit-tests	Run unit tests	2026-10-03T05:42:01.3441526Z tests/unit/test_scheduled_custom_lifecycle.py::test_stop_bot_surfaces_legacy_secret_cleanup_failure PASSED [ 80%]
readiness-unit-tests	Run unit tests	2026-10-03T05:42:01.3454895Z tests/unit/test_scheduled_custom_lifecycle.py::test_stop_bot_updates_record_table_found_by_fallback PASSED [ 80%]
readiness-unit-tests	Run unit tests	2026-10-03T05:42:01.3468978Z tests/unit/test_scheduled_custom_lifecycle.py::test_get_status_deletes_due_deferred_scheduled_secret PASSED [ 80%]
readiness-unit-tests	Run unit tests	2026-10-03T05:42:01.3482177Z tests/unit/test_scheduled_custom_lifecycle.py::test_get_status_releases_terminal_ibkr_snapshot_gateway_lease PASSED [ 80%]
readiness-unit-tests	Run unit tests	2026-10-03T05:42:01.3499826Z tests/unit/test_scheduled_custom_lifecycle.py::test_get_status_preserves_successful_snapshot_with_stopped_relay_and_releases_lease[succeeded-False] PASSED [ 80%]
readiness-unit-tests	Run unit tests	2026-10-03T05:42:01.3516682Z tests/unit/test_scheduled_custom_lifecycle.py::test_get_status_preserves_successful_snapshot_with_stopped_relay_and_releases_lease[succeeded-True] PASSED [ 80%]
readiness-unit-tests	Run unit tests	2026-10-03T05:42:01.3533921Z tests/unit/test_scheduled_custom_lifecycle.py::test_get_status_preserves_successful_snapshot_with_stopped_relay_and_releases_lease[succeeded_with_artifact_errors-False] PASSED [ 80%]
readiness-unit-tests	Run unit tests	2026-10-03T05:42:01.3550747Z tests/unit/test_scheduled_custom_lifecycle.py::test_get_status_preserves_successful_snapshot_with_stopped_relay_and_releases_lease[succeeded_with_artifact_errors-True] PASSED [ 80%]
readiness-unit-tests	Run unit tests	2026-10-03T05:42:01.3563724Z tests/unit/test_scheduled_custom_lifecycle.py::test_get_status_defers_scheduled_secret_cleanup_while_tasks_active PASSED [ 80%]
readiness-unit-tests	Run unit tests	2026-10-03T05:42:01.3577627Z tests/unit/test_scheduled_custom_lifecycle.py::test_get_status_does_not_delete_active_scheduled_secret_with_stale_cleanup_marker PASSED [ 80%]
readiness-unit-tests	Run unit tests	2026-10-03T05:42:01.3591687Z tests/unit/test_scheduled_custom_lifecycle.py::test_get_status_keeps_live_custom_clean_stop_as_failed PASSED [ 80%]
readiness-unit-tests	Run unit tests	2026-10-03T05:42:01.3606186Z tests/unit/test_scheduled_custom_lifecycle.py::test_get_status_keeps_scheduled_custom_failed_run_active[False] PASSED [ 80%]
readiness-unit-tests	Run unit tests	2026-10-03T05:42:01.3620604Z tests/unit/test_scheduled_custom_lifecycle.py::test_get_status_keeps_scheduled_custom_failed_run_active[True] PASSED [ 80%]
readiness-unit-tests	Run unit tests	2026-10-03T05:42:01.3634353Z tests/unit/test_scheduled_custom_lifecycle.py::test_get_status_preserves_lock_skip_after_completed_task_disappears PASSED [ 80%]
readiness-unit-tests	Run unit tests	2026-10-03T05:42:01.3648790Z tests/unit/test_scheduled_custom_lifecycle.py::test_stop_bot_retains_secret_when_ecs_stop_does_not_complete PASSED [ 80%]
readiness-unit-tests	Run unit tests	2026-10-03T05:42:01.3658969Z tests/unit/test_scheduled_custom_lifecycle.py::test_stop_task_stops_pending_and_running_tasks PASSED [ 80%]
readiness-unit-tests	Run unit tests	2026-10-03T05:42:01.3669270Z tests/unit/test_scheduled_custom_lifecycle.py::test_stop_task_stops_known_task_arn_even_when_list_tasks_lags PASSED [ 80%]
readiness-unit-tests	Run unit tests	2026-10-03T05:42:01.3680679Z tests/unit/test_scheduled_custom_lifecycle.py::test_stop_task_timeout_retains_secrets PASSED [ 80%]
readiness-unit-tests	Run unit tests	2026-10-03T05:42:01.3691412Z tests/unit/test_scheduled_custom_lifecycle.py::test_create_or_update_persistent_secret_tags_scheduled_secret PASSED [ 81%]
readiness-unit-tests	Run unit tests	2026-10-03T05:42:01.3702160Z tests/unit/test_scheduled_custom_lifecycle.py::test_create_or_update_persistent_secret_restores_pending_deletion PASSED [ 81%]
readiness-unit-tests	Run unit tests	2026-10-03T05:42:01.3718822Z tests/unit/test_scheduled_custom_lifecycle.py::test_create_or_update_persistent_secret_restores_when_create_reports_pending_deletion PASSED [ 81%]
readiness-unit-tests	Run unit tests	2026-10-03T05:42:01.3723881Z tests/unit/test_scheduled_custom_lifecycle.py::test_cleanup_bot_secret_treats_marked_for_deletion_as_deleted PASSED [ 81%]
readiness-unit-tests	Run unit tests	2026-10-03T05:42:01.3736844Z tests/unit/test_scheduled_custom_lifecycle.py::test_stale_failed_cleanup_stops_when_old_schedule_cannot_be_removed PASSED [ 81%]
readiness-unit-tests	Run unit tests	2026-10-03T05:42:01.3764588Z tests/unit/test_scheduled_custom_lifecycle.py::test_add_scheduled_custom_task_reclaims_failed_scheduled_record PASSED [ 81%]
readiness-unit-tests	Run unit tests	2026-10-03T05:42:01.3775911Z tests/unit/test_scheduled_custom_lifecycle.py::test_get_status_reports_enabled_eventbridge_schedule_backend PASSED [ 81%]
readiness-unit-tests	Run unit tests	2026-10-03T05:42:01.3787188Z tests/unit/test_scheduled_custom_lifecycle.py::test_get_status_reports_missing_eventbridge_schedule_backend PASSED [ 81%]
readiness-unit-tests	Run unit tests	2026-10-03T05:42:01.5908113Z tests/unit/test_scheduled_custom_lifecycle.py::test_get_status_reports_enabled_scheduler_schedule_backend PASSED [ 81%]
readiness-unit-tests	Run unit tests	2026-10-03T05:42:01.5910744Z tests/unit/test_scheduled_custom_lifecycle.py::test_get_status_reports_scheduled_stop_reconciliation_when_schedule_deleted PASSED [ 81%]
readiness-unit-tests	Run unit tests	2026-10-03T05:42:01.5922341Z tests/unit/test_scheduled_custom_lifecycle.py::test_stale_schedule_deletion_markers_do_not_prove_backend_absence[enabled] PASSED [ 81%]
readiness-unit-tests	Run unit tests	2026-10-03T05:42:01.5935379Z tests/unit/test_scheduled_custom_lifecycle.py::test_stale_schedule_deletion_markers_do_not_prove_backend_absence[error] PASSED [ 81%]
readiness-unit-tests	Run unit tests	2026-10-03T05:42:01.5947956Z tests/unit/test_scheduled_custom_lifecycle.py::test_stale_schedule_deletion_markers_do_not_prove_backend_absence[drift] PASSED [ 81%]
readiness-unit-tests	Run unit tests	2026-10-03T05:42:01.5961967Z tests/unit/test_scheduled_custom_lifecycle.py::test_get_status_does_not_reconcile_scheduled_stop_while_ecs_task_is_active PASSED [ 81%]
readiness-unit-tests	Run unit tests	2026-10-03T05:42:01.5976931Z tests/unit/test_scheduled_custom_lifecycle.py::test_get_status_reports_latest_scheduled_launcher_telemetry PASSED [ 81%]
readiness-unit-tests	Run unit tests	2026-10-03T05:42:01.5989556Z tests/unit/test_scheduled_custom_lifecycle.py::test_get_status_reports_unobserved_scheduled_launcher_telemetry PASSED [ 81%]
readiness-unit-tests	Run unit tests	2026-10-03T05:42:01.6001752Z tests/unit/test_scheduled_custom_lifecycle.py::test_add_scheduled_custom_task_blocks_redeploy_when_old_schedule_remains PASSED [ 81%]
readiness-unit-tests	Run unit tests	2026-10-03T05:42:01.6022502Z tests/unit/test_scheduled_custom_lifecycle.py::test_add_scheduled_custom_task_records_structured_schedule_and_secret_refs PASSED [ 81%]
readiness-unit-tests	Run unit tests	2026-10-03T05:42:01.6034826Z tests/unit/test_scheduled_custom_lifecycle.py::test_add_scheduled_custom_task_rejects_artifact_metadata_without_trusted_scope PASSED [ 81%]
readiness-unit-tests	Run unit tests	2026-10-03T05:42:01.6048362Z tests/unit/test_scheduled_custom_lifecycle.py::test_add_scheduled_custom_task_rejects_missing_artifact_contract_metadata PASSED [ 82%]
readiness-unit-tests	Run unit tests	2026-10-03T05:42:01.6059752Z tests/unit/test_scheduled_custom_lifecycle.py::test_scheduled_artifact_runtime_env_rejects_unsafe_prefix_segments PASSED [ 82%]
readiness-unit-tests	Run unit tests	2026-10-03T05:42:01.6078516Z tests/unit/test_scheduled_custom_lifecycle.py::test_add_scheduled_custom_task_builds_artifact_context_without_caller_prefix PASSED [ 82%]
readiness-unit-tests	Run unit tests	2026-10-03T05:42:01.6089298Z tests/unit/test_scheduled_custom_lifecycle.py::test_scheduled_artifact_runtime_env_canonicalizes_prefix_from_metadata PASSED [ 82%]
readiness-unit-tests	Run unit tests	2026-10-03T05:42:01.6102965Z tests/unit/test_scheduled_custom_lifecycle.py::test_add_scheduled_custom_task_routes_always_on_schedule PASSED [ 82%]
readiness-unit-tests	Run unit tests	2026-10-03T05:42:01.6121938Z tests/unit/test_scheduled_custom_lifecycle.py::test_add_scheduled_custom_task_keeps_vault_interval_scheduled PASSED [ 82%]
readiness-unit-tests	Run unit tests	2026-10-03T05:42:01.6135975Z tests/unit/test_scheduled_custom_lifecycle.py::test_add_scheduled_custom_task_live_custom_keeps_scheduled_bot_rotation_mode PASSED [ 82%]
readiness-unit-tests	Run unit tests	2026-10-03T05:42:01.6149972Z tests/unit/test_scheduled_custom_lifecycle.py::test_live_schwab_task_receives_narrow_renewal_capability_without_node_service_auth PASSED [ 82%]
readiness-unit-tests	Run unit tests	2026-10-03T05:42:01.6172988Z tests/unit/test_scheduled_custom_lifecycle.py::test_add_scheduled_custom_task_wires_ready_wheelhouse_for_requirements_zip PASSED [ 82%]
readiness-unit-tests	Run unit tests	2026-10-03T05:42:01.6198132Z tests/unit/test_scheduled_custom_lifecycle.py::test_add_scheduled_custom_task_with_requirements_returns_dependency_building PASSED [ 82%]
readiness-unit-tests	Run unit tests	2026-10-03T05:42:01.6222348Z tests/unit/test_scheduled_custom_lifecycle.py::test_requirements_zip_short_interval_stays_scheduled_dependency_path PASSED [ 82%]
readiness-unit-tests	Run unit tests	2026-10-03T05:42:01.6239036Z tests/unit/test_scheduled_custom_lifecycle.py::test_requirements_zip_rejects_raw_sensitive_values_before_async_build PASSED [ 82%]
readiness-unit-tests	Run unit tests	2026-10-03T05:42:01.6259949Z tests/unit/test_scheduled_custom_lifecycle.py::test_finalize_scheduled_dependency_build_verifies_manifest_and_registers_schedule[False] PASSED [ 82%]
readiness-unit-tests	Run unit tests	2026-10-03T05:42:01.6281439Z tests/unit/test_scheduled_custom_lifecycle.py::test_finalize_scheduled_dependency_build_verifies_manifest_and_registers_schedule[True] PASSED [ 82%]
readiness-unit-tests	Run unit tests	2026-10-03T05:42:01.6295337Z tests/unit/test_scheduled_custom_lifecycle.py::test_finalize_scheduled_dependency_build_fails_stopped_builder_without_result PASSED [ 82%]
readiness-unit-tests	Run unit tests	2026-10-03T05:42:01.6319276Z tests/unit/test_scheduled_custom_lifecycle.py::test_portfolio_snapshot_schedule_does_not_enable_requirements_cache PASSED [ 82%]
readiness-unit-tests	Run unit tests	2026-10-03T05:42:01.6332496Z tests/unit/test_scheduled_custom_lifecycle.py::test_portfolio_snapshot_schedule_allows_managed_snapshot_marker PASSED [ 82%]
readiness-unit-tests	Run unit tests	2026-10-03T05:42:01.6353303Z tests/unit/test_scheduled_custom_lifecycle.py::test_ibkr_snapshot_uses_node_reconciler_and_fresh_read_only_gateway_lease PASSED [ 82%]
readiness-unit-tests	Run unit tests	2026-10-03T05:42:01.6367506Z tests/unit/test_scheduled_custom_lifecycle.py::test_existing_ibkr_snapshot_migrates_legacy_task_resources PASSED [ 83%]
readiness-unit-tests	Run unit tests	2026-10-03T05:42:01.6380999Z tests/unit/test_scheduled_custom_lifecycle.py::test_existing_portfolio_snapshot_reactivation_clears_stale_stop_markers PASSED [ 83%]
readiness-unit-tests	Run unit tests	2026-10-03T05:42:01.6426246Z tests/unit/test_scheduled_custom_lifecycle.py::test_ibkr_snapshot_launch_failure_releases_gateway_and_deregisters_task_definition PASSED [ 83%]
readiness-unit-tests	Run unit tests	2026-10-03T05:42:01.6446099Z tests/unit/test_scheduled_custom_lifecycle.py::test_existing_portfolio_snapshot_refreshes_task_definition_and_runs_immediately PASSED [ 83%]
readiness-unit-tests	Run unit tests	2026-10-03T05:42:01.6465389Z tests/unit/test_scheduled_custom_lifecycle.py::test_existing_legacy_portfolio_snapshot_record_refreshes_when_identity_matches PASSED [ 83%]
readiness-unit-tests	Run unit tests	2026-10-03T05:42:01.6484521Z tests/unit/test_scheduled_custom_lifecycle.py::test_portfolio_snapshot_never_propagates_direct_node_service_key PASSED [ 83%]
readiness-unit-tests	Run unit tests	2026-10-03T05:42:01.6496413Z tests/unit/test_scheduled_custom_lifecycle.py::test_scheduled_custom_task_rejects_untrusted_snapshot_marker PASSED [ 83%]
readiness-unit-tests	Run unit tests	2026-10-03T05:42:01.6508117Z tests/unit/test_scheduled_custom_lifecycle.py::test_requirements_cache_prefix_is_bounded_to_cache_namespace[scheduled-requirements-cache/cache-token-True] PASSED [ 83%]
readiness-unit-tests	Run unit tests	2026-10-03T05:42:01.6520662Z tests/unit/test_scheduled_custom_lifecycle.py::test_requirements_cache_prefix_is_bounded_to_cache_namespace[scheduled-requirements-cache-False] PASSED [ 83%]
readiness-unit-tests	Run unit tests	2026-10-03T05:42:01.6532461Z tests/unit/test_scheduled_custom_lifecycle.py::test_requirements_cache_prefix_is_bounded_to_cache_namespace[scheduled-memory/bot-1-False] PASSED [ 83%]
readiness-unit-tests	Run unit tests	2026-10-03T05:42:01.6544403Z tests/unit/test_scheduled_custom_lifecycle.py::test_requirements_cache_prefix_is_bounded_to_cache_namespace[../scheduled-requirements-cache/cache-token-False] PASSED [ 83%]
readiness-unit-tests	Run unit tests	2026-10-03T05:42:01.6563060Z tests/unit/test_scheduled_custom_lifecycle.py::test_add_scheduled_custom_task_records_timezone_schedule_env_and_metadata PASSED [ 83%]
readiness-unit-tests	Run unit tests	2026-10-03T05:42:01.6581788Z tests/unit/test_scheduled_custom_lifecycle.py::test_add_scheduled_custom_task_records_continuous_window_runtime_env PASSED [ 83%]
readiness-unit-tests	Run unit tests	2026-10-03T05:42:01.6594374Z tests/unit/test_scheduled_custom_lifecycle.py::test_register_scheduled_custom_rule_uses_scheduler_for_rate_expressions PASSED [ 83%]
readiness-unit-tests	Run unit tests	2026-10-03T05:42:01.6606357Z tests/unit/test_scheduled_custom_lifecycle.py::test_register_scheduled_custom_rule_persists_current_public_fargate_network PASSED [ 83%]
readiness-unit-tests	Run unit tests	2026-10-03T05:42:01.6618372Z tests/unit/test_scheduled_custom_lifecycle.py::test_register_scheduled_custom_rule_updates_existing_scheduler_schedule PASSED [ 83%]
readiness-unit-tests	Run unit tests	2026-10-03T05:42:01.6630445Z tests/unit/test_scheduled_custom_lifecycle.py::test_register_exact_once_schedule_uses_eventbridge_scheduler PASSED [ 83%]
readiness-unit-tests	Run unit tests	2026-10-03T05:42:01.6643339Z tests/unit/test_scheduled_custom_lifecycle.py::test_register_multi_one_shot_schedules_preserves_entry_target_events PASSED [ 83%]
readiness-unit-tests	Run unit tests	2026-10-03T05:42:01.6658785Z tests/unit/test_scheduled_custom_lifecycle.py::test_register_multi_schedule_rolls_back_first_create_when_second_create_fails PASSED [ 84%]
readiness-unit-tests	Run unit tests	2026-10-03T05:42:01.6671165Z tests/unit/test_scheduled_custom_lifecycle.py::test_delete_scheduled_custom_backend_deletes_scheduler_schedule PASSED [ 84%]
readiness-unit-tests	Run unit tests	2026-10-03T05:42:01.6682476Z tests/unit/test_scheduled_custom_lifecycle.py::test_register_scheduled_custom_rule_requires_eventbridge_scheduler_enabled PASSED [ 84%]
readiness-unit-tests	Run unit tests	2026-10-03T05:42:01.6713108Z tests/unit/test_scheduled_custom_lifecycle.py::test_run_immediately_issues_runtime_secret_for_vault_refs PASSED [ 84%]
readiness-unit-tests	Run unit tests	2026-10-03T05:42:01.6733199Z tests/unit/test_scheduled_custom_lifecycle.py::test_run_immediately_can_omit_server_runtime_secret_mode_for_broker_only_smoke PASSED [ 84%]
readiness-unit-tests	Run unit tests	2026-10-03T05:42:01.6745045Z tests/unit/test_scheduled_custom_lifecycle.py::test_add_scheduled_custom_task_can_require_vault_refs PASSED [ 84%]
readiness-unit-tests	Run unit tests	2026-10-03T05:42:01.6757629Z tests/unit/test_scheduled_custom_lifecycle.py::test_vault_refs_required_rejects_portfolio_snapshot_oauth_app_config PASSED [ 84%]
readiness-unit-tests	Run unit tests	2026-10-03T05:42:01.6776918Z tests/unit/test_scheduled_custom_lifecycle.py::test_vault_refs_required_allows_portfolio_snapshot_mode_flags PASSED [ 84%]
readiness-unit-tests	Run unit tests	2026-10-03T05:42:01.6789314Z tests/unit/test_scheduled_custom_lifecycle.py::test_add_scheduled_custom_task_rejects_raw_sensitive_bot_config_when_vault_refs_required PASSED [ 84%]
readiness-unit-tests	Run unit tests	2026-10-03T05:42:01.6807765Z tests/unit/test_scheduled_custom_lifecycle.py::test_update_bot_reclaims_the_same_bot_id_after_a_clean_stop PASSED [ 84%]
readiness-unit-tests	Run unit tests	2026-10-03T05:42:01.6820425Z tests/unit/test_scheduled_custom_lifecycle.py::test_update_bot_does_not_reclaim_a_bot_whose_stop_failed PASSED [ 84%]
readiness-unit-tests	Run unit tests	2026-10-03T05:42:01.6833349Z tests/unit/test_scheduled_custom_lifecycle.py::test_update_bot_does_not_reclaim_another_owners_stopped_bot PASSED [ 84%]
readiness-unit-tests	Run unit tests	2026-10-03T05:42:01.6853454Z tests/unit/test_scheduled_custom_lifecycle.py::test_scheduled_revision_restart_detaches_previous_execution_before_launch[False-stopped] PASSED [ 84%]
readiness-unit-tests	Run unit tests	2026-10-03T05:42:01.6873624Z tests/unit/test_scheduled_custom_lifecycle.py::test_scheduled_revision_restart_detaches_previous_execution_before_launch[False-failed] PASSED [ 84%]
readiness-unit-tests	Run unit tests	2026-10-03T05:42:01.6892841Z tests/unit/test_scheduled_custom_lifecycle.py::test_scheduled_revision_restart_detaches_previous_execution_before_launch[True-stopped] PASSED [ 84%]
readiness-unit-tests	Run unit tests	2026-10-03T05:42:01.6913082Z tests/unit/test_scheduled_custom_lifecycle.py::test_scheduled_revision_restart_detaches_previous_execution_before_launch[True-failed] PASSED [ 84%]
readiness-unit-tests	Run unit tests	2026-10-03T05:42:01.6925487Z tests/unit/test_scheduled_deployment_guard.py::test_parse_ecr_image_distinguishes_digest_from_tag PASSED [ 84%]
readiness-unit-tests	Run unit tests	2026-10-03T05:42:01.6935673Z tests/unit/test_scheduled_deployment_guard.py::test_digest_pinned_existing_task_definition_is_ok PASSED [ 84%]
readiness-unit-tests	Run unit tests	2026-10-03T05:42:01.6952203Z tests/unit/test_scheduled_deployment_guard.py::test_digest_pinned_missing_task_definition_image_fails PASSED [ 85%]
readiness-unit-tests	Run unit tests	2026-10-03T05:42:01.6955067Z tests/unit/test_scheduled_deployment_guard.py::test_non_cleanup_deploy_downgrades_only_missing_digest PASSED [ 85%]
readiness-unit-tests	Run unit tests	2026-10-03T05:42:01.6966030Z tests/unit/test_scheduled_deployment_guard.py::test_disabled_eventbridge_rule_is_reenabled_when_repair_enabled PASSED [ 85%]
readiness-unit-tests	Run unit tests	2026-10-03T05:42:01.6988174Z tests/unit/test_scheduled_deployment_guard.py::test_disabled_scheduler_schedule_is_reenabled_when_repair_enabled PASSED [ 85%]
readiness-unit-tests	Run unit tests	2026-10-03T05:42:01.7028866Z tests/unit/test_scheduled_deployment_guard.py::test_completed_one_time_schedule_expectedly_deleted_does_not_block_release PASSED [ 85%]
readiness-unit-tests	Run unit tests	2026-10-03T05:42:01.7068921Z tests/unit/test_scheduled_deployment_guard.py::test_missing_one_time_schedule_still_blocks_before_verified_completion PASSED [ 85%]
readiness-unit-tests	Run unit tests	2026-10-03T05:42:01.7108818Z tests/unit/test_scheduled_deployment_guard.py::test_direct_ecs_target_conversion_builds_launcher_run_task_kwargs PASSED [ 85%]
readiness-unit-tests	Run unit tests	2026-10-03T05:42:01.7148407Z tests/unit/test_scheduled_deployment_guard.py::test_setup_runs_scheduled_guard_before_build_and_cleanup PASSED [ 85%]
readiness-unit-tests	Run unit tests	2026-10-03T05:42:01.7150323Z tests/unit/test_scheduled_run_task_state_recorder.py::test_task_state_event_recovers_run_identity_when_event_tags_are_absent PASSED [ 85%]
readiness-unit-tests	Run unit tests	2026-10-03T05:42:01.7152041Z tests/unit/test_scheduled_run_task_state_recorder.py::test_stopped_task_uses_launch_identity_without_reading_expired_tags PASSED [ 85%]
readiness-unit-tests	Run unit tests	2026-10-03T05:42:01.7153798Z tests/unit/test_scheduled_run_task_state_recorder.py::test_unresolved_identity_does_not_write_unknown_customer_ledger_rows PASSED [ 85%]
readiness-unit-tests	Run unit tests	2026-10-03T05:42:01.7155467Z tests/unit/test_scheduled_run_task_state_recorder.py::test_telemetry_update_uses_atomic_terminal_and_version_conditions PASSED [ 85%]
readiness-unit-tests	Run unit tests	2026-10-03T05:42:01.7157246Z tests/unit/test_scheduled_run_task_state_recorder.py::test_launch_target_prevents_midnight_or_retry_key_fragmentation PASSED [ 85%]
readiness-unit-tests	Run unit tests	2026-10-03T05:42:01.7578124Z tests/unit/test_scheduled_runtime_selection.py::test_launcher_archive_contains_runtime_selector PASSED [ 85%]
readiness-unit-tests	Run unit tests	2026-10-03T05:42:01.7593995Z tests/unit/test_scheduled_runtime_selection.py::test_registration_without_secret_renewal_preserves_existing_secret_bindings PASSED [ 85%]
readiness-unit-tests	Run unit tests	2026-10-03T05:42:01.7606791Z tests/unit/test_scheduled_runtime_selection.py::test_registration_uses_approved_bundle_and_preserves_strategy_state PASSED [ 85%]
readiness-unit-tests	Run unit tests	2026-10-03T05:42:01.7618441Z tests/unit/test_scheduled_runtime_selection.py::test_invalid_approval_fails_without_mutating_task[environment-prod] PASSED [ 85%]
readiness-unit-tests	Run unit tests	2026-10-03T05:42:01.7630206Z tests/unit/test_scheduled_runtime_selection.py::test_invalid_approval_fails_without_mutating_task[image-repo:latest] PASSED [ 85%]
readiness-unit-tests	Run unit tests	2026-10-03T05:42:01.7641792Z tests/unit/test_scheduled_runtime_selection.py::test_invalid_approval_fails_without_mutating_task[bundle_s3_uri-s3://other/secret] PASSED [ 86%]
readiness-unit-tests	Run unit tests	2026-10-03T05:42:01.7653088Z tests/unit/test_scheduled_runtime_selection.py::test_invalid_approval_fails_without_mutating_task[manifest_sha256-unknown] PASSED [ 86%]
readiness-unit-tests	Run unit tests	2026-10-03T05:42:01.7664224Z tests/unit/test_scheduled_runtime_selection.py::test_invalid_approval_fails_without_mutating_task[version-2] PASSED [ 86%]
readiness-unit-tests	Run unit tests	2026-10-03T05:42:01.7675849Z tests/unit/test_scheduled_runtime_selection.py::test_invalid_approval_fails_without_mutating_task[git_sha-a] PASSED [ 86%]
readiness-unit-tests	Run unit tests	2026-10-03T05:42:01.7687211Z tests/unit/test_scheduled_runtime_selection.py::test_invalid_approval_fails_without_mutating_task[release_id-../other] PASSED [ 86%]
readiness-unit-tests	Run unit tests	2026-10-03T05:42:01.7696990Z tests/unit/test_scheduled_runtime_selection.py::test_custom_dependencies_are_not_silently_rebased PASSED [ 86%]
readiness-unit-tests	Run unit tests	2026-10-03T05:42:01.7714279Z tests/unit/test_scheduled_runtime_selection.py::test_independent_launches_and_approved_rollback_keep_state PASSED [ 86%]
readiness-unit-tests	Run unit tests	2026-10-03T05:42:01.7749652Z tests/unit/test_scheduled_runtime_selection.py::test_terraform_descriptor_uses_the_same_immutable_release PASSED [ 86%]
readiness-unit-tests	Run unit tests	2026-10-03T05:42:01.7751391Z tests/unit/test_scheduled_schedule_reconciliation.py::test_reconcile_many_to_one_preserves_identity_and_removes_every_old_schedule PASSED [ 86%]
readiness-unit-tests	Run unit tests	2026-10-03T05:42:01.7765956Z tests/unit/test_scheduled_schedule_reconciliation.py::test_reconcile_rolls_back_to_old_enabled_set_when_new_enable_fails PASSED [ 86%]
readiness-unit-tests	Run unit tests	2026-10-03T05:42:01.7783118Z tests/unit/test_scheduled_schedule_reconciliation.py::test_reconcile_restores_preexisting_idempotent_generation_when_enable_fails PASSED [ 86%]
readiness-unit-tests	Run unit tests	2026-10-03T05:42:01.7798864Z tests/unit/test_scheduled_schedule_reconciliation.py::test_pause_and_resume_apply_to_complete_schedule_set PASSED [ 86%]
readiness-unit-tests	Run unit tests	2026-10-03T05:42:01.7813722Z tests/unit/test_scheduled_schedule_reconciliation.py::test_pause_rolls_back_runtime_when_state_persistence_fails PASSED [ 86%]
readiness-unit-tests	Run unit tests	2026-10-03T05:42:01.7826942Z tests/unit/test_scheduled_schedule_reconciliation.py::test_resume_refuses_to_enable_unexpected_discovered_schedule PASSED [ 86%]
readiness-unit-tests	Run unit tests	2026-10-03T05:42:01.7845398Z tests/unit/test_scheduled_schedule_reconciliation.py::test_reconcile_rolls_back_runtime_when_policy_persistence_fails PASSED [ 86%]
readiness-unit-tests	Run unit tests	2026-10-03T05:42:01.7858397Z tests/unit/test_scheduled_schedule_reconciliation.py::test_backend_status_reports_all_schedules_and_detects_extra_sibling PASSED [ 86%]
readiness-unit-tests	Run unit tests	2026-10-03T05:42:01.7870166Z tests/unit/test_scheduled_schedule_reconciliation.py::test_backend_status_detects_owner_identity_drift PASSED [ 86%]
readiness-unit-tests	Run unit tests	2026-10-03T05:42:01.7882240Z tests/unit/test_scheduled_schedule_reconciliation.py::test_delete_backend_removes_all_recorded_and_discovered_schedules PASSED [ 86%]
readiness-unit-tests	Run unit tests	2026-10-03T05:42:01.7893981Z tests/unit/test_scheduled_schedule_reconciliation.py::test_delete_scheduler_without_stored_name_discovers_only_exact_bot_schedules PASSED [ 86%]
readiness-unit-tests	Run unit tests	2026-10-03T05:42:01.7908627Z tests/unit/test_scheduled_schedule_reconciliation.py::test_denied_schedule_enumeration_raises_instead_of_reporting_no_schedules PASSED [ 87%]
readiness-unit-tests	Run unit tests	2026-10-03T05:42:01.7924375Z tests/unit/test_scheduled_schedule_reconciliation.py::test_stop_deletes_live_schedules_when_the_record_never_recorded_their_names PASSED [ 87%]
readiness-unit-tests	Run unit tests	2026-10-03T05:42:01.7934227Z tests/unit/test_scheduled_secret_lifecycle.py::test_cleanup_deferred_scheduled_secret_handles_cleanup_exception_and_clears_stale_fields PASSED [ 87%]
readiness-unit-tests	Run unit tests	2026-10-03T05:42:01.7944024Z tests/unit/test_scheduled_secret_lifecycle.py::test_sweep_pending_scheduled_secret_cleanups_only_processes_due_records PASSED [ 87%]
readiness-unit-tests	Run unit tests	2026-10-03T05:42:01.7953718Z tests/unit/test_scheduled_secret_lifecycle.py::test_sweep_pending_scheduled_secret_cleanups_hard_bounds_query_pages PASSED [ 87%]
readiness-unit-tests	Run unit tests	2026-10-03T05:42:02.0056172Z tests/unit/test_scheduled_secret_lifecycle.py::test_stop_bot_skips_deferred_cleanup_when_no_persistent_secret_is_configured PASSED [ 87%]
readiness-unit-tests	Run unit tests	2026-10-03T05:42:02.0083531Z tests/unit/test_scheduled_secret_lifecycle.py::test_cleanup_scheduled_secrets_lambda_runs_dependency_wheelhouse_gc PASSED [ 87%]
readiness-unit-tests	Run unit tests	2026-10-03T05:42:02.0094826Z tests/unit/test_secret_utils.py::test_backtest_secret_duplicate_updates_without_restore PASSED [ 87%]
readiness-unit-tests	Run unit tests	2026-10-03T05:42:02.0107509Z tests/unit/test_secret_utils.py::test_backtest_secret_pending_deletion_restores_before_update PASSED [ 87%]
readiness-unit-tests	Run unit tests	2026-10-03T05:42:02.0206070Z tests/unit/test_setup_uv_version.py::test_setup_keeps_exact_pinned_uv_without_installing PASSED [ 87%]
readiness-unit-tests	Run unit tests	2026-10-03T05:42:02.0358847Z tests/unit/test_setup_uv_version.py::test_setup_replaces_mismatched_uv_and_verifies_active_version PASSED [ 87%]
readiness-unit-tests	Run unit tests	2026-10-03T05:42:02.0468491Z tests/unit/test_setup_uv_version.py::test_setup_fails_if_installer_does_not_activate_exact_version PASSED [ 87%]
readiness-unit-tests	Run unit tests	2026-10-03T05:42:02.0473371Z tests/unit/test_single_trade_codegen.py::test_single_trade_codegen_supports_each_single_leg_order_type[market-trade_fields0-expected_attrs0] PASSED [ 87%]
readiness-unit-tests	Run unit tests	2026-10-03T05:42:02.0489652Z tests/unit/test_single_trade_codegen.py::test_single_trade_codegen_supports_each_single_leg_order_type[limit-trade_fields1-expected_attrs1] PASSED [ 87%]
readiness-unit-tests	Run unit tests	2026-10-03T05:42:02.0505453Z tests/unit/test_single_trade_codegen.py::test_single_trade_codegen_supports_each_single_leg_order_type[stop-trade_fields2-expected_attrs2] PASSED [ 87%]
readiness-unit-tests	Run unit tests	2026-10-03T05:42:02.0521899Z tests/unit/test_single_trade_codegen.py::test_single_trade_codegen_supports_each_single_leg_order_type[stop_limit-trade_fields3-expected_attrs3] PASSED [ 87%]
readiness-unit-tests	Run unit tests	2026-10-03T05:42:02.0537712Z tests/unit/test_single_trade_codegen.py::test_single_trade_codegen_supports_each_single_leg_order_type[trailing_stop-trade_fields4-expected_attrs4] PASSED [ 87%]
readiness-unit-tests	Run unit tests	2026-10-03T05:42:02.0555682Z tests/unit/test_single_trade_codegen.py::test_single_trade_codegen_supports_each_single_leg_order_type[smart_limit-trade_fields5-expected_attrs5] PASSED [ 87%]
readiness-unit-tests	Run unit tests	2026-10-03T05:42:02.0568365Z tests/unit/test_single_trade_codegen.py::test_single_trade_codegen_maps_stop_limit_limit_price_to_stop_limit_price PASSED [ 88%]
readiness-unit-tests	Run unit tests	2026-10-03T05:42:02.0581341Z tests/unit/test_single_trade_codegen.py::test_normalize_single_trade_infers_limit_order_from_limit_price PASSED [ 88%]
readiness-unit-tests	Run unit tests	2026-10-03T05:42:02.0596204Z tests/unit/test_single_trade_codegen.py::test_normalize_single_trade_rejects_ambiguous_or_unsupported_complex_shapes[trade0-limitPrice requires orderType limit, stop_limit, or smart_limit] PASSED [ 88%]
readiness-unit-tests	Run unit tests	2026-10-03T05:42:02.0609364Z tests/unit/test_single_trade_codegen.py::test_normalize_single_trade_rejects_ambiguous_or_unsupported_complex_shapes[trade1-takeProfit and stopLoss are supported only for multileg_bracket orders] PASSED [ 88%]
readiness-unit-tests	Run unit tests	2026-10-03T05:42:02.0622757Z tests/unit/test_single_trade_codegen.py::test_normalize_single_trade_rejects_ambiguous_or_unsupported_complex_shapes[trade2-entry requires orderClass multileg_bracket] PASSED [ 88%]
readiness-unit-tests	Run unit tests	2026-10-03T05:42:02.0636700Z tests/unit/test_single_trade_codegen.py::test_normalize_single_trade_rejects_ambiguous_or_unsupported_complex_shapes[trade3-legs requires orderClass multileg] PASSED [ 88%]
readiness-unit-tests	Run unit tests	2026-10-03T05:42:02.0651532Z tests/unit/test_single_trade_codegen.py::test_normalize_single_trade_rejects_ambiguous_or_unsupported_complex_shapes[trade4-secondaryStopPrice is required when using secondary stop-limit or trailing-stop modifiers] PASSED [ 88%]
readiness-unit-tests	Run unit tests	2026-10-03T05:42:02.0664784Z tests/unit/test_single_trade_codegen.py::test_normalize_single_trade_rejects_ambiguous_or_unsupported_complex_shapes[trade5-crypto trades support simple orderClass only] PASSED [ 88%]
readiness-unit-tests	Run unit tests	2026-10-03T05:42:02.0679368Z tests/unit/test_single_trade_codegen.py::test_normalize_single_trade_rejects_ambiguous_or_unsupported_complex_shapes[trade6-crypto_future trades support market, limit, stop, or stop_limit orderType] PASSED [ 88%]
readiness-unit-tests	Run unit tests	2026-10-03T05:42:02.0694587Z tests/unit/test_single_trade_codegen.py::test_single_trade_codegen_supports_each_single_leg_order_class[simple-trade_fields0-expected_attrs0] PASSED [ 88%]
readiness-unit-tests	Run unit tests	2026-10-03T05:42:02.0711009Z tests/unit/test_single_trade_codegen.py::test_single_trade_codegen_supports_each_single_leg_order_class[bracket-trade_fields1-expected_attrs1] PASSED [ 88%]
readiness-unit-tests	Run unit tests	2026-10-03T05:42:02.0726622Z tests/unit/test_single_trade_codegen.py::test_single_trade_codegen_supports_each_single_leg_order_class[oco-trade_fields2-expected_attrs2] PASSED [ 88%]
readiness-unit-tests	Run unit tests	2026-10-03T05:42:02.0742328Z tests/unit/test_single_trade_codegen.py::test_single_trade_codegen_supports_each_single_leg_order_class[oto-trade_fields3-expected_attrs3] PASSED [ 88%]
readiness-unit-tests	Run unit tests	2026-10-03T05:42:02.0755521Z tests/unit/test_single_trade_codegen.py::test_normalize_single_trade_supports_each_asset_type[stock-trade_fields0-expected0] PASSED [ 88%]
readiness-unit-tests	Run unit tests	2026-10-03T05:42:02.0768517Z tests/unit/test_single_trade_codegen.py::test_normalize_single_trade_supports_each_asset_type[option-trade_fields1-expected1] PASSED [ 88%]
readiness-unit-tests	Run unit tests	2026-10-03T05:42:02.0781042Z tests/unit/test_single_trade_codegen.py::test_normalize_single_trade_supports_each_asset_type[future-trade_fields2-expected2] PASSED [ 88%]
readiness-unit-tests	Run unit tests	2026-10-03T05:42:02.0793942Z tests/unit/test_single_trade_codegen.py::test_normalize_single_trade_supports_each_asset_type[crypto_future-trade_fields3-expected3] PASSED [ 88%]
readiness-unit-tests	Run unit tests	2026-10-03T05:42:02.0806368Z tests/unit/test_single_trade_codegen.py::test_normalize_single_trade_supports_each_asset_type[cont_future-trade_fields4-expected4] PASSED [ 88%]
readiness-unit-tests	Run unit tests	2026-10-03T05:42:02.0824711Z tests/unit/test_single_trade_codegen.py::test_normalize_single_trade_supports_each_asset_type[forex-trade_fields5-expected5] PASSED [ 89%]
readiness-unit-tests	Run unit tests	2026-10-03T05:42:02.0833441Z tests/unit/test_single_trade_codegen.py::test_normalize_single_trade_supports_each_asset_type[crypto-trade_fields6-expected6] PASSED [ 89%]
readiness-unit-tests	Run unit tests	2026-10-03T05:42:02.0845931Z tests/unit/test_single_trade_codegen.py::test_normalize_single_trade_supports_each_asset_type[index-trade_fields7-expected7] PASSED [ 89%]
readiness-unit-tests	Run unit tests	2026-10-03T05:42:02.0863681Z tests/unit/test_single_trade_codegen.py::test_single_trade_codegen_supports_each_multileg_order_type[market-price_field0-None] PASSED [ 89%]
readiness-unit-tests	Run unit tests	2026-10-03T05:42:02.0881594Z tests/unit/test_single_trade_codegen.py::test_single_trade_codegen_supports_each_multileg_order_type[limit-price_field1-1.25] PASSED [ 89%]
readiness-unit-tests	Run unit tests	2026-10-03T05:42:02.0898991Z tests/unit/test_single_trade_codegen.py::test_single_trade_codegen_supports_each_multileg_order_type[debit-price_field2-1.25] PASSED [ 89%]
readiness-unit-tests	Run unit tests	2026-10-03T05:42:02.0916619Z tests/unit/test_single_trade_codegen.py::test_single_trade_codegen_supports_each_multileg_order_type[credit-price_field3-1.25] PASSED [ 89%]
readiness-unit-tests	Run unit tests	2026-10-03T05:42:02.0935365Z tests/unit/test_single_trade_codegen.py::test_single_trade_codegen_supports_each_multileg_order_type[even-price_field4-None] PASSED [ 89%]
readiness-unit-tests	Run unit tests	2026-10-03T05:42:02.0949377Z tests/unit/test_single_trade_codegen.py::test_single_trade_codegen_uses_trade_asset_type_for_quote_asset[crypto] PASSED [ 89%]
readiness-unit-tests	Run unit tests	2026-10-03T05:42:02.0963006Z tests/unit/test_single_trade_codegen.py::test_single_trade_codegen_uses_trade_asset_type_for_quote_asset[forex] PASSED [ 89%]
readiness-unit-tests	Run unit tests	2026-10-03T05:42:02.0979549Z tests/unit/test_single_trade_codegen.py::test_single_trade_codegen_reports_broker_order_error PASSED [ 89%]
readiness-unit-tests	Run unit tests	2026-10-03T05:42:02.0997321Z tests/unit/test_single_trade_codegen.py::test_single_trade_codegen_reports_submit_exception_as_structured_result PASSED [ 89%]
readiness-unit-tests	Run unit tests	2026-10-03T05:42:02.1012868Z tests/unit/test_single_trade_codegen.py::test_single_trade_codegen_reports_order_construction_exception_as_structured_result PASSED [ 89%]
readiness-unit-tests	Run unit tests	2026-10-03T05:42:02.1031930Z tests/unit/test_single_trade_codegen.py::test_single_trade_codegen_reports_multileg_order_construction_exception PASSED [ 89%]
readiness-unit-tests	Run unit tests	2026-10-03T05:42:02.1046886Z tests/unit/test_single_trade_codegen.py::test_single_trade_codegen_serializes_uuid_order_id PASSED [ 89%]
readiness-unit-tests	Run unit tests	2026-10-03T05:42:02.1059316Z tests/unit/test_single_trade_codegen.py::test_normalize_single_trade_rejects_quote_symbol_for_stock_orders PASSED [ 89%]
readiness-unit-tests	Run unit tests	2026-10-03T05:42:02.1070620Z tests/unit/test_single_trade_codegen.py::test_normalize_single_trade_accepts_option_metadata_and_trailing_stop PASSED [ 89%]
readiness-unit-tests	Run unit tests	2026-10-03T05:42:02.1082369Z tests/unit/test_single_trade_codegen.py::test_normalize_single_trade_rejects_option_without_contract_fields PASSED [ 89%]
readiness-unit-tests	Run unit tests	2026-10-03T05:42:02.1093452Z tests/unit/test_single_trade_codegen.py::test_normalize_single_trade_rejects_bracketed_multileg_order PASSED [ 90%]
readiness-unit-tests	Run unit tests	2026-10-03T05:42:02.1105587Z tests/unit/test_single_trade_codegen.py::test_normalize_single_trade_accepts_multileg_bracket_order PASSED [ 90%]
readiness-unit-tests	Run unit tests	2026-10-03T05:42:02.1118113Z tests/unit/test_single_trade_codegen.py::test_normalize_single_trade_maps_multileg_bracket_stop_loss_limit_price_alias PASSED [ 90%]
readiness-unit-tests	Run unit tests	2026-10-03T05:42:02.1131360Z tests/unit/test_single_trade_codegen.py::test_normalize_single_trade_rejects_multileg_bracket_trailing_stop_loss PASSED [ 90%]
readiness-unit-tests	Run unit tests	2026-10-03T05:42:02.1145032Z tests/unit/test_single_trade_codegen.py::test_single_trade_codegen_creates_option_order PASSED [ 90%]
readiness-unit-tests	Run unit tests	2026-10-03T05:42:02.1163004Z tests/unit/test_single_trade_codegen.py::test_single_trade_codegen_submits_multileg_option_order PASSED [ 90%]
readiness-unit-tests	Run unit tests	2026-10-03T05:42:02.1181618Z tests/unit/test_single_trade_codegen.py::test_single_trade_codegen_submits_multileg_bracket_through_broker PASSED [ 90%]
readiness-unit-tests	Run unit tests	2026-10-03T05:42:02.1202283Z tests/unit/test_single_trade_codegen.py::test_single_trade_codegen_reports_sanitized_broker_error_for_multileg_bracket PASSED [ 90%]
readiness-unit-tests	Run unit tests	2026-10-03T05:42:02.1221794Z tests/unit/test_single_trade_codegen.py::test_single_trade_codegen_reports_submit_timeout_for_multileg_bracket PASSED [ 90%]
readiness-unit-tests	Run unit tests	2026-10-03T05:42:02.1240519Z tests/unit/test_single_trade_codegen.py::test_single_trade_codegen_summarizes_non_list_multileg_parent_order PASSED [ 90%]
readiness-unit-tests	Run unit tests	2026-10-03T05:42:02.1256297Z tests/unit/test_single_trade_lambda_dispatch.py::test_start_single_trade_lambda_invokes_safe_event PASSED [ 90%]
readiness-unit-tests	Run unit tests	2026-10-03T05:42:02.1268389Z tests/unit/test_single_trade_lambda_dispatch.py::test_start_single_trade_lambda_rejects_unmanaged_existing_secret PASSED [ 90%]
readiness-unit-tests	Run unit tests	2026-10-03T05:42:02.1280784Z tests/unit/test_single_trade_lambda_dispatch.py::test_start_single_trade_lambda_rejects_ibkr_before_state_or_dispatch[interactivebrokersrest] PASSED [ 90%]
readiness-unit-tests	Run unit tests	2026-10-03T05:42:02.1292872Z tests/unit/test_single_trade_lambda_dispatch.py::test_start_single_trade_lambda_rejects_ibkr_before_state_or_dispatch[IB REST] PASSED [ 90%]
readiness-unit-tests	Run unit tests	2026-10-03T05:42:02.1304593Z tests/unit/test_single_trade_lambda_dispatch.py::test_start_single_trade_lambda_rejects_ibkr_before_state_or_dispatch[ibrest] PASSED [ 90%]
readiness-unit-tests	Run unit tests	2026-10-03T05:42:02.1325768Z tests/unit/test_single_trade_lambda_dispatch.py::test_start_single_trade_lambda_rejects_wrong_runtime_secret_scope[botspot/test/deployment_runtime/user-2/single-trade-approval-1/run-1-disabled] PASSED [ 90%]
readiness-unit-tests	Run unit tests	2026-10-03T05:42:02.1334079Z tests/unit/test_single_trade_lambda_dispatch.py::test_start_single_trade_lambda_rejects_wrong_runtime_secret_scope[botspot/test/deployment_runtime/user-1/other-deployment/run-1-disabled] PASSED [ 90%]
readiness-unit-tests	Run unit tests	2026-10-03T05:42:02.1343298Z tests/unit/test_single_trade_lambda_dispatch.py::test_stale_without_task_reconciliation_skips_lambda_backend PASSED [ 90%]
readiness-unit-tests	Run unit tests	2026-10-03T05:42:02.1363116Z tests/unit/test_single_trade_lambda_dispatch.py::test_get_status_exposes_single_trade_timing_fields PASSED [ 90%]
readiness-unit-tests	Run unit tests	2026-10-03T05:42:02.1373257Z tests/unit/test_single_trade_lambda_executor.py::test_extract_single_trade_result_uses_last_marker PASSED [ 91%]
readiness-unit-tests	Run unit tests	2026-10-03T05:42:02.1403437Z tests/unit/test_single_trade_lambda_executor.py::test_lambda_handler_records_running_and_completed PASSED [ 91%]
readiness-unit-tests	Run unit tests	2026-10-03T05:42:02.1430457Z tests/unit/test_single_trade_lambda_executor.py::test_single_trade_child_env_uses_lambda_task_root_when_handler_is_at_root PASSED [ 91%]
readiness-unit-tests	Run unit tests	2026-10-03T05:42:02.1457782Z tests/unit/test_single_trade_lambda_executor.py::test_lambda_handler_runs_parent_broker_token_supervisor_before_child_duplicate_regression PASSED [ 91%]
readiness-unit-tests	Run unit tests	2026-10-03T05:42:02.1484010Z tests/unit/test_single_trade_lambda_executor.py::test_lambda_handler_runs_parent_broker_token_supervisor_before_child PASSED [ 91%]
readiness-unit-tests	Run unit tests	2026-10-03T05:42:02.1514988Z tests/unit/test_single_trade_lambda_executor.py::test_lambda_handler_records_failed_without_raising PASSED [ 91%]
readiness-unit-tests	Run unit tests	2026-10-03T05:42:02.1546790Z tests/unit/test_single_trade_lambda_executor.py::test_lambda_handler_persists_timeout_single_trade_result PASSED [ 91%]
readiness-unit-tests	Run unit tests	2026-10-03T05:42:02.1574359Z tests/unit/test_single_trade_lambda_executor.py::test_lambda_handler_allows_multileg_without_local_broker_capability_preblock PASSED [ 91%]
readiness-unit-tests	Run unit tests	2026-10-03T05:42:02.1603361Z tests/unit/test_single_trade_lambda_executor.py::test_lambda_handler_allows_multileg_for_supported_brokers[alpaca] PASSED [ 91%]
readiness-unit-tests	Run unit tests	2026-10-03T05:42:02.1631799Z tests/unit/test_single_trade_lambda_executor.py::test_lambda_handler_allows_multileg_for_supported_brokers[tradier] PASSED [ 91%]
readiness-unit-tests	Run unit tests	2026-10-03T05:42:02.1659556Z tests/unit/test_single_trade_lambda_executor.py::test_lambda_handler_allows_multileg_for_supported_brokers[schwab] PASSED [ 91%]
readiness-unit-tests	Run unit tests	2026-10-03T05:42:02.1687889Z tests/unit/test_single_trade_lambda_executor.py::test_lambda_handler_persists_rejected_broker_result PASSED [ 91%]
readiness-unit-tests	Run unit tests	2026-10-03T05:42:02.1720416Z tests/unit/test_single_trade_lambda_executor.py::test_lambda_handler_redacts_child_output_logs PASSED [ 91%]
readiness-unit-tests	Run unit tests	2026-10-03T05:42:02.1737480Z tests/unit/test_single_trade_lambda_executor.py::test_lambda_handler_records_runtime_secret_fetch_error_detail PASSED [ 91%]
readiness-unit-tests	Run unit tests	2026-10-03T05:42:02.1746871Z tests/unit/test_single_trade_lambda_image_builder.py::test_ensure_buildx_builder_uses_dedicated_docker_container_builder PASSED [ 91%]
readiness-unit-tests	Run unit tests	2026-10-03T05:42:02.1757210Z tests/unit/test_single_trade_lambda_image_builder.py::test_ensure_buildx_builder_reuses_existing_builder PASSED [ 91%]
readiness-unit-tests	Run unit tests	2026-10-03T05:42:02.1767102Z tests/unit/test_single_trade_lambda_image_builder.py::test_single_trade_image_tag_uses_github_run_identity PASSED [ 91%]
readiness-unit-tests	Run unit tests	2026-10-03T05:42:02.1778307Z tests/unit/test_single_trade_lambda_image_builder.py::test_single_trade_image_tag_accepts_safe_canary_suffix PASSED [ 91%]
readiness-unit-tests	Run unit tests	2026-10-03T05:42:02.1789986Z tests/unit/test_single_trade_lambda_image_builder.py::test_single_trade_image_tag_rejects_unsafe_suffix PASSED [ 92%]
readiness-unit-tests	Run unit tests	2026-10-03T05:42:02.1804373Z tests/unit/test_single_trade_lambda_image_builder.py::test_canary_build_can_disable_latest_tag PASSED [ 92%]
readiness-unit-tests	Run unit tests	2026-10-03T05:42:02.1815553Z tests/unit/test_single_trade_lambda_image_builder.py::test_single_trade_image_tag_uses_unique_local_suffix PASSED [ 92%]
readiness-unit-tests	Run unit tests	2026-10-03T05:42:02.1826833Z tests/unit/test_snapshot_reporting_runtime_env.py::test_immediate_snapshot_uses_authoritative_identity_and_exact_run PASSED [ 92%]
readiness-unit-tests	Run unit tests	2026-10-03T05:42:02.1839059Z tests/unit/test_snapshot_reporting_runtime_env.py::test_regular_bot_does_not_receive_snapshot_reporting_authority PASSED [ 92%]
readiness-unit-tests	Run unit tests	2026-10-03T05:42:02.1850762Z tests/unit/test_snapshot_reporting_runtime_env.py::test_immediate_snapshot_authorization_failure_prevents_runtime_environment PASSED [ 92%]
readiness-unit-tests	Run unit tests	2026-10-03T05:42:02.2054538Z tests/unit/test_stop_authorization.py::test_stop_authorizes_against_live_bot_record PASSED [ 92%]
readiness-unit-tests	Run unit tests	2026-10-03T05:42:02.2248773Z tests/unit/test_stop_authorization.py::test_stop_returns_not_found_when_live_bot_record_is_missing PASSED [ 92%]
readiness-unit-tests	Run unit tests	2026-10-03T05:42:02.2496070Z tests/unit/test_stop_authorization.py::test_stop_accepts_next_api_key_before_expiry PASSED [ 92%]
readiness-unit-tests	Run unit tests	2026-10-03T05:42:02.2691325Z tests/unit/test_stop_authorization.py::test_stop_rejects_expired_next_api_key PASSED [ 92%]
readiness-unit-tests	Run unit tests	2026-10-03T05:42:02.2887184Z tests/unit/test_stop_authorization.py::test_stop_rejects_legacy_extra_api_key_fields PASSED [ 92%]
readiness-unit-tests	Run unit tests	2026-10-03T05:42:02.3086851Z tests/unit/test_stop_authorization.py::test_stop_rejects_backtest_owner_when_live_bot_id_collides PASSED [ 92%]
readiness-unit-tests	Run unit tests	2026-10-03T05:42:02.3276352Z tests/unit/test_stop_authorization.py::test_force_stop_backtest_authorizes_against_backtest_record PASSED [ 92%]
readiness-unit-tests	Run unit tests	2026-10-03T05:42:02.3647228Z tests/unit/test_stop_endpoint_audit_logging.py::test_stop_endpoint_logs_audit_context PASSED [ 92%]
readiness-unit-tests	Run unit tests	2026-10-03T05:42:02.3852302Z tests/unit/test_stop_endpoint_audit_logging.py::test_stop_returns_not_found_without_calling_stop_bot PASSED [ 92%]
readiness-unit-tests	Run unit tests	2026-10-03T05:42:02.4063763Z tests/unit/test_stop_endpoint_audit_logging.py::test_stop_accepts_next_api_key_before_expiry PASSED [ 92%]
readiness-unit-tests	Run unit tests	2026-10-03T05:42:02.4272314Z tests/unit/test_stop_endpoint_audit_logging.py::test_stop_rejects_legacy_extra_api_key_fields PASSED [ 92%]
readiness-unit-tests	Run unit tests	2026-10-03T05:42:02.4589330Z tests/unit/test_stop_endpoint_audit_logging.py::test_force_stop_backtest_endpoint_logs_audit_context PASSED [ 92%]
readiness-unit-tests	Run unit tests	2026-10-03T05:42:02.4804469Z tests/unit/test_stop_endpoint_audit_logging.py::test_backtest_endpoint_logs_audit_context_without_source PASSED [ 93%]
readiness-unit-tests	Run unit tests	2026-10-03T05:42:02.5008127Z tests/unit/test_stop_endpoint_audit_logging.py::test_force_stop_backtest_defaults_to_force_stopped PASSED [ 93%]
readiness-unit-tests	Run unit tests	2026-10-03T05:42:02.5206543Z tests/unit/test_stop_endpoint_audit_logging.py::test_force_stop_backtest_rejects_invalid_bot_id PASSED [ 93%]
readiness-unit-tests	Run unit tests	2026-10-03T05:42:02.5414340Z tests/unit/test_stop_endpoint_audit_logging.py::test_force_stop_backtest_hides_internal_error_in_production PASSED [ 93%]
readiness-unit-tests	Run unit tests	2026-10-03T05:42:02.5626859Z tests/unit/test_stop_endpoint_audit_logging.py::test_force_stop_backtest_timeout_reason_sets_terminated_timeout PASSED [ 93%]
readiness-unit-tests	Run unit tests	2026-10-03T05:42:02.6653410Z tests/unit/test_store_bot_data.py::test_store_bot_data_retries_without_clobbering_concurrent_update PASSED [ 93%]
readiness-unit-tests	Run unit tests	2026-10-03T05:42:02.7669144Z tests/unit/test_store_bot_data.py::test_store_bot_data_projects_pending_secret_cleanup_index_fields PASSED [ 93%]
readiness-unit-tests	Run unit tests	2026-10-03T05:42:02.7687442Z tests/unit/test_store_bot_data.py::test_store_bot_data_does_not_create_record_when_initial_read_fails PASSED [ 93%]
readiness-unit-tests	Run unit tests	2026-10-03T05:42:02.7711587Z tests/unit/test_structured_execution_outcomes.py::test_optional_failure_and_warnings_do_not_degrade_schedule PASSED [ 93%]
readiness-unit-tests	Run unit tests	2026-10-03T05:42:02.7733857Z tests/unit/test_structured_execution_outcomes.py::test_persistent_ai_configuration_failure_degrades_without_failing PASSED [ 93%]
readiness-unit-tests	Run unit tests	2026-10-03T05:42:02.7757206Z tests/unit/test_structured_execution_outcomes.py::test_temporary_ai_failure_recovery_uses_latest_structured_operation PASSED [ 93%]
readiness-unit-tests	Run unit tests	2026-10-03T05:42:02.7778594Z tests/unit/test_structured_execution_outcomes.py::test_temporary_broker_data_outage_recovery_clears_optional_failure PASSED [ 93%]
readiness-unit-tests	Run unit tests	2026-10-03T05:42:02.7800740Z tests/unit/test_structured_execution_outcomes.py::test_unknown_order_submission_outcome_requires_attention PASSED [ 93%]
readiness-unit-tests	Run unit tests	2026-10-03T05:42:02.7822124Z tests/unit/test_structured_execution_outcomes.py::test_outcomes_from_an_older_run_are_ignored PASSED [ 93%]
readiness-unit-tests	Run unit tests	2026-10-03T05:42:02.7836536Z tests/unit/test_structured_execution_outcomes.py::test_store_final_status_preserves_scheduled_degraded_outcome PASSED [ 93%]
readiness-unit-tests	Run unit tests	2026-10-03T05:42:02.8039916Z tests/unit/test_telemetry_endpoints.py::test_telemetry_latest_endpoint_success PASSED [ 93%]
readiness-unit-tests	Run unit tests	2026-10-03T05:42:02.8241756Z tests/unit/test_telemetry_endpoints.py::test_telemetry_history_endpoint_success PASSED [ 93%]
readiness-unit-tests	Run unit tests	2026-10-03T05:42:02.8445707Z tests/unit/test_telemetry_endpoints.py::test_telemetry_history_clamps_limit_and_rejects_bad_sort PASSED [ 93%]
readiness-unit-tests	Run unit tests	2026-10-03T05:42:02.8643496Z tests/unit/test_telemetry_endpoints.py::test_telemetry_latest_clamps_lookback PASSED [ 94%]
readiness-unit-tests	Run unit tests	2026-10-03T05:42:02.8950188Z tests/unit/test_telemetry_endpoints.py::test_telemetry_latest_requires_bot_id PASSED [ 94%]
readiness-unit-tests	Run unit tests	2026-10-03T05:42:02.8960748Z tests/unit/test_telemetry_parsing.py::test_parse_lumibot_telemetry_line_extracts_json PASSED [ 94%]
readiness-unit-tests	Run unit tests	2026-10-03T05:42:02.8970934Z tests/unit/test_telemetry_parsing.py::test_parse_lumibot_telemetry_line_returns_none_for_invalid_json PASSED [ 94%]
readiness-unit-tests	Run unit tests	2026-10-03T05:42:02.8981587Z tests/unit/test_telemetry_parsing.py::test_extract_telemetry_events_filters_and_structures PASSED [ 94%]
readiness-unit-tests	Run unit tests	2026-10-03T05:42:02.8993056Z tests/unit/test_terraform_plan_safety.py::test_exact_retention_policy_upgrade_does_not_delete_images PASSED [ 94%]
readiness-unit-tests	Run unit tests	2026-10-03T05:42:02.9004673Z tests/unit/test_terraform_plan_safety.py::test_retention_upgrade_cannot_change_repository_or_ordinary_expiration PASSED [ 94%]
readiness-unit-tests	Run unit tests	2026-10-03T05:42:02.9015586Z tests/unit/test_terraform_plan_safety.py::test_retention_upgrade_cannot_allow_repository_deletion_or_cross_environment PASSED [ 94%]
readiness-unit-tests	Run unit tests	2026-10-03T05:42:02.9030245Z tests/unit/test_terraform_plan_safety.py::test_development_stopped_pool_cannot_raise_running_minimum_or_reuse_used_hosts PASSED [ 94%]
readiness-unit-tests	Run unit tests	2026-10-03T05:42:02.9041803Z tests/unit/test_terraform_plan_safety.py::test_development_stopped_pool_requires_ecs_warm_pool_registration_check PASSED [ 94%]
readiness-unit-tests	Run unit tests	2026-10-03T05:42:02.9054478Z tests/unit/test_terraform_plan_safety.py::test_dev_compute_comparison_is_bounded_and_keeps_production_default PASSED [ 94%]
readiness-unit-tests	Run unit tests	2026-10-03T05:42:02.9070273Z tests/unit/test_terraform_plan_safety.py::test_vault_account_binding_supports_a_no_downtime_primary_plus_compatibility_cutover PASSED [ 94%]
readiness-unit-tests	Run unit tests	2026-10-03T05:42:02.9080749Z tests/unit/test_terraform_plan_safety.py::test_api_lambda_environment_size_gate_reproduces_aws_4170_byte_rejection PASSED [ 94%]
readiness-unit-tests	Run unit tests	2026-10-03T05:42:02.9090953Z tests/unit/test_terraform_plan_safety.py::test_api_lambda_environment_size_gate_accepts_exact_aws_limit PASSED [ 94%]
readiness-unit-tests	Run unit tests	2026-10-03T05:42:02.9100517Z tests/unit/test_terraform_plan_safety.py::test_blocks_cluster_self_ingress_rule_delete PASSED [ 94%]
readiness-unit-tests	Run unit tests	2026-10-03T05:42:02.9110374Z tests/unit/test_terraform_plan_safety.py::test_blocks_unrelated_security_group_rule_delete PASSED [ 94%]
readiness-unit-tests	Run unit tests	2026-10-03T05:42:02.9119910Z tests/unit/test_terraform_plan_safety.py::test_blocks_cluster_self_ingress_replacement PASSED [ 94%]
readiness-unit-tests	Run unit tests	2026-10-03T05:42:02.9129490Z tests/unit/test_terraform_plan_safety.py::test_allows_null_resource_replacement PASSED [ 94%]
readiness-unit-tests	Run unit tests	2026-10-03T05:42:02.9139319Z tests/unit/test_terraform_plan_safety.py::test_allows_legacy_scheduled_custom_eventbridge_migration_deletes PASSED [ 95%]
readiness-unit-tests	Run unit tests	2026-10-03T05:42:02.9149256Z tests/unit/test_terraform_plan_safety.py::test_allows_exact_legacy_broker_oauth_split_secret_migration_deletes PASSED [ 95%]
readiness-unit-tests	Run unit tests	2026-10-03T05:42:02.9159109Z tests/unit/test_terraform_plan_safety.py::test_legacy_broker_oauth_secret_exception_blocks_replacement_and_unrelated_deletes PASSED [ 95%]
readiness-unit-tests	Run unit tests	2026-10-03T05:42:02.9168455Z tests/unit/test_terraform_plan_safety.py::test_allows_exact_cloudwatch_alarm_subscription_recipient_replacement PASSED [ 95%]
readiness-unit-tests	Run unit tests	2026-10-03T05:42:02.9177890Z tests/unit/test_terraform_plan_safety.py::test_allows_only_exact_dev_fargate_ec2_capacity_removals PASSED [ 95%]
readiness-unit-tests	Run unit tests	2026-10-03T05:42:02.9187739Z tests/unit/test_terraform_plan_safety.py::test_allows_only_exact_dev_nat_removals_when_environment_is_dev PASSED [ 95%]
readiness-unit-tests	Run unit tests	2026-10-03T05:42:02.9197659Z tests/unit/test_terraform_plan_safety.py::test_dev_nat_allowlist_does_not_allow_replacement_or_other_network_deletes PASSED [ 95%]
readiness-unit-tests	Run unit tests	2026-10-03T05:42:02.9210820Z tests/unit/test_terraform_plan_safety.py::test_ordinary_backtest_pool_uses_twenty_without_changing_optional_tiers PASSED [ 95%]
readiness-unit-tests	Run unit tests	2026-10-03T05:42:02.9229255Z tests/unit/test_terraform_plan_safety.py::test_backtest_capacity_backend_routes_prod_fargate_without_deleting_ec2_drain_capacity PASSED [ 95%]
readiness-unit-tests	Run unit tests	2026-10-03T05:42:02.9242500Z tests/unit/test_terraform_plan_safety.py::test_listener_write_url_is_explicit_in_dev_and_safe_by_default_in_prod PASSED [ 95%]
readiness-unit-tests	Run unit tests	2026-10-03T05:42:02.9252123Z tests/unit/test_terraform_plan_safety.py::test_blocks_unrelated_iam_policy_replacement PASSED [ 95%]
readiness-unit-tests	Run unit tests	2026-10-03T05:42:02.9263190Z tests/unit/test_terraform_plan_safety.py::test_bots_table_declares_persistent_secret_cleanup_index PASSED [ 95%]
readiness-unit-tests	Run unit tests	2026-10-03T05:42:02.9274612Z tests/unit/test_terraform_plan_safety.py::test_backtest_metrics_table_does_not_declare_persistent_secret_cleanup_index PASSED [ 95%]
readiness-unit-tests	Run unit tests	2026-10-03T05:42:02.9285722Z tests/unit/test_terraform_plan_safety.py::test_lambda_policy_can_restore_pending_deletion_secrets PASSED [ 95%]
readiness-unit-tests	Run unit tests	2026-10-03T05:42:02.9297669Z tests/unit/test_terraform_plan_safety.py::test_cost_leak_cleanup_can_restore_only_cluster_runtime_secrets_without_tag_condition PASSED [ 95%]
readiness-unit-tests	Run unit tests	2026-10-03T05:42:02.9309680Z tests/unit/test_terraform_plan_safety.py::test_backtest_reclaimer_can_describe_instances_without_unsupported_tag_condition PASSED [ 95%]
readiness-unit-tests	Run unit tests	2026-10-03T05:42:02.9322295Z tests/unit/test_terraform_plan_safety.py::test_api_gateway_uses_supported_rest_timeout_window PASSED [ 95%]
readiness-unit-tests	Run unit tests	2026-10-03T05:42:02.9343476Z tests/unit/test_terraform_plan_safety.py::test_broker_oauth_provider_credentials_use_one_atomic_secret_per_provider PASSED [ 95%]
readiness-unit-tests	Run unit tests	2026-10-03T05:42:02.9356760Z tests/unit/test_terraform_plan_safety.py::test_broker_data_uses_dedicated_vault_runtime_reader_role PASSED [ 95%]
readiness-unit-tests	Run unit tests	2026-10-03T05:42:02.9370515Z tests/unit/test_terraform_plan_safety.py::test_deploy_secret_cleanup_skips_scheduled_persistent_secrets PASSED [ 96%]
readiness-unit-tests	Run unit tests	2026-10-03T05:42:02.9381215Z tests/unit/test_terraform_plan_safety.py::test_github_actions_role_cannot_delete_scheduled_persistent_secrets PASSED [ 96%]
readiness-unit-tests	Run unit tests	2026-10-03T05:42:02.9394836Z tests/unit/test_terraform_plan_safety.py::test_github_actions_oidc_allows_branch_and_environment_subjects PASSED [ 96%]
readiness-unit-tests	Run unit tests	2026-10-03T05:42:02.9408562Z tests/unit/test_terraform_plan_safety.py::test_exact_scheduled_runs_use_scheduler_and_low_cardinality_telemetry PASSED [ 96%]
readiness-unit-tests	Run unit tests	2026-10-03T05:42:02.9429736Z tests/unit/test_terraform_plan_safety.py::test_broker_token_authority_is_terraform_managed_with_isolated_role PASSED [ 96%]
readiness-unit-tests	Run unit tests	2026-10-03T05:42:02.9443578Z tests/unit/test_terraform_plan_safety.py::test_broker_token_authority_can_only_read_short_lease_and_return_encrypted_rotation PASSED [ 96%]
readiness-unit-tests	Run unit tests	2026-10-03T05:42:02.9454753Z tests/unit/test_terraform_plan_safety.py::test_runtime_task_roles_cannot_invoke_broker_token_authority PASSED [ 96%]
readiness-unit-tests	Run unit tests	2026-10-03T05:42:02.9466256Z tests/unit/test_terraform_plan_safety.py::test_dependency_builder_can_read_only_the_pinned_runtime_bundle PASSED [ 96%]
readiness-unit-tests	Run unit tests	2026-10-03T05:42:02.9478693Z tests/unit/test_terraform_plan_safety.py::test_botspot_node_invoke_permission_is_explicit_and_variable_scoped PASSED [ 96%]
readiness-unit-tests	Run unit tests	2026-10-03T05:42:02.9495425Z tests/unit/test_terraform_plan_safety.py::test_protected_promotion_route_requires_exact_active_bot_manager_lease PASSED [ 96%]
readiness-unit-tests	Run unit tests	2026-10-03T05:42:02.9502374Z tests/unit/test_terraform_plan_safety.py::test_dev_lumibot_candidate_override_is_allowlisted PASSED [ 96%]
readiness-unit-tests	Run unit tests	2026-10-03T05:42:02.9514319Z tests/unit/test_terraform_plan_safety.py::test_wheelhouse_reader_trusts_only_api_and_enabled_scheduled_launcher PASSED [ 96%]
readiness-unit-tests	Run unit tests	2026-10-03T05:42:02.9527773Z tests/unit/test_terraform_plan_safety.py::test_scheduled_launcher_uses_dedicated_scoped_lambda_role PASSED [ 96%]
readiness-unit-tests	Run unit tests	2026-10-03T05:42:02.9539004Z tests/unit/test_terraform_plan_safety.py::test_bot_manager_api_lambda_detaches_from_the_vpc_when_the_gateway_is_off PASSED [ 96%]
readiness-unit-tests	Run unit tests	2026-10-03T05:42:02.9551621Z tests/unit/test_terraform_plan_safety.py::test_bot_manager_lambda_cannot_write_node_vault_runtime_secrets PASSED [ 96%]
readiness-unit-tests	Run unit tests	2026-10-03T05:42:02.9563852Z tests/unit/test_terraform_plan_safety.py::test_bot_manager_lambda_batch_lookup_is_limited_to_bot_tables PASSED [ 96%]
readiness-unit-tests	Run unit tests	2026-10-03T05:42:02.9575331Z tests/unit/test_terraform_plan_safety.py::test_ibkr_gateway_lambda_can_tag_connector_tasks_only_at_launch PASSED [ 96%]
readiness-unit-tests	Run unit tests	2026-10-03T05:42:02.9592077Z tests/unit/test_terraform_plan_safety.py::test_single_trade_lambda_terraform_resources_are_scoped PASSED [ 96%]
readiness-unit-tests	Run unit tests	2026-10-03T05:42:02.9605540Z tests/unit/test_terraform_plan_safety.py::test_persistent_oauth_tasks_use_trusted_runtime_resolver_not_task_iam PASSED [ 97%]
readiness-unit-tests	Run unit tests	2026-10-03T05:42:02.9616590Z tests/unit/test_terraform_plan_safety.py::test_api_lambda_environment_has_release_blocking_aws_size_contract PASSED [ 97%]
readiness-unit-tests	Run unit tests	2026-10-03T05:42:02.9629870Z tests/unit/test_terraform_plan_safety.py::test_backtest_shared_cache_uses_scoped_environment_role_and_no_static_keys PASSED [ 97%]
readiness-unit-tests	Run unit tests	2026-10-03T05:42:02.9641581Z tests/unit/test_terraform_plan_safety.py::test_scheduled_custom_runtime_uses_manifest_pinned_base_image_digest PASSED [ 97%]
readiness-unit-tests	Run unit tests	2026-10-03T05:42:02.9660487Z tests/unit/test_terraform_plan_safety.py::test_portfolio_snapshot_execution_is_explicit_for_prod PASSED [ 97%]
readiness-unit-tests	Run unit tests	2026-10-03T05:42:02.9688359Z tests/unit/test_terraform_plan_safety.py::test_ibkr_shared_gateway_infrastructure_is_isolated_and_prod_gated PASSED [ 97%]
readiness-unit-tests	Run unit tests	2026-10-03T05:42:02.9700627Z tests/unit/test_terraform_plan_safety.py::test_bot_manager_node_service_key_secret_must_be_same_account PASSED [ 97%]
readiness-unit-tests	Run unit tests	2026-10-03T05:42:02.9715220Z tests/unit/test_terraform_plan_safety.py::test_container_insights_and_downloader_secret_cost_controls_are_persistent PASSED [ 97%]
readiness-unit-tests	Run unit tests	2026-10-03T05:42:02.9737572Z tests/unit/test_terraform_plan_safety.py::test_fargate_runtime_uses_public_egress_before_prod_nat_is_removed PASSED [ 97%]
readiness-unit-tests	Run unit tests	2026-10-03T05:42:02.9751218Z tests/unit/test_terraform_plan_safety.py::test_cost_controls_include_budget_alarms_and_container_insights_reenable_alert PASSED [ 97%]
readiness-unit-tests	Run unit tests	2026-10-03T05:42:02.9762761Z tests/unit/test_terraform_plan_safety.py::test_scheduled_custom_task_role_can_read_runtime_bundles PASSED [ 97%]
readiness-unit-tests	Run unit tests	2026-10-03T05:42:02.9774083Z tests/unit/test_terraform_plan_safety.py::test_single_trade_lambda_image_build_has_no_requirements_txt PASSED [ 97%]
readiness-unit-tests	Run unit tests	2026-10-03T05:42:02.9789833Z tests/unit/test_terraform_plan_safety.py::test_setup_builds_single_trade_lambda_and_waits_all_cleanup_jobs PASSED [ 97%]
readiness-unit-tests	Run unit tests	2026-10-03T05:42:02.9805206Z tests/unit/test_terraform_plan_safety.py::test_setup_stages_and_verifies_dev_nat_removal PASSED [ 97%]
readiness-unit-tests	Run unit tests	2026-10-03T05:42:02.9818856Z tests/unit/test_terraform_plan_safety.py::test_cost_control_reconciler_reports_sanitized_lambda_failure_details PASSED [ 97%]
readiness-unit-tests	Run unit tests	2026-10-03T05:42:02.9834426Z tests/unit/test_terraform_plan_safety.py::test_dev_off_returns_the_ordinary_backtest_asg_to_zero_fail_closed PASSED [ 97%]
readiness-unit-tests	Run unit tests	2026-10-03T05:42:02.9850038Z tests/unit/test_terraform_plan_safety.py::test_ci_runs_trade_integration_guards_only_in_isolated_dev PASSED [ 97%]
readiness-unit-tests	Run unit tests	2026-10-03T05:42:02.9861495Z tests/unit/test_terraform_plan_safety.py::test_production_workflow_dispatch_jobs_are_guarded_to_production_ref PASSED [ 97%]
readiness-unit-tests	Run unit tests	2026-10-03T05:42:02.9873347Z tests/unit/test_terraform_plan_safety.py::test_development_workflow_dispatch_jobs_are_guarded_to_develop_ref PASSED [ 98%]
readiness-unit-tests	Run unit tests	2026-10-03T05:42:02.9885594Z tests/unit/test_terraform_plan_safety.py::test_cloudwatch_retention_is_bounded_by_log_purpose_and_environment PASSED [ 98%]
readiness-unit-tests	Run unit tests	2026-10-03T05:42:02.9903418Z tests/unit/test_unprotect_idle_backtest_instances.py::test_stale_zero_counters_do_not_unprotect_host_with_listed_task PASSED [ 98%]
readiness-unit-tests	Run unit tests	2026-10-03T05:42:02.9921517Z tests/unit/test_unprotect_idle_backtest_instances.py::test_directly_confirmed_idle_host_can_be_unprotected PASSED [ 98%]
readiness-unit-tests	Run unit tests	2026-10-03T05:42:02.9938105Z tests/unit/test_unprotect_idle_backtest_instances.py::test_task_listing_error_fails_closed PASSED [ 98%]
readiness-unit-tests	Run unit tests	2026-10-03T05:42:02.9958697Z tests/unit/test_unprotect_idle_backtest_instances.py::test_old_protected_unregistered_instance_is_unprotected_when_cluster_is_empty PASSED [ 98%]
readiness-unit-tests	Run unit tests	2026-10-03T05:42:02.9980582Z tests/unit/test_unprotect_idle_backtest_instances.py::test_old_unregistered_instances_reduce_desired_capacity_when_ecs_metric_ignores_them PASSED [ 98%]
readiness-unit-tests	Run unit tests	2026-10-03T05:42:03.0005638Z tests/unit/test_unprotect_idle_backtest_instances.py::test_recent_unregistered_instance_stays_protected_during_registration_grace PASSED [ 98%]
readiness-unit-tests	Run unit tests	2026-10-03T05:42:03.0023621Z tests/unit/test_unprotect_idle_backtest_instances.py::test_unregistered_instance_stays_protected_while_any_backtest_task_exists PASSED [ 98%]
readiness-unit-tests	Run unit tests	2026-10-03T05:42:03.0043357Z tests/unit/test_unprotect_idle_backtest_instances.py::test_unregistered_instance_ec2_read_error_fails_closed PASSED [ 98%]
readiness-unit-tests	Run unit tests	2026-10-03T05:42:03.0060154Z tests/unit/test_unprotect_idle_backtest_instances.py::test_draining_registered_instance_does_not_count_as_mismatch PASSED [ 98%]
readiness-unit-tests	Run unit tests	2026-10-03T05:42:03.0136004Z tests/unit/test_upload_results_required_mode.py::test_storage_upload_failure_never_publishes_success_marker PASSED [ 98%]
readiness-unit-tests	Run unit tests	2026-10-03T05:42:03.0191193Z tests/unit/test_upload_results_required_mode.py::test_upload_results_fails_when_execution_evidence_families_are_missing PASSED [ 98%]
readiness-unit-tests	Run unit tests	2026-10-03T05:42:03.0222103Z tests/unit/test_upload_results_required_mode.py::test_completion_only_payload_fails_even_when_parquet_is_best_effort PASSED [ 98%]
readiness-unit-tests	Run unit tests	2026-10-03T05:42:03.0257330Z tests/unit/test_upload_results_required_mode.py::test_csv_evidence_is_successful_but_degraded_without_parquet PASSED [ 98%]
readiness-unit-tests	Run unit tests	2026-10-03T05:42:03.0292600Z tests/unit/test_upload_results_required_mode.py::test_fill_evidence_requires_a_trades_artifact PASSED [ 98%]
readiness-unit-tests	Run unit tests	2026-10-03T05:42:03.0330327Z tests/unit/test_upload_results_required_mode.py::test_empty_trades_artifact_is_not_reported_as_fill_evidence[run_trades.csv] PASSED [ 98%]
readiness-unit-tests	Run unit tests	2026-10-03T05:42:03.0368995Z tests/unit/test_upload_results_required_mode.py::test_empty_trades_artifact_is_not_reported_as_fill_evidence[run_trades.parquet] PASSED [ 98%]
readiness-unit-tests	Run unit tests	2026-10-03T05:42:03.0408136Z tests/unit/test_upload_results_required_mode.py::test_parquet_trade_rows_require_actual_fill_evidence[rows0-False] PASSED [ 99%]
readiness-unit-tests	Run unit tests	2026-10-03T05:42:03.0447504Z tests/unit/test_upload_results_required_mode.py::test_parquet_trade_rows_require_actual_fill_evidence[rows1-False] PASSED [ 99%]
readiness-unit-tests	Run unit tests	2026-10-03T05:42:03.0486154Z tests/unit/test_upload_results_required_mode.py::test_parquet_trade_rows_require_actual_fill_evidence[rows2-True] PASSED [ 99%]
readiness-unit-tests	Run unit tests	2026-10-03T05:42:03.0522346Z tests/unit/test_upload_results_required_mode.py::test_parquet_trade_events_can_establish_fill_evidence PASSED [ 99%]
readiness-unit-tests	Run unit tests	2026-10-03T05:42:03.0571385Z tests/unit/test_upload_results_required_mode.py::test_upload_results_required_mode_succeeds_when_all_required_present PASSED [ 99%]
readiness-unit-tests	Run unit tests	2026-10-03T05:42:03.0610060Z tests/unit/test_upload_results_required_mode.py::test_upload_results_packages_agent_detail_artifacts PASSED [ 99%]
readiness-unit-tests	Run unit tests	2026-10-03T05:42:03.0653352Z tests/unit/test_upload_results_required_mode.py::test_upload_results_packages_agent_runtime_cache_artifacts PASSED [ 99%]
readiness-unit-tests	Run unit tests	2026-10-03T05:42:03.0692358Z tests/unit/test_upload_results_required_mode.py::test_upload_results_embeds_safe_data_provenance_in_completion PASSED [ 99%]
readiness-unit-tests	Run unit tests	2026-10-03T05:42:03.0709837Z tests/unit/test_zip_utils.py::test_create_code_zip_repairs_json_escaped_line_breaks PASSED [ 99%]
readiness-unit-tests	Run unit tests	2026-10-03T05:42:03.0722477Z tests/unit/test_zip_utils.py::test_create_code_zip_preserves_real_python_string_escape PASSED [ 99%]
readiness-unit-tests	Run unit tests	2026-10-03T05:42:03.0733391Z tests/unit/test_zip_utils.py::test_create_code_zip_rejects_invalid_python PASSED [ 99%]
readiness-unit-tests	Run unit tests	2026-10-03T05:42:03.0743834Z tests/unit/test_zip_utils.py::test_create_code_zip_rejects_import_only_main_py PASSED [ 99%]
readiness-unit-tests	Run unit tests	2026-10-03T05:42:03.0757583Z tests/unit/test_zip_utils.py::test_validate_zip_contents_rejects_invalid_main_py PASSED [ 99%]
readiness-unit-tests	Run unit tests	2026-10-03T05:42:03.0770228Z tests/unit/test_zip_utils.py::test_validate_zip_contents_rejects_import_only_main_py PASSED [ 99%]
readiness-unit-tests	Run unit tests	2026-10-03T05:42:03.0787747Z tests/unit/test_zip_utils.py::test_validate_zip_contents_repairs_json_escaped_main_py PASSED [ 99%]
readiness-unit-tests	Run unit tests	2026-10-03T05:42:03.0806551Z tests/unit/test_zip_utils.py::test_validate_zip_contents_repairs_json_escaped_src_main_py PASSED [ 99%]
readiness-unit-tests	Run unit tests	2026-10-03T05:42:03.0819698Z tests/unit/test_zip_utils.py::test_validate_zip_contents_accepts_valid_main_py PASSED [ 99%]
readiness-unit-tests	Run unit tests	2026-10-03T05:42:03.0833259Z tests/unit/test_zip_utils.py::test_validate_zip_contents_accepts_runtime_src_main_py PASSED [ 99%]
readiness-unit-tests	Run unit tests	2026-10-03T05:42:03.7097180Z tests/unit/test_zip_utils.py::test_validate_zip_contents_rejects_nested_main_py_runtime_will_not_execute PASSED [100%]
readiness-unit-tests	Run unit tests	2026-10-03T05:42:03.7098789Z 
readiness-unit-tests	Run unit tests	2026-10-03T05:42:03.7100173Z =============================== warnings summary ===============================
readiness-unit-tests	Run unit tests	2026-10-03T05:42:03.7101369Z tests/unit/test_export_serializable.py::test_export_bots_redacts_s3_text_content_and_metadata
readiness-unit-tests	Run unit tests	2026-10-03T05:42:03.7102544Z tests/unit/test_export_serializable.py::test_export_bots_redacts_sensitive_exception_text
readiness-unit-tests	Run unit tests	2026-10-03T05:42:03.7103725Z tests/unit/test_export_serializable.py::test_export_bots_paginates_all_s3_objects_and_log_streams
readiness-unit-tests	Run unit tests	2026-10-03T05:42:03.7104940Z tests/unit/test_export_serializable.py::test_export_bots_collects_all_dynamodb_query_and_scan_pages
readiness-unit-tests	Run unit tests	2026-10-03T05:42:03.7106282Z tests/unit/test_export_serializable.py::test_export_bots_includes_live_artifacts_from_stored_location
readiness-unit-tests	Run unit tests	2026-10-03T05:42:03.7115641Z tests/unit/test_export_serializable.py::test_export_bots_records_invalid_scheduled_runtime_prefix_and_continues
readiness-unit-tests	Run unit tests	2026-10-03T05:42:03.7117950Z   /home/runner/_work/bot_manager/bot_manager/BotManager.py:13024: DeprecationWarning: datetime.datetime.utcnow() is deprecated and scheduled for removal in a future version. Use timezone-aware objects to represent datetimes in UTC: datetime.datetime.now(datetime.UTC).
readiness-unit-tests	Run unit tests	2026-10-03T05:42:03.7119828Z     end_time = datetime.utcnow()
readiness-unit-tests	Run unit tests	2026-10-03T05:42:03.7120278Z 
readiness-unit-tests	Run unit tests	2026-10-03T05:42:03.7120778Z -- Docs: https://docs.pytest.org/en/stable/how-to/capture-warnings.html
readiness-unit-tests	Run unit tests	2026-10-03T05:42:03.7121697Z ====================== 1822 passed, 6 warnings in 56.56s =======================
readiness-unit-tests	Validate release classification	﻿2026-10-03T05:42:04.2252648Z ##[group]Run python scripts/classify_release_changes.py .github/workflows/production-readiness.yml
readiness-unit-tests	Validate release classification	2026-10-03T05:42:04.2253843Z [36;1mpython scripts/classify_release_changes.py .github/workflows/production-readiness.yml[0m
readiness-unit-tests	Validate release classification	2026-10-03T05:42:04.2272157Z shell: /usr/bin/bash -e {0}
readiness-unit-tests	Validate release classification	2026-10-03T05:42:04.2272618Z env:
readiness-unit-tests	Validate release classification	2026-10-03T05:42:04.2273021Z   BLACKSMITH_RUNNER_MESSAGE_WAIT_MS: 216
readiness-unit-tests	Validate release classification	2026-10-03T05:42:04.2273539Z   BLACKSMITH_RUNNER_ACQUIRE_JOB_MS: 689
readiness-unit-tests	Validate release classification	2026-10-03T05:42:04.2274061Z   GITHUB_REPO_NAME: Lumiwealth/bot_manager
readiness-unit-tests	Validate release classification	2026-10-03T05:42:04.2274687Z   pythonLocation: /opt/hostedtoolcache/Python/3.13.16/arm64
readiness-unit-tests	Validate release classification	2026-10-03T05:42:04.2275416Z   PKG_CONFIG_PATH: /opt/hostedtoolcache/Python/3.13.16/arm64/lib/pkgconfig
readiness-unit-tests	Validate release classification	2026-10-03T05:42:04.2276253Z   Python_ROOT_DIR: /opt/hostedtoolcache/Python/3.13.16/arm64
readiness-unit-tests	Validate release classification	2026-10-03T05:42:04.2276940Z   Python2_ROOT_DIR: /opt/hostedtoolcache/Python/3.13.16/arm64
readiness-unit-tests	Validate release classification	2026-10-03T05:42:04.2277615Z   Python3_ROOT_DIR: /opt/hostedtoolcache/Python/3.13.16/arm64
readiness-unit-tests	Validate release classification	2026-10-03T05:42:04.2278300Z   LD_LIBRARY_PATH: /opt/hostedtoolcache/Python/3.13.16/arm64/lib
readiness-unit-tests	Validate release classification	2026-10-03T05:42:04.2279010Z   UV_CACHE_DIR: /home/runner/_work/_temp/setup-uv-cache
readiness-unit-tests	Validate release classification	2026-10-03T05:42:04.2279555Z ##[endgroup]
readiness-unit-tests	Validate release classification	2026-10-03T05:42:04.2645643Z {"backtest_image": true, "base_image": true, "force_all": true, "lambda_assets": true, "runtime_bundle": true, "single_trade_lambda_image": true, "snapshot": false, "terraform": true}
readiness-unit-tests	Post Install UV	﻿2026-10-03T05:42:04.2828117Z Post job cleanup.
readiness-unit-tests	Post Install UV	2026-10-03T05:42:04.4247017Z Pruning cache...
readiness-unit-tests	Post Install UV	2026-10-03T05:42:04.4265929Z (node:4128) [DEP0040] DeprecationWarning: The `punycode` module is deprecated. Please use a userland alternative instead.
readiness-unit-tests	Post Install UV	2026-10-03T05:42:04.4268155Z (Use `node --trace-deprecation ...` to show where the warning was created)
readiness-unit-tests	Post Install UV	2026-10-03T05:42:04.5101215Z Saving cache path: /home/runner/_work/_temp/setup-uv-cache
readiness-unit-tests	Post Install UV	2026-10-03T05:42:04.5268261Z [command]/usr/bin/tar --posix -cf cache.tzst --exclude cache.tzst -P -C /home/runner/_work/bot_manager/bot_manager --files-from manifest.txt --use-compress-program zstdmt
readiness-unit-tests	Post Install UV	2026-10-03T05:42:04.6011326Z ##[warning]Failed to save: <h2>Our services aren't available right now</h2><p>We're working to restore all services as soon as possible. Please check back soon.</p>0rJXAagAAAAB5aDAh/20ES5XDNg1J+iu6UEhYMzFFREdFMDUwOABFZGdl
readiness-unit-tests	Post Install UV	2026-10-03T05:42:04.6018014Z cache saved with the key: setup-uv-1-aarch64-unknown-linux-gnu-0.11.8-b5a73c9e60b3d1f51a768b078414d58f1f3844dc53996b22f18be30091fb9ab8
readiness-unit-tests	Post Setup Python	﻿2026-10-03T05:42:04.6161464Z Post job cleanup.
readiness-unit-tests	Post Setup Python	2026-10-03T05:42:04.7716484Z (node:4151) [DEP0040] DeprecationWarning: The `punycode` module is deprecated. Please use a userland alternative instead.
readiness-unit-tests	Post Setup Python	2026-10-03T05:42:04.7718402Z (Use `node --trace-deprecation ...` to show where the warning was created)
readiness-unit-tests	Post Checkout exact candidate	﻿2026-10-03T05:42:04.7837484Z Post job cleanup.
readiness-unit-tests	Post Checkout exact candidate	2026-10-03T05:42:04.8801109Z [command]/usr/local/bin/git version
readiness-unit-tests	Post Checkout exact candidate	2026-10-03T05:42:04.8861084Z git version 2.51.2
readiness-unit-tests	Post Checkout exact candidate	2026-10-03T05:42:04.8909827Z Temporarily overriding HOME='/home/runner/_work/_temp/173926c4-41b1-456d-9c34-c045450eb4e7' before making global git config changes
readiness-unit-tests	Post Checkout exact candidate	2026-10-03T05:42:04.8914876Z Adding repository directory to the temporary git global config as a safe directory
readiness-unit-tests	Post Checkout exact candidate	2026-10-03T05:42:04.8917204Z [command]/usr/local/bin/git config --global --add safe.directory /home/runner/_work/bot_manager/bot_manager
readiness-unit-tests	Post Checkout exact candidate	2026-10-03T05:42:04.8976877Z [command]/usr/local/bin/git config --local --name-only --get-regexp core\.sshCommand
readiness-unit-tests	Post Checkout exact candidate	2026-10-03T05:42:04.9033151Z [command]/usr/local/bin/git submodule foreach --recursive sh -c "git config --local --name-only --get-regexp 'core\.sshCommand' && git config --local --unset-all 'core.sshCommand' || :"
readiness-unit-tests	Post Checkout exact candidate	2026-10-03T05:42:04.9247193Z [command]/usr/local/bin/git config --local --name-only --get-regexp http\.https\:\/\/github\.com\/\.extraheader
readiness-unit-tests	Post Checkout exact candidate	2026-10-03T05:42:04.9300079Z [command]/usr/local/bin/git submodule foreach --recursive sh -c "git config --local --name-only --get-regexp 'http\.https\:\/\/github\.com\/\.extraheader' && git config --local --unset-all 'http.https://github.com/.extraheader' || :"
readiness-unit-tests	Post Checkout exact candidate	2026-10-03T05:42:04.9500468Z [command]/usr/local/bin/git config --local --name-only --get-regexp ^includeIf\.gitdir:
readiness-unit-tests	Post Checkout exact candidate	2026-10-03T05:42:04.9542044Z [command]/usr/local/bin/git submodule foreach --recursive git config --local --show-origin --name-only --get-regexp remote.origin.url
readiness-unit-tests	Complete runner	﻿2026-10-03T05:42:04.9877088Z A job completed hook has been configured by the self-hosted runner administrator
readiness-unit-tests	Complete runner	2026-10-03T05:42:04.9914441Z ##[group]Run '/job_completed.sh'
readiness-unit-tests	Complete runner	2026-10-03T05:42:04.9930282Z shell: /usr/bin/bash --noprofile --norc -e -o pipefail {0}
readiness-unit-tests	Complete runner	2026-10-03T05:42:04.9930897Z env:
readiness-unit-tests	Complete runner	2026-10-03T05:42:04.9931305Z   BLACKSMITH_RUNNER_MESSAGE_WAIT_MS: 216
readiness-unit-tests	Complete runner	2026-10-03T05:42:04.9931832Z   BLACKSMITH_RUNNER_ACQUIRE_JOB_MS: 689
readiness-unit-tests	Complete runner	2026-10-03T05:42:04.9932340Z   BLACKSMITH_CHECK_RUN_ID: 111139159318
readiness-unit-tests	Complete runner	2026-10-03T05:42:04.9932905Z   BLACKSMITH_JOB_DISPLAY_NAME: readiness-unit-tests
readiness-unit-tests	Complete runner	2026-10-03T05:42:04.9933471Z   GITHUB_ACTIONS_CACHE_MODE: write
readiness-unit-tests	Complete runner	2026-10-03T05:42:04.9933932Z ##[endgroup]
readiness-unit-tests	Complete runner	2026-10-03T05:42:05.0189284Z Docker container cache not activated, skipping hash computation.
readiness-unit-tests	Complete runner	2026-10-03T05:42:05.0600766Z No active SSH sessions detected. Proceeding with shutdown immediately.
readiness-unit-tests	Complete job	﻿2026-10-03T05:42:05.0700889Z Cleaning up orphan processes
readiness-unit-tests	Complete job	2026-10-03T05:42:05.1477154Z ##[warning]Node.js 20 is deprecated. The following actions target Node.js 20 but are being forced to run on Node.js 24: actions/checkout@34e114876b0b11c390a56381ad16ebd13914f8d5, actions/setup-python@a26af69be951a213d495a4c3e4e4022e16d87065, astral-sh/setup-uv@caf0cab7a618c569241d31dcd442f54681755d39. For more information see: https://github.blog/changelog/2025-09-19-deprecation-of-node-20-on-github-actions-runners/
production-readiness	Set up job	﻿2026-10-03T05:42:11.4266471Z Current runner version: '2.337.0'
production-readiness	Set up job	2026-10-03T05:42:11.4290510Z ##[group]Runner Image Provisioner
production-readiness	Set up job	2026-10-03T05:42:11.4291277Z Hosted Compute Agent
production-readiness	Set up job	2026-10-03T05:42:11.4291833Z Version: 20260901.588
production-readiness	Set up job	2026-10-03T05:42:11.4292366Z Commit: f88ec8081b781fac6c440065ac7ff9e710ce3d0b
production-readiness	Set up job	2026-10-03T05:42:11.4293008Z Build Date: 2026-09-01T19:56:44Z
production-readiness	Set up job	2026-10-03T05:42:11.4293632Z Worker ID: {94775fb6-b119-40be-8783-e702ff3fb960}
production-readiness	Set up job	2026-10-03T05:42:11.4294264Z Azure Region: westus2
production-readiness	Set up job	2026-10-03T05:42:11.4295057Z ##[endgroup]
production-readiness	Set up job	2026-10-03T05:42:11.4296538Z ##[group]Operating System
production-readiness	Set up job	2026-10-03T05:42:11.4297061Z Ubuntu
production-readiness	Set up job	2026-10-03T05:42:11.4297560Z 24.04.5
production-readiness	Set up job	2026-10-03T05:42:11.4298018Z LTS
production-readiness	Set up job	2026-10-03T05:42:11.4298432Z ##[endgroup]
production-readiness	Set up job	2026-10-03T05:42:11.4298947Z ##[group]Runner Image
production-readiness	Set up job	2026-10-03T05:42:11.4299462Z Image: ubuntu-24.04
production-readiness	Set up job	2026-10-03T05:42:11.4300018Z Version: 20260927.320.1
production-readiness	Set up job	2026-10-03T05:42:11.4300907Z Included Software: https://github.com/actions/runner-images/blob/ubuntu24/20260927.320/images/ubuntu/Ubuntu2404-Readme.md
production-readiness	Set up job	2026-10-03T05:42:11.4302445Z Image Release: https://github.com/actions/runner-images/releases/tag/ubuntu24%2F20260927.320
production-readiness	Set up job	2026-10-03T05:42:11.4303326Z ##[endgroup]
production-readiness	Set up job	2026-10-03T05:42:11.4304348Z ##[group]GITHUB_TOKEN Permissions
production-readiness	Set up job	2026-10-03T05:42:11.4306491Z Contents: read
production-readiness	Set up job	2026-10-03T05:42:11.4307134Z Metadata: read
production-readiness	Set up job	2026-10-03T05:42:11.4307586Z ##[endgroup]
production-readiness	Set up job	2026-10-03T05:42:11.4309396Z Secret source: Actions
production-readiness	Set up job	2026-10-03T05:42:11.4310323Z Cache mode: write
production-readiness	Set up job	2026-10-03T05:42:11.4311088Z Prepare workflow directory
production-readiness	Set up job	2026-10-03T05:42:11.4597814Z Prepare all required actions
production-readiness	Set up job	2026-10-03T05:42:11.4687332Z Complete job name: production-readiness
production-readiness	Publish qualification result	﻿2026-10-03T05:42:11.5439292Z ##[group]Run set -euo pipefail
production-readiness	Publish qualification result	2026-10-03T05:42:11.5439952Z [36;1mset -euo pipefail[0m
production-readiness	Publish qualification result	2026-10-03T05:42:11.5440653Z [36;1mif [[ "$GITHUB_EVENT_NAME" == "pull_request" ]]; then[0m
production-readiness	Publish qualification result	2026-10-03T05:42:11.5441499Z [36;1m  if [[ "$GITHUB_BASE_REF" != "production" || "$GITHUB_HEAD_REF" != "develop" ]]; then[0m
production-readiness	Publish qualification result	2026-10-03T05:42:11.5442591Z [36;1m    echo "Production readiness PRs must promote develop to production." >&2[0m
production-readiness	Publish qualification result	2026-10-03T05:42:11.5443440Z [36;1m    exit 1[0m
production-readiness	Publish qualification result	2026-10-03T05:42:11.5443884Z [36;1m  fi[0m
production-readiness	Publish qualification result	2026-10-03T05:42:11.5444410Z [36;1melif [[ "$GITHUB_REF" != "refs/heads/develop" ]]; then[0m
production-readiness	Publish qualification result	2026-10-03T05:42:11.5445564Z [36;1m  echo "Manual production readiness must run on develop, not $GITHUB_REF." >&2[0m
production-readiness	Publish qualification result	2026-10-03T05:42:11.5446421Z [36;1m  exit 1[0m
production-readiness	Publish qualification result	2026-10-03T05:42:11.5446951Z [36;1mfi[0m
production-readiness	Publish qualification result	2026-10-03T05:42:11.5447708Z [36;1mif [[ "$QUALITY_RESULT" != "success" || "$UNIT_RESULT" != "success" || "$TERRAFORM_RESULT" != "success" ]]; then[0m
production-readiness	Publish qualification result	2026-10-03T05:42:11.5448953Z [36;1m  echo "Bot Manager readiness failed: quality=$QUALITY_RESULT unit=$UNIT_RESULT terraform=$TERRAFORM_RESULT" >&2[0m
production-readiness	Publish qualification result	2026-10-03T05:42:11.5450085Z [36;1m  exit 1[0m
production-readiness	Publish qualification result	2026-10-03T05:42:11.5450556Z [36;1mfi[0m
production-readiness	Publish qualification result	2026-10-03T05:42:11.5451571Z [36;1mecho "Bot Manager production readiness passed for $GITHUB_SHA. No artifact was published and no deployment or Terraform apply ran."[0m
production-readiness	Publish qualification result	2026-10-03T05:42:11.6694113Z shell: /usr/bin/bash -e {0}
production-readiness	Publish qualification result	2026-10-03T05:42:11.6694924Z env:
production-readiness	Publish qualification result	2026-10-03T05:42:11.6695383Z   QUALITY_RESULT: success
production-readiness	Publish qualification result	2026-10-03T05:42:11.6695744Z   UNIT_RESULT: success
production-readiness	Publish qualification result	2026-10-03T05:42:11.6696073Z   TERRAFORM_RESULT: success
production-readiness	Publish qualification result	2026-10-03T05:42:11.6696445Z ##[endgroup]
production-readiness	Publish qualification result	2026-10-03T05:42:11.6860646Z Bot Manager production readiness passed for 330bd1095c61852b4c7534a79ff387b2f6d9bed3. No artifact was published and no deployment or Terraform apply ran.
production-readiness	Complete job	﻿2026-10-03T05:42:11.6956787Z Cleaning up orphan processes
