2026-10-03T05:57:48.3373315Z Current runner version: '2.337.0'
2026-10-03T05:57:48.3383028Z Runner name: 'blacksmith-2vcpu-ubuntu-2404-arm-Runner-785c1048a4'
2026-10-03T05:57:48.3385070Z Runner group name: 'blacksmith scale sets - blacksmith-2vcpu-ubuntu-2404-arm'
2026-10-03T05:57:48.3386925Z Machine name: 'ip-172-31-74-117'
2026-10-03T05:57:48.3390997Z ##[group]GITHUB_TOKEN Permissions
2026-10-03T05:57:48.3394251Z Contents: read
2026-10-03T05:57:48.3395171Z Metadata: read
2026-10-03T05:57:48.3396223Z ##[endgroup]
2026-10-03T05:57:48.3399407Z Secret source: Actions
2026-10-03T05:57:48.3400845Z Cache mode: write
2026-10-03T05:57:48.3402301Z Prepare workflow directory
2026-10-03T05:57:48.4220512Z Prepare all required actions
2026-10-03T05:57:48.4299018Z Getting action download info
2026-10-03T05:57:50.0994202Z Download action repository 'actions/checkout@34e114876b0b11c390a56381ad16ebd13914f8d5' (SHA:34e114876b0b11c390a56381ad16ebd13914f8d5)
2026-10-03T05:57:50.7311835Z Download action repository 'aws-actions/configure-aws-credentials@7474bc4690e29a8392af63c5b98e7449536d5c3a' (SHA:7474bc4690e29a8392af63c5b98e7449536d5c3a)
2026-10-03T05:57:51.3849746Z Download action repository 'actions/setup-python@a26af69be951a213d495a4c3e4e4022e16d87065' (SHA:a26af69be951a213d495a4c3e4e4022e16d87065)
2026-10-03T05:57:51.4704528Z Download action repository 'actions/cache@0057852bfaa89a56745cba8c7296529d2fc39830' (SHA:0057852bfaa89a56745cba8c7296529d2fc39830)
2026-10-03T05:57:51.5884802Z Download action repository 'astral-sh/setup-uv@caf0cab7a618c569241d31dcd442f54681755d39' (SHA:caf0cab7a618c569241d31dcd442f54681755d39)
2026-10-03T05:57:52.2250663Z Download action repository 'hashicorp/setup-terraform@633666f66e0061ca3b725c73b2ec20cd13a8fdd1' (SHA:633666f66e0061ca3b725c73b2ec20cd13a8fdd1)
2026-10-03T05:57:52.9759412Z Setting BLACKSMITH_ACTIONS_RESULTS_URL to https://results-receiver.actions.githubusercontent.com/
2026-10-03T05:57:52.9866399Z Complete job name: Deploy to Production
2026-10-03T05:57:53.0719487Z A job started hook has been configured by the self-hosted runner administrator
2026-10-03T05:57:53.1018449Z ##[group]Run '/setup.sh'
2026-10-03T05:57:53.1053862Z shell: /usr/bin/bash --noprofile --norc -e -o pipefail {0}
2026-10-03T05:57:53.1054884Z env:
2026-10-03T05:57:53.1055273Z   BLACKSMITH_RUNNER_MESSAGE_WAIT_MS: 229
2026-10-03T05:57:53.1055776Z   BLACKSMITH_RUNNER_ACQUIRE_JOB_MS: 1100
2026-10-03T05:57:53.1056272Z   BLACKSMITH_CHECK_RUN_ID: 111141744002
2026-10-03T05:57:53.1056800Z   BLACKSMITH_JOB_DISPLAY_NAME: Deploy to Production
2026-10-03T05:57:53.1057332Z   GITHUB_ACTIONS_CACHE_MODE: write
2026-10-03T05:57:53.1057751Z ##[endgroup]
2026-10-03T05:57:53.1742833Z Logging daemon started (blacksmithd for logs)
2026-10-03T05:57:53.1934400Z Results daemon started (blacksmithd for results)
2026-10-03T05:57:53.2184708Z Background adoption and SSH setup started (PID: 3217)
2026-10-03T05:57:53.2285178Z 
2026-10-03T05:57:53.2297710Z ----------------------------------------
2026-10-03T05:57:53.2318307Z View this job: https://app.blacksmith.sh/Lumiwealth/runs/37101252446/jobs/111141744002
2026-10-03T05:57:53.2339922Z SSH Access (using your GitHub SSH key):
2026-10-03T05:57:53.2341202Z   ssh -p 64000 runner@blacksmith-2vcpu-ubuntu-2404-arm-runner-785c1048a4.vm.blacksmith.sh
2026-10-03T05:57:53.2342098Z 
2026-10-03T05:57:53.2342480Z No GitHub SSH key? Add one at:
2026-10-03T05:57:53.2343565Z https://docs.github.com/en/authentication/connecting-to-github-with-ssh/adding-a-new-ssh-key-to-your-github-account
2026-10-03T05:57:53.2344581Z 
2026-10-03T05:57:53.2344973Z ----------------------------------------
2026-10-03T05:57:53.2345537Z 
2026-10-03T05:57:53.2346008Z VM ID: blacksmith-2vcpu-ubuntu-2404-arm-Runner-785c1048a4
2026-10-03T05:57:53.2346825Z Host: production-192.240.237.97-aarch64
2026-10-03T05:57:53.2347659Z Host Agent PID: 323595
2026-10-03T05:57:53.2348304Z Host Agent Git SHA: e97f83469
2026-10-03T05:57:53.2349041Z Host CPU Manufacturer: ARM
2026-10-03T05:57:53.2349756Z Blacksmith Host Generation: gen 1
2026-10-03T05:57:53.2350553Z Petname: production-known-sparrow-efc1f180-arm
2026-10-03T05:57:53.2364041Z Region: us-west
2026-10-03T05:57:53.2365165Z Rootfs Version: ubuntu24-full-aarch64-110625
2026-10-03T05:57:53.2390508Z OS Version: Ubuntu 24.04.3 LTS
2026-10-03T05:57:53.2391517Z 
2026-10-03T05:57:53.2392636Z Enabling Blacksmith transparent cache
2026-10-03T05:57:53.3004427Z ##[group]Run actions/checkout@34e114876b0b11c390a56381ad16ebd13914f8d5
2026-10-03T05:57:53.3005148Z with:
2026-10-03T05:57:53.3005731Z   fetch-depth: 2
2026-10-03T05:57:53.3006150Z   persist-credentials: false
2026-10-03T05:57:53.3006617Z   repository: Lumiwealth/bot_manager
2026-10-03T05:57:53.3010666Z   token: ***
2026-10-03T05:57:53.3011175Z   ssh-strict: true
2026-10-03T05:57:53.3011546Z   ssh-user: git
2026-10-03T05:57:53.3011913Z   clean: true
2026-10-03T05:57:53.3012300Z   sparse-checkout-cone-mode: true
2026-10-03T05:57:53.3012762Z   fetch-tags: false
2026-10-03T05:57:53.3013150Z   show-progress: true
2026-10-03T05:57:53.3013539Z   lfs: false
2026-10-03T05:57:53.3013899Z   submodules: false
2026-10-03T05:57:53.3014320Z   set-safe-directory: true
2026-10-03T05:57:53.3014730Z env:
2026-10-03T05:57:53.3015069Z   ENVIRONMENT: prod
2026-10-03T05:57:53.3015458Z   AWS_REGION: us-east-1
2026-10-03T05:57:53.3015867Z   PYTHON_VERSION: 3.13
2026-10-03T05:57:53.3016319Z   LUMIBOT_VERSION: 4.6.4
2026-10-03T05:57:53.3016742Z   SKIP_BASE_IMAGE: false
2026-10-03T05:57:53.3017160Z   SKIP_BACKTEST_IMAGE: false
2026-10-03T05:57:53.3017604Z   SKIP_BOOTSTRAP_IMAGE: true
2026-10-03T05:57:53.3018056Z   SKIP_SINGLE_TRADE_LAMBDA_IMAGE: false
2026-10-03T05:57:53.3018545Z   RUN_POST_DEPLOY_CLEANUP: false
2026-10-03T05:57:53.3020312Z   LEGACY_BUILD_IN_DEPLOY: false
2026-10-03T05:57:53.3021509Z   RELEASE_MANIFEST_S3_URI: s3://bot-manager-tf-state/prod/releases/13edd12075d7-37101252446-1-promoted/release-manifest.json
2026-10-03T05:57:53.3022447Z   FORCE_NEW_LAMBDA_LAYER: false
2026-10-03T05:57:53.3022889Z   SNAPSHOTS_TO_KEEP: 1
2026-10-03T05:57:53.3023301Z   SKIP_UNIT_TESTS: true
2026-10-03T05:57:53.3023727Z   SKIP_INTEGRATION_TESTS: true
2026-10-03T05:57:53.3024191Z   RUN_INTEGRATION_TESTS: 0
2026-10-03T05:57:53.3024625Z   SKIP_DATA_VOLUME_SNAPSHOT: true
2026-10-03T05:57:53.3025286Z   SES_RECIPIENT_EMAILS: ***
2026-10-03T05:57:53.3025941Z   PROD_API_KEY: ***
2026-10-03T05:57:53.3026432Z   TEST_PROD_URL: https://botspotapp.com/prod/api
2026-10-03T05:57:53.3026962Z   PROD_NEXT_API_KEY: 
2026-10-03T05:57:53.3027373Z   PROD_NEXT_API_KEY_EXPIRES_AT: 
2026-10-03T05:57:53.3027911Z   TF_VAR_botspot_node_base_url: https://api.botspot.trade
2026-10-03T05:57:53.3028501Z   TF_VAR_vault_aws_account_id: 934654686064
2026-10-03T05:57:53.3029025Z   TF_VAR_vault_compatibility_account_ids: []
2026-10-03T05:57:53.3029714Z   TF_VAR_listener_write_url: https://listener.lumiwealth.com/portfolio_events
2026-10-03T05:57:53.3030405Z   TF_VAR_bot_manager_node_api_key: 
2026-10-03T05:57:53.3031500Z   TF_VAR_bot_manager_node_api_key_secret_arn: arn:aws:secretsmanager:us-east-1:412381755468:secret:prod-bot-manager-node-api-key-runtime-zLxvXs
2026-10-03T05:57:53.3032544Z   TF_VAR_backtest_capacity_type: FARGATE
2026-10-03T05:57:53.3033379Z   TF_VAR_botspot_node_token_authority_invoker_principal_arn: arn:aws:iam::571698181033:role/botspot-prod-task-role
2026-10-03T05:57:53.3034253Z   TF_VAR_broker_token_authority_mode: lease
2026-10-03T05:57:53.3034821Z   TF_VAR_portfolio_snapshot_execution_enabled: true
2026-10-03T05:57:53.3035388Z   TF_VAR_ibkr_shared_gateway_enabled: false
2026-10-03T05:57:53.3035927Z   TF_VAR_ibkr_shared_gateway_signing_secret_arn: 
2026-10-03T05:57:53.3036536Z   TF_VAR_ibkr_shared_gateway_tls_ca_certificate_secret_arn: 
2026-10-03T05:57:53.3037193Z   TF_VAR_ibkr_shared_gateway_tls_ca_private_key_secret_arn: 
2026-10-03T05:57:53.3037858Z   TF_VAR_ibkr_shared_gateway_prod_security_approved: false
2026-10-03T05:57:53.3039055Z   TF_VAR_ibkr_shared_gateway_prod_compliance_approved: false
2026-10-03T05:57:53.3039727Z   TF_VAR_ibkr_shared_gateway_prod_oauth_approved: false
2026-10-03T05:57:53.3040314Z   TF_VAR_scheduled_custom_bots_enabled: true
2026-10-03T05:57:53.3041440Z   TF_VAR_scheduled_custom_prod_isolation_approved: true
2026-10-03T05:57:53.3042068Z   TF_VAR_scheduled_custom_prod_residency_approved: true
2026-10-03T05:57:53.3042666Z   TF_VAR_scheduled_custom_prod_cost_approved: true
2026-10-03T05:57:53.3043565Z   TF_VAR_scheduled_custom_prod_compliance_approved: true
2026-10-03T05:57:53.3044247Z   BOTSPOT_NODE_BASE_URL: https://api.botspot.trade
2026-10-03T05:57:53.3045285Z   BOT_MANAGER_NODE_API_KEY_SECRET_ARN: arn:aws:secretsmanager:us-east-1:412381755468:secret:prod-bot-manager-node-api-key-runtime-zLxvXs
2026-10-03T05:57:53.3046646Z   BOT_MANAGER_SCOPE_API_KEY: ***
2026-10-03T05:57:53.3051347Z   BROKER_TOKEN_AUTHORITY_SCHWAB_APP_KEY: ***
2026-10-03T05:57:53.3052257Z   BROKER_TOKEN_AUTHORITY_SCHWAB_APP_SECRET: ***
2026-10-03T05:57:53.3053068Z   BROKER_TOKEN_AUTHORITY_TRADIER_OAUTH_CLIENT_ID: ***
2026-10-03T05:57:53.3053956Z   BROKER_TOKEN_AUTHORITY_TRADIER_OAUTH_CLIENT_SECRET: ***
2026-10-03T05:57:53.3054611Z   BROKER_TOKEN_AUTHORITY_REQUIRE_PROVIDER_SECRETS: true
2026-10-03T05:57:53.3055315Z   BROKER_TOKEN_AUTHORITY_REQUIRE_TRADIER_PROVIDER_SECRETS: false
2026-10-03T05:57:53.3055956Z   SES_SENDER_EMAIL: ***
2026-10-03T05:57:53.3056547Z   DATADOWNLOADER_BASE_URL: http://data-downloader.lumiwealth.com:8080
2026-10-03T05:57:53.3058531Z   DATADOWNLOADER_API_KEY: ***
2026-10-03T05:57:53.3059775Z   DATADOWNLOADER_API_KEY_HEADER: X-Downloader-Key
2026-10-03T05:57:53.3060339Z   DATADOWNLOADER_SKIP_LOCAL_START: true
2026-10-03T05:57:53.3061157Z   TF_VAR_datadownloader_base_url: http://data-downloader.lumiwealth.com:8080
2026-10-03T05:57:53.3062236Z   TF_VAR_datadownloader_api_key: ***
2026-10-03T05:57:53.3062805Z   TF_VAR_datadownloader_api_key_header: X-Downloader-Key
2026-10-03T05:57:53.3063399Z   TF_VAR_datadownloader_skip_local_start: true
2026-10-03T05:57:53.3063916Z   FORCE_REBUILD_IMAGES: false
2026-10-03T05:57:53.3064372Z   BLACKSMITH_RUNNER_MESSAGE_WAIT_MS: 229
2026-10-03T05:57:53.3064950Z   BLACKSMITH_RUNNER_ACQUIRE_JOB_MS: 1100
2026-10-03T05:57:53.3065479Z   GITHUB_REPO_NAME: Lumiwealth/bot_manager
2026-10-03T05:57:53.3077828Z ##[endgroup]
2026-10-03T05:57:53.5829950Z Syncing repository: Lumiwealth/bot_manager
2026-10-03T05:57:53.5834705Z ##[group]Getting Git version info
2026-10-03T05:57:53.5836145Z Working directory is '/home/runner/_work/bot_manager/bot_manager'
2026-10-03T05:57:53.5838266Z [command]/usr/local/bin/git version
2026-10-03T05:57:53.6099155Z git version 2.51.2
2026-10-03T05:57:53.6103180Z ##[endgroup]
2026-10-03T05:57:53.6106467Z Temporarily overriding HOME='/home/runner/_work/_temp/e51a1277-df43-49e3-bbc5-8f53818680e2' before making global git config changes
2026-10-03T05:57:53.6108034Z Adding repository directory to the temporary git global config as a safe directory
2026-10-03T05:57:53.6109346Z [command]/usr/local/bin/git config --global --add safe.directory /home/runner/_work/bot_manager/bot_manager
2026-10-03T05:57:53.6161717Z Deleting the contents of '/home/runner/_work/bot_manager/bot_manager'
2026-10-03T05:57:53.6174188Z ##[group]Initializing the repository
2026-10-03T05:57:53.6181394Z [command]/usr/local/bin/git init /home/runner/_work/bot_manager/bot_manager
2026-10-03T05:57:53.6256658Z hint: Using 'master' as the name for the initial branch. This default branch name
2026-10-03T05:57:53.6276777Z hint: is subject to change. To configure the initial branch name to use in all
2026-10-03T05:57:53.6284489Z hint: of your new repositories, which will suppress this warning, call:
2026-10-03T05:57:53.6285673Z hint:
2026-10-03T05:57:53.6286497Z hint: 	git config --global init.defaultBranch <name>
2026-10-03T05:57:53.6287273Z hint:
2026-10-03T05:57:53.6287997Z hint: Names commonly chosen instead of 'master' are 'main', 'trunk' and
2026-10-03T05:57:53.6289046Z hint: 'development'. The just-created branch can be renamed via this command:
2026-10-03T05:57:53.6289933Z hint:
2026-10-03T05:57:53.6290534Z hint: 	git branch -m <name>
2026-10-03T05:57:53.6291330Z hint:
2026-10-03T05:57:53.6292118Z hint: Disable this message with "git config set advice.defaultBranchName false"
2026-10-03T05:57:53.6293449Z Initialized empty Git repository in /home/runner/_work/bot_manager/bot_manager/.git/
2026-10-03T05:57:53.6295749Z [command]/usr/local/bin/git remote add origin https://github.com/Lumiwealth/bot_manager
2026-10-03T05:57:53.6341681Z ##[endgroup]
2026-10-03T05:57:53.6343773Z ##[group]Disabling automatic garbage collection
2026-10-03T05:57:53.6348499Z [command]/usr/local/bin/git config --local gc.auto 0
2026-10-03T05:57:53.6412904Z ##[endgroup]
2026-10-03T05:57:53.6421856Z ##[group]Setting up auth
2026-10-03T05:57:53.6424925Z [command]/usr/local/bin/git config --local --name-only --get-regexp core\.sshCommand
2026-10-03T05:57:53.6480169Z [command]/usr/local/bin/git submodule foreach --recursive sh -c "git config --local --name-only --get-regexp 'core\.sshCommand' && git config --local --unset-all 'core.sshCommand' || :"
2026-10-03T05:57:53.6795825Z [command]/usr/local/bin/git config --local --name-only --get-regexp http\.https\:\/\/github\.com\/\.extraheader
2026-10-03T05:57:53.6853673Z [command]/usr/local/bin/git submodule foreach --recursive sh -c "git config --local --name-only --get-regexp 'http\.https\:\/\/github\.com\/\.extraheader' && git config --local --unset-all 'http.https://github.com/.extraheader' || :"
2026-10-03T05:57:53.7071363Z [command]/usr/local/bin/git config --local --name-only --get-regexp ^includeIf\.gitdir:
2026-10-03T05:57:53.7124708Z [command]/usr/local/bin/git submodule foreach --recursive git config --local --show-origin --name-only --get-regexp remote.origin.url
2026-10-03T05:57:53.7342959Z [command]/usr/local/bin/git config --local http.https://github.com/.extraheader AUTHORIZATION: basic ***
2026-10-03T05:57:53.7412323Z ##[endgroup]
2026-10-03T05:57:53.7419402Z ##[group]Fetching the repository
2026-10-03T05:57:53.7421433Z [command]/usr/local/bin/git -c protocol.version=2 fetch --no-tags --prune --no-recurse-submodules --depth=2 origin +13edd12075d7f95ea205323c2805439c3b944716:refs/remotes/origin/production
2026-10-03T05:57:54.9540423Z From https://github.com/Lumiwealth/bot_manager
2026-10-03T05:57:54.9548333Z  * [new ref]         13edd12075d7f95ea205323c2805439c3b944716 -> origin/production
2026-10-03T05:57:54.9609839Z ##[endgroup]
2026-10-03T05:57:54.9611086Z ##[group]Determining the checkout info
2026-10-03T05:57:54.9612471Z ##[endgroup]
2026-10-03T05:57:54.9613513Z [command]/usr/local/bin/git sparse-checkout disable
2026-10-03T05:57:54.9680496Z [command]/usr/local/bin/git config --local --unset-all extensions.worktreeConfig
2026-10-03T05:57:54.9749912Z ##[group]Checking out the ref
2026-10-03T05:57:54.9751280Z [command]/usr/local/bin/git checkout --progress --force -B production refs/remotes/origin/production
2026-10-03T05:57:55.0517950Z Switched to a new branch 'production'
2026-10-03T05:57:55.0519705Z branch 'production' set up to track 'origin/production'.
2026-10-03T05:57:55.0523161Z ##[endgroup]
2026-10-03T05:57:55.0561185Z [command]/usr/local/bin/git log -1 --format=%H
2026-10-03T05:57:55.0641398Z 13edd12075d7f95ea205323c2805439c3b944716
2026-10-03T05:57:55.0645742Z ##[group]Removing auth
2026-10-03T05:57:55.0647156Z [command]/usr/local/bin/git config --local --name-only --get-regexp core\.sshCommand
2026-10-03T05:57:55.0732560Z [command]/usr/local/bin/git submodule foreach --recursive sh -c "git config --local --name-only --get-regexp 'core\.sshCommand' && git config --local --unset-all 'core.sshCommand' || :"
2026-10-03T05:57:55.1076292Z [command]/usr/local/bin/git config --local --name-only --get-regexp http\.https\:\/\/github\.com\/\.extraheader
2026-10-03T05:57:55.1142192Z http.https://github.com/.extraheader
2026-10-03T05:57:55.1155523Z [command]/usr/local/bin/git config --local --unset-all http.https://github.com/.extraheader
2026-10-03T05:57:55.1199709Z [command]/usr/local/bin/git submodule foreach --recursive sh -c "git config --local --name-only --get-regexp 'http\.https\:\/\/github\.com\/\.extraheader' && git config --local --unset-all 'http.https://github.com/.extraheader' || :"
2026-10-03T05:57:55.1516612Z [command]/usr/local/bin/git config --local --name-only --get-regexp ^includeIf\.gitdir:
2026-10-03T05:57:55.1565121Z [command]/usr/local/bin/git submodule foreach --recursive git config --local --show-origin --name-only --get-regexp remote.origin.url
2026-10-03T05:57:55.1886867Z ##[endgroup]
2026-10-03T05:57:55.2117156Z ##[group]Run aws-actions/configure-aws-credentials@7474bc4690e29a8392af63c5b98e7449536d5c3a
2026-10-03T05:57:55.2117989Z with:
2026-10-03T05:57:55.2118837Z   role-to-assume: ***
2026-10-03T05:57:55.2119266Z   aws-region: us-east-1
2026-10-03T05:57:55.2119685Z   role-session-name: GitHubActionsCI
2026-10-03T05:57:55.2120174Z   audience: sts.amazonaws.com
2026-10-03T05:57:55.2120761Z   output-env-credentials: true
2026-10-03T05:57:55.2121191Z env:
2026-10-03T05:57:55.2121533Z   ENVIRONMENT: prod
2026-10-03T05:57:55.2121919Z   AWS_REGION: us-east-1
2026-10-03T05:57:55.2122316Z   PYTHON_VERSION: 3.13
2026-10-03T05:57:55.2122712Z   LUMIBOT_VERSION: 4.6.4
2026-10-03T05:57:55.2123128Z   SKIP_BASE_IMAGE: false
2026-10-03T05:57:55.2123539Z   SKIP_BACKTEST_IMAGE: false
2026-10-03T05:57:55.2131854Z   SKIP_BOOTSTRAP_IMAGE: true
2026-10-03T05:57:55.2132484Z   SKIP_SINGLE_TRADE_LAMBDA_IMAGE: false
2026-10-03T05:57:55.2133006Z   RUN_POST_DEPLOY_CLEANUP: false
2026-10-03T05:57:55.2133502Z   LEGACY_BUILD_IN_DEPLOY: false
2026-10-03T05:57:55.2134383Z   RELEASE_MANIFEST_S3_URI: s3://bot-manager-tf-state/prod/releases/13edd12075d7-37101252446-1-promoted/release-manifest.json
2026-10-03T05:57:55.2135301Z   FORCE_NEW_LAMBDA_LAYER: false
2026-10-03T05:57:55.2135734Z   SNAPSHOTS_TO_KEEP: 1
2026-10-03T05:57:55.2136127Z   SKIP_UNIT_TESTS: true
2026-10-03T05:57:55.2136529Z   SKIP_INTEGRATION_TESTS: true
2026-10-03T05:57:55.2136964Z   RUN_INTEGRATION_TESTS: 0
2026-10-03T05:57:55.2137390Z   SKIP_DATA_VOLUME_SNAPSHOT: true
2026-10-03T05:57:55.2138019Z   SES_RECIPIENT_EMAILS: ***
2026-10-03T05:57:55.2138643Z   PROD_API_KEY: ***
2026-10-03T05:57:55.2139293Z   TEST_PROD_URL: https://botspotapp.com/prod/api
2026-10-03T05:57:55.2139817Z   PROD_NEXT_API_KEY: 
2026-10-03T05:57:55.2140216Z   PROD_NEXT_API_KEY_EXPIRES_AT: 
2026-10-03T05:57:55.2140872Z   TF_VAR_botspot_node_base_url: https://api.botspot.trade
2026-10-03T05:57:55.2141449Z   TF_VAR_vault_aws_account_id: 934654686064
2026-10-03T05:57:55.2141993Z   TF_VAR_vault_compatibility_account_ids: []
2026-10-03T05:57:55.2142669Z   TF_VAR_listener_write_url: https://listener.lumiwealth.com/portfolio_events
2026-10-03T05:57:55.2143344Z   TF_VAR_bot_manager_node_api_key: 
2026-10-03T05:57:55.2144317Z   TF_VAR_bot_manager_node_api_key_secret_arn: arn:aws:secretsmanager:us-east-1:412381755468:secret:prod-bot-manager-node-api-key-runtime-zLxvXs
2026-10-03T05:57:55.2145343Z   TF_VAR_backtest_capacity_type: FARGATE
2026-10-03T05:57:55.2146169Z   TF_VAR_botspot_node_token_authority_invoker_principal_arn: arn:aws:iam::571698181033:role/botspot-prod-task-role
2026-10-03T05:57:55.2147033Z   TF_VAR_broker_token_authority_mode: lease
2026-10-03T05:57:55.2147575Z   TF_VAR_portfolio_snapshot_execution_enabled: true
2026-10-03T05:57:55.2148121Z   TF_VAR_ibkr_shared_gateway_enabled: false
2026-10-03T05:57:55.2148650Z   TF_VAR_ibkr_shared_gateway_signing_secret_arn: 
2026-10-03T05:57:55.2149252Z   TF_VAR_ibkr_shared_gateway_tls_ca_certificate_secret_arn: 
2026-10-03T05:57:55.2150421Z   TF_VAR_ibkr_shared_gateway_tls_ca_private_key_secret_arn: 
2026-10-03T05:57:55.2151211Z   TF_VAR_ibkr_shared_gateway_prod_security_approved: false
2026-10-03T05:57:55.2151863Z   TF_VAR_ibkr_shared_gateway_prod_compliance_approved: false
2026-10-03T05:57:55.2152496Z   TF_VAR_ibkr_shared_gateway_prod_oauth_approved: false
2026-10-03T05:57:55.2153062Z   TF_VAR_scheduled_custom_bots_enabled: true
2026-10-03T05:57:55.2153624Z   TF_VAR_scheduled_custom_prod_isolation_approved: true
2026-10-03T05:57:55.2154230Z   TF_VAR_scheduled_custom_prod_residency_approved: true
2026-10-03T05:57:55.2154821Z   TF_VAR_scheduled_custom_prod_cost_approved: true
2026-10-03T05:57:55.2155416Z   TF_VAR_scheduled_custom_prod_compliance_approved: true
2026-10-03T05:57:55.2156030Z   BOTSPOT_NODE_BASE_URL: https://api.botspot.trade
2026-10-03T05:57:55.2157050Z   BOT_MANAGER_NODE_API_KEY_SECRET_ARN: arn:aws:secretsmanager:us-east-1:412381755468:secret:prod-bot-manager-node-api-key-runtime-zLxvXs
2026-10-03T05:57:55.2158666Z   BOT_MANAGER_SCOPE_API_KEY: ***
2026-10-03T05:57:55.2159361Z   BROKER_TOKEN_AUTHORITY_SCHWAB_APP_KEY: ***
2026-10-03T05:57:55.2159973Z   BROKER_TOKEN_AUTHORITY_SCHWAB_APP_SECRET: ***
2026-10-03T05:57:55.2160844Z   BROKER_TOKEN_AUTHORITY_TRADIER_OAUTH_CLIENT_ID: ***
2026-10-03T05:57:55.2161566Z   BROKER_TOKEN_AUTHORITY_TRADIER_OAUTH_CLIENT_SECRET: ***
2026-10-03T05:57:55.2162196Z   BROKER_TOKEN_AUTHORITY_REQUIRE_PROVIDER_SECRETS: true
2026-10-03T05:57:55.2162860Z   BROKER_TOKEN_AUTHORITY_REQUIRE_TRADIER_PROVIDER_SECRETS: false
2026-10-03T05:57:55.2163476Z   SES_SENDER_EMAIL: ***
2026-10-03T05:57:55.2164040Z   DATADOWNLOADER_BASE_URL: http://data-downloader.lumiwealth.com:8080
2026-10-03T05:57:55.2164961Z   DATADOWNLOADER_API_KEY: ***
2026-10-03T05:57:55.2165447Z   DATADOWNLOADER_API_KEY_HEADER: X-Downloader-Key
2026-10-03T05:57:55.2165988Z   DATADOWNLOADER_SKIP_LOCAL_START: true
2026-10-03T05:57:55.2166649Z   TF_VAR_datadownloader_base_url: http://data-downloader.lumiwealth.com:8080
2026-10-03T05:57:55.2167653Z   TF_VAR_datadownloader_api_key: ***
2026-10-03T05:57:55.2168196Z   TF_VAR_datadownloader_api_key_header: X-Downloader-Key
2026-10-03T05:57:55.2168783Z   TF_VAR_datadownloader_skip_local_start: true
2026-10-03T05:57:55.2169293Z   FORCE_REBUILD_IMAGES: false
2026-10-03T05:57:55.2169745Z   BLACKSMITH_RUNNER_MESSAGE_WAIT_MS: 229
2026-10-03T05:57:55.2170243Z   BLACKSMITH_RUNNER_ACQUIRE_JOB_MS: 1100
2026-10-03T05:57:55.2170865Z   GITHUB_REPO_NAME: Lumiwealth/bot_manager
2026-10-03T05:57:55.2171338Z ##[endgroup]
2026-10-03T05:57:55.5828895Z Assuming role with OIDC
2026-10-03T05:57:55.8025971Z Authenticated as assumedRoleId AROAWAA66HBGMB55GEAXA:GitHubActionsCI
2026-10-03T05:57:55.9114707Z ##[group]Run actions/setup-python@a26af69be951a213d495a4c3e4e4022e16d87065
2026-10-03T05:57:55.9115434Z with:
2026-10-03T05:57:55.9115803Z   python-version: 3.13
2026-10-03T05:57:55.9116236Z   check-latest: false
2026-10-03T05:57:55.9120189Z   token: ***
2026-10-03T05:57:55.9120768Z   update-environment: true
2026-10-03T05:57:55.9121223Z   allow-prereleases: false
2026-10-03T05:57:55.9121649Z   freethreaded: false
2026-10-03T05:57:55.9122038Z env:
2026-10-03T05:57:55.9122383Z   ENVIRONMENT: prod
2026-10-03T05:57:55.9122779Z   AWS_REGION: us-east-1
2026-10-03T05:57:55.9123191Z   PYTHON_VERSION: 3.13
2026-10-03T05:57:55.9123597Z   LUMIBOT_VERSION: 4.6.4
2026-10-03T05:57:55.9124019Z   SKIP_BASE_IMAGE: false
2026-10-03T05:57:55.9124443Z   SKIP_BACKTEST_IMAGE: false
2026-10-03T05:57:55.9124888Z   SKIP_BOOTSTRAP_IMAGE: true
2026-10-03T05:57:55.9125345Z   SKIP_SINGLE_TRADE_LAMBDA_IMAGE: false
2026-10-03T05:57:55.9125844Z   RUN_POST_DEPLOY_CLEANUP: false
2026-10-03T05:57:55.9126375Z   LEGACY_BUILD_IN_DEPLOY: false
2026-10-03T05:57:55.9127274Z   RELEASE_MANIFEST_S3_URI: s3://bot-manager-tf-state/prod/releases/13edd12075d7-37101252446-1-promoted/release-manifest.json
2026-10-03T05:57:55.9128210Z   FORCE_NEW_LAMBDA_LAYER: false
2026-10-03T05:57:55.9128656Z   SNAPSHOTS_TO_KEEP: 1
2026-10-03T05:57:55.9129538Z   SKIP_UNIT_TESTS: true
2026-10-03T05:57:55.9129962Z   SKIP_INTEGRATION_TESTS: true
2026-10-03T05:57:55.9130538Z   RUN_INTEGRATION_TESTS: 0
2026-10-03T05:57:55.9130997Z   SKIP_DATA_VOLUME_SNAPSHOT: true
2026-10-03T05:57:55.9131636Z   SES_RECIPIENT_EMAILS: ***
2026-10-03T05:57:55.9132307Z   PROD_API_KEY: ***
2026-10-03T05:57:55.9132764Z   TEST_PROD_URL: https://botspotapp.com/prod/api
2026-10-03T05:57:55.9133299Z   PROD_NEXT_API_KEY: 
2026-10-03T05:57:55.9133716Z   PROD_NEXT_API_KEY_EXPIRES_AT: 
2026-10-03T05:57:55.9134258Z   TF_VAR_botspot_node_base_url: https://api.botspot.trade
2026-10-03T05:57:55.9134849Z   TF_VAR_vault_aws_account_id: 934654686064
2026-10-03T05:57:55.9135397Z   TF_VAR_vault_compatibility_account_ids: []
2026-10-03T05:57:55.9136092Z   TF_VAR_listener_write_url: https://listener.lumiwealth.com/portfolio_events
2026-10-03T05:57:55.9136787Z   TF_VAR_bot_manager_node_api_key: 
2026-10-03T05:57:55.9137782Z   TF_VAR_bot_manager_node_api_key_secret_arn: arn:aws:secretsmanager:us-east-1:412381755468:secret:prod-bot-manager-node-api-key-runtime-zLxvXs
2026-10-03T05:57:55.9139178Z   TF_VAR_backtest_capacity_type: FARGATE
2026-10-03T05:57:55.9140038Z   TF_VAR_botspot_node_token_authority_invoker_principal_arn: arn:aws:iam::571698181033:role/botspot-prod-task-role
2026-10-03T05:57:55.9141032Z   TF_VAR_broker_token_authority_mode: lease
2026-10-03T05:57:55.9141596Z   TF_VAR_portfolio_snapshot_execution_enabled: true
2026-10-03T05:57:55.9142161Z   TF_VAR_ibkr_shared_gateway_enabled: false
2026-10-03T05:57:55.9142705Z   TF_VAR_ibkr_shared_gateway_signing_secret_arn: 
2026-10-03T05:57:55.9143323Z   TF_VAR_ibkr_shared_gateway_tls_ca_certificate_secret_arn: 
2026-10-03T05:57:55.9144009Z   TF_VAR_ibkr_shared_gateway_tls_ca_private_key_secret_arn: 
2026-10-03T05:57:55.9144666Z   TF_VAR_ibkr_shared_gateway_prod_security_approved: false
2026-10-03T05:57:55.9145330Z   TF_VAR_ibkr_shared_gateway_prod_compliance_approved: false
2026-10-03T05:57:55.9145983Z   TF_VAR_ibkr_shared_gateway_prod_oauth_approved: false
2026-10-03T05:57:55.9146568Z   TF_VAR_scheduled_custom_bots_enabled: true
2026-10-03T05:57:55.9147144Z   TF_VAR_scheduled_custom_prod_isolation_approved: true
2026-10-03T05:57:55.9147761Z   TF_VAR_scheduled_custom_prod_residency_approved: true
2026-10-03T05:57:55.9148368Z   TF_VAR_scheduled_custom_prod_cost_approved: true
2026-10-03T05:57:55.9148974Z   TF_VAR_scheduled_custom_prod_compliance_approved: true
2026-10-03T05:57:55.9149593Z   BOTSPOT_NODE_BASE_URL: https://api.botspot.trade
2026-10-03T05:57:55.9150732Z   BOT_MANAGER_NODE_API_KEY_SECRET_ARN: arn:aws:secretsmanager:us-east-1:412381755468:secret:prod-bot-manager-node-api-key-runtime-zLxvXs
2026-10-03T05:57:55.9152471Z   BOT_MANAGER_SCOPE_API_KEY: ***
2026-10-03T05:57:55.9153176Z   BROKER_TOKEN_AUTHORITY_SCHWAB_APP_KEY: ***
2026-10-03T05:57:55.9160983Z   BROKER_TOKEN_AUTHORITY_SCHWAB_APP_SECRET: ***
2026-10-03T05:57:55.9161758Z   BROKER_TOKEN_AUTHORITY_TRADIER_OAUTH_CLIENT_ID: ***
2026-10-03T05:57:55.9162464Z   BROKER_TOKEN_AUTHORITY_TRADIER_OAUTH_CLIENT_SECRET: ***
2026-10-03T05:57:55.9163122Z   BROKER_TOKEN_AUTHORITY_REQUIRE_PROVIDER_SECRETS: true
2026-10-03T05:57:55.9163791Z   BROKER_TOKEN_AUTHORITY_REQUIRE_TRADIER_PROVIDER_SECRETS: false
2026-10-03T05:57:55.9164420Z   SES_SENDER_EMAIL: ***
2026-10-03T05:57:55.9165002Z   DATADOWNLOADER_BASE_URL: http://data-downloader.lumiwealth.com:8080
2026-10-03T05:57:55.9165934Z   DATADOWNLOADER_API_KEY: ***
2026-10-03T05:57:55.9166437Z   DATADOWNLOADER_API_KEY_HEADER: X-Downloader-Key
2026-10-03T05:57:55.9166984Z   DATADOWNLOADER_SKIP_LOCAL_START: true
2026-10-03T05:57:55.9167654Z   TF_VAR_datadownloader_base_url: http://data-downloader.lumiwealth.com:8080
2026-10-03T05:57:55.9168659Z   TF_VAR_datadownloader_api_key: ***
2026-10-03T05:57:55.9169208Z   TF_VAR_datadownloader_api_key_header: X-Downloader-Key
2026-10-03T05:57:55.9169800Z   TF_VAR_datadownloader_skip_local_start: true
2026-10-03T05:57:55.9170317Z   FORCE_REBUILD_IMAGES: false
2026-10-03T05:57:55.9170920Z   BLACKSMITH_RUNNER_MESSAGE_WAIT_MS: 229
2026-10-03T05:57:55.9171849Z   BLACKSMITH_RUNNER_ACQUIRE_JOB_MS: 1100
2026-10-03T05:57:55.9172357Z   GITHUB_REPO_NAME: Lumiwealth/bot_manager
2026-10-03T05:57:55.9172851Z   AWS_DEFAULT_REGION: us-east-1
2026-10-03T05:57:55.9173349Z   AWS_ACCESS_KEY_ID: ***
2026-10-03T05:57:55.9173900Z   AWS_SECRET_ACCESS_KEY: ***
2026-10-03T05:57:55.9181304Z   AWS_SESSION_TOKEN: ***
2026-10-03T05:57:55.9181712Z ##[endgroup]
2026-10-03T05:57:56.0979984Z ##[group]Installed versions
2026-10-03T05:57:56.1044705Z Version 3.13 was not found in the local cache
2026-10-03T05:57:56.1142795Z (node:3635) [DEP0040] DeprecationWarning: The `punycode` module is deprecated. Please use a userland alternative instead.
2026-10-03T05:57:56.1204597Z (Use `node --trace-deprecation ...` to show where the warning was created)
2026-10-03T05:57:57.3136423Z Version 3.13 is available for downloading
2026-10-03T05:57:57.3137660Z Download from "https://github.com/actions/python-versions/releases/download/3.13.16-36805956071/python-3.13.16-linux-24.04-arm64.tar.gz"
2026-10-03T05:57:59.0705766Z Extract downloaded archive
2026-10-03T05:57:59.0861407Z [command]/usr/bin/tar xz --warning=no-unknown-keyword --overwrite -C /home/runner/_work/_temp/2fdeae3d-7fbd-4460-9224-ecaec79e2cab -f /home/runner/_work/_temp/14931c4d-60b0-4662-92c0-ac08c28f1eff
2026-10-03T05:58:01.1890725Z Execute installation script
2026-10-03T05:58:01.1988372Z Check if Python hostedtoolcache folder exist...
2026-10-03T05:58:01.1991265Z Creating Python hostedtoolcache folder...
2026-10-03T05:58:01.1995488Z Create Python 3.13.16 folder
2026-10-03T05:58:01.2006930Z Copy Python binaries to hostedtoolcache folder
2026-10-03T05:58:01.9603796Z Create additional symlinks (Required for the UsePythonVersion Azure Pipelines task and the setup-python GitHub Action)
2026-10-03T05:58:01.9701121Z Upgrading pip...
2026-10-03T05:58:03.8322469Z Collecting pip
2026-10-03T05:58:03.9114068Z Downloading pip-26.2.1-py3-none-any.whl.metadata (4.6 kB)
2026-10-03T05:58:03.9208224Z Downloading pip-26.2.1-py3-none-any.whl (1.8 MB)
2026-10-03T05:58:03.9823592Z ━━━━━━━━━━━━━━━━━━━━━━━━━━━━━━━━━━━━━━━━ 1.8/1.8 MB 77.9 MB/s  0:00:00
2026-10-03T05:58:03.9824505Z 
2026-10-03T05:58:04.0796298Z Installing collected packages: pip
2026-10-03T05:58:04.0799790Z Attempting uninstall: pip
2026-10-03T05:58:04.0827402Z Found existing installation: pip 26.2.1
2026-10-03T05:58:04.1208615Z Uninstalling pip-26.2.1:
2026-10-03T05:58:04.1265796Z Successfully uninstalled pip-26.2.1
2026-10-03T05:58:05.1150644Z Successfully installed pip-26.2.1
2026-10-03T05:58:05.2002080Z Create complete file
2026-10-03T05:58:05.2048916Z Successfully set up CPython (3.13.16)
2026-10-03T05:58:05.2051346Z ##[endgroup]
2026-10-03T05:58:05.4946698Z ##[group]Run actions/cache@0057852bfaa89a56745cba8c7296529d2fc39830
2026-10-03T05:58:05.4947385Z with:
2026-10-03T05:58:05.4952765Z   path: ~/.terraform.d/plugin-cache
terraform/.terraform

2026-10-03T05:58:05.4953689Z   key: bot-manager-terraform-43af8923aefb3ef71f1e73d80b048717aea72310c228839f022784f016763096
2026-10-03T05:58:05.4955103Z   restore-keys: bot-manager-terraform-3b17a627ab604a0654fbef4a68ceceb934f3aa73d9e5c64156708720b0f1a016
bot-manager-terraform-

2026-10-03T05:58:05.4956162Z   enableCrossOsArchive: false
2026-10-03T05:58:05.4956616Z   fail-on-cache-miss: false
2026-10-03T05:58:05.4957081Z   lookup-only: false
2026-10-03T05:58:05.4957549Z   save-always: false
2026-10-03T05:58:05.4958466Z env:
2026-10-03T05:58:05.4958944Z   ENVIRONMENT: prod
2026-10-03T05:58:05.4959345Z   AWS_REGION: us-east-1
2026-10-03T05:58:05.4959754Z   PYTHON_VERSION: 3.13
2026-10-03T05:58:05.4960167Z   LUMIBOT_VERSION: 4.6.4
2026-10-03T05:58:05.4960581Z   SKIP_BASE_IMAGE: false
2026-10-03T05:58:05.4961071Z   SKIP_BACKTEST_IMAGE: false
2026-10-03T05:58:05.4961518Z   SKIP_BOOTSTRAP_IMAGE: true
2026-10-03T05:58:05.4961974Z   SKIP_SINGLE_TRADE_LAMBDA_IMAGE: false
2026-10-03T05:58:05.4962479Z   RUN_POST_DEPLOY_CLEANUP: false
2026-10-03T05:58:05.4962935Z   LEGACY_BUILD_IN_DEPLOY: false
2026-10-03T05:58:05.4963817Z   RELEASE_MANIFEST_S3_URI: s3://bot-manager-tf-state/prod/releases/13edd12075d7-37101252446-1-promoted/release-manifest.json
2026-10-03T05:58:05.4964748Z   FORCE_NEW_LAMBDA_LAYER: false
2026-10-03T05:58:05.4965198Z   SNAPSHOTS_TO_KEEP: 1
2026-10-03T05:58:05.4965616Z   SKIP_UNIT_TESTS: true
2026-10-03T05:58:05.4966036Z   SKIP_INTEGRATION_TESTS: true
2026-10-03T05:58:05.4966479Z   RUN_INTEGRATION_TESTS: 0
2026-10-03T05:58:05.4966923Z   SKIP_DATA_VOLUME_SNAPSHOT: true
2026-10-03T05:58:05.4967624Z   SES_RECIPIENT_EMAILS: ***
2026-10-03T05:58:05.4968335Z   PROD_API_KEY: ***
2026-10-03T05:58:05.4968900Z   TEST_PROD_URL: https://botspotapp.com/prod/api
2026-10-03T05:58:05.4969436Z   PROD_NEXT_API_KEY: 
2026-10-03T05:58:05.4969848Z   PROD_NEXT_API_KEY_EXPIRES_AT: 
2026-10-03T05:58:05.4970385Z   TF_VAR_botspot_node_base_url: https://api.botspot.trade
2026-10-03T05:58:05.4970973Z   TF_VAR_vault_aws_account_id: 934654686064
2026-10-03T05:58:05.4971497Z   TF_VAR_vault_compatibility_account_ids: []
2026-10-03T05:58:05.4972184Z   TF_VAR_listener_write_url: https://listener.lumiwealth.com/portfolio_events
2026-10-03T05:58:05.4972875Z   TF_VAR_bot_manager_node_api_key: 
2026-10-03T05:58:05.4973854Z   TF_VAR_bot_manager_node_api_key_secret_arn: arn:aws:secretsmanager:us-east-1:412381755468:secret:prod-bot-manager-node-api-key-runtime-zLxvXs
2026-10-03T05:58:05.4974895Z   TF_VAR_backtest_capacity_type: FARGATE
2026-10-03T05:58:05.4975726Z   TF_VAR_botspot_node_token_authority_invoker_principal_arn: arn:aws:iam::571698181033:role/botspot-prod-task-role
2026-10-03T05:58:05.4976600Z   TF_VAR_broker_token_authority_mode: lease
2026-10-03T05:58:05.4977152Z   TF_VAR_portfolio_snapshot_execution_enabled: true
2026-10-03T05:58:05.4977719Z   TF_VAR_ibkr_shared_gateway_enabled: false
2026-10-03T05:58:05.4978260Z   TF_VAR_ibkr_shared_gateway_signing_secret_arn: 
2026-10-03T05:58:05.4979231Z   TF_VAR_ibkr_shared_gateway_tls_ca_certificate_secret_arn: 
2026-10-03T05:58:05.4979894Z   TF_VAR_ibkr_shared_gateway_tls_ca_private_key_secret_arn: 
2026-10-03T05:58:05.4980541Z   TF_VAR_ibkr_shared_gateway_prod_security_approved: false
2026-10-03T05:58:05.4981198Z   TF_VAR_ibkr_shared_gateway_prod_compliance_approved: false
2026-10-03T05:58:05.4981835Z   TF_VAR_ibkr_shared_gateway_prod_oauth_approved: false
2026-10-03T05:58:05.4982419Z   TF_VAR_scheduled_custom_bots_enabled: true
2026-10-03T05:58:05.4982998Z   TF_VAR_scheduled_custom_prod_isolation_approved: true
2026-10-03T05:58:05.4999474Z   TF_VAR_scheduled_custom_prod_residency_approved: true
2026-10-03T05:58:05.5000098Z   TF_VAR_scheduled_custom_prod_cost_approved: true
2026-10-03T05:58:05.5000694Z   TF_VAR_scheduled_custom_prod_compliance_approved: true
2026-10-03T05:58:05.5001867Z   BOTSPOT_NODE_BASE_URL: https://api.botspot.trade
2026-10-03T05:58:05.5002983Z   BOT_MANAGER_NODE_API_KEY_SECRET_ARN: arn:aws:secretsmanager:us-east-1:412381755468:secret:prod-bot-manager-node-api-key-runtime-zLxvXs
2026-10-03T05:58:05.5004356Z   BOT_MANAGER_SCOPE_API_KEY: ***
2026-10-03T05:58:05.5005029Z   BROKER_TOKEN_AUTHORITY_SCHWAB_APP_KEY: ***
2026-10-03T05:58:05.5005643Z   BROKER_TOKEN_AUTHORITY_SCHWAB_APP_SECRET: ***
2026-10-03T05:58:05.5006389Z   BROKER_TOKEN_AUTHORITY_TRADIER_OAUTH_CLIENT_ID: ***
2026-10-03T05:58:05.5007097Z   BROKER_TOKEN_AUTHORITY_TRADIER_OAUTH_CLIENT_SECRET: ***
2026-10-03T05:58:05.5008163Z   BROKER_TOKEN_AUTHORITY_REQUIRE_PROVIDER_SECRETS: true
2026-10-03T05:58:05.5008954Z   BROKER_TOKEN_AUTHORITY_REQUIRE_TRADIER_PROVIDER_SECRETS: false
2026-10-03T05:58:05.5009599Z   SES_SENDER_EMAIL: ***
2026-10-03T05:58:05.5010177Z   DATADOWNLOADER_BASE_URL: http://data-downloader.lumiwealth.com:8080
2026-10-03T05:58:05.5011112Z   DATADOWNLOADER_API_KEY: ***
2026-10-03T05:58:05.5011614Z   DATADOWNLOADER_API_KEY_HEADER: X-Downloader-Key
2026-10-03T05:58:05.5012161Z   DATADOWNLOADER_SKIP_LOCAL_START: true
2026-10-03T05:58:05.5012829Z   TF_VAR_datadownloader_base_url: http://data-downloader.lumiwealth.com:8080
2026-10-03T05:58:05.5013813Z   TF_VAR_datadownloader_api_key: ***
2026-10-03T05:58:05.5014355Z   TF_VAR_datadownloader_api_key_header: X-Downloader-Key
2026-10-03T05:58:05.5014945Z   TF_VAR_datadownloader_skip_local_start: true
2026-10-03T05:58:05.5015459Z   FORCE_REBUILD_IMAGES: false
2026-10-03T05:58:05.5015911Z   BLACKSMITH_RUNNER_MESSAGE_WAIT_MS: 229
2026-10-03T05:58:05.5016419Z   BLACKSMITH_RUNNER_ACQUIRE_JOB_MS: 1100
2026-10-03T05:58:05.5016921Z   GITHUB_REPO_NAME: Lumiwealth/bot_manager
2026-10-03T05:58:05.5017406Z   AWS_DEFAULT_REGION: us-east-1
2026-10-03T05:58:05.5017884Z   AWS_ACCESS_KEY_ID: ***
2026-10-03T05:58:05.5018439Z   AWS_SECRET_ACCESS_KEY: ***
2026-10-03T05:58:05.5026550Z   AWS_SESSION_TOKEN: ***
2026-10-03T05:58:05.5027084Z   pythonLocation: /opt/hostedtoolcache/Python/3.13.16/arm64
2026-10-03T05:58:05.5027860Z   PKG_CONFIG_PATH: /opt/hostedtoolcache/Python/3.13.16/arm64/lib/pkgconfig
2026-10-03T05:58:05.5028725Z   Python_ROOT_DIR: /opt/hostedtoolcache/Python/3.13.16/arm64
2026-10-03T05:58:05.5029393Z   Python2_ROOT_DIR: /opt/hostedtoolcache/Python/3.13.16/arm64
2026-10-03T05:58:05.5030061Z   Python3_ROOT_DIR: /opt/hostedtoolcache/Python/3.13.16/arm64
2026-10-03T05:58:05.5030740Z   LD_LIBRARY_PATH: /opt/hostedtoolcache/Python/3.13.16/arm64/lib
2026-10-03T05:58:05.5031306Z ##[endgroup]
2026-10-03T05:58:05.6344738Z (node:3714) [DEP0040] DeprecationWarning: The `punycode` module is deprecated. Please use a userland alternative instead.
2026-10-03T05:58:05.6346072Z (Use `node --trace-deprecation ...` to show where the warning was created)
2026-10-03T05:58:05.8705538Z Cache hit for restore-key: bot-manager-terraform-ea5318a0994e8e82a32b7da5fdc59732945ae952b4e2325a4efb07e49dab4666
2026-10-03T05:58:05.8889836Z (node:3714) [DEP0169] DeprecationWarning: `url.parse()` behavior is not standardized and prone to errors that have security implications. Use the WHATWG URL API instead. CVEs are not issued for `url.parse()` vulnerabilities.
2026-10-03T05:58:06.6276687Z Received 118762034 of 118762034 (100.0%), 158.0 MBs/sec
2026-10-03T05:58:06.6277569Z Cache Size: ~113 MB (118762034 B)
2026-10-03T05:58:06.6405565Z [command]/usr/bin/tar -xf /home/runner/_work/_temp/c7800335-2b1d-4b08-8131-f8f2f7f7d3bb/cache.tzst -P -C /home/runner/_work/bot_manager/bot_manager --use-compress-program unzstd
2026-10-03T05:58:08.3403285Z Cache restored successfully
2026-10-03T05:58:08.3688715Z Cache restored from key: bot-manager-terraform-ea5318a0994e8e82a32b7da5fdc59732945ae952b4e2325a4efb07e49dab4666
2026-10-03T05:58:08.6017478Z ##[group]Run actions/cache@0057852bfaa89a56745cba8c7296529d2fc39830
2026-10-03T05:58:08.6018300Z with:
2026-10-03T05:58:08.6019230Z   path: lambda_layer/
lambda_package.zip
lambda_assets_manifest.json

2026-10-03T05:58:08.6020339Z   key: bot-manager-lambda-b931d398101c743c4e99e2cffa3d9c5e532f9f47b3709d52fd0e6f16236a23c0
2026-10-03T05:58:08.6021964Z   restore-keys: bot-manager-lambda-91334449181a567ff3260c292a87f6a99b7d2f78bd736b6cddbed21e236e8d52
bot-manager-lambda-

2026-10-03T05:58:08.6023316Z   enableCrossOsArchive: false
2026-10-03T05:58:08.6023789Z   fail-on-cache-miss: false
2026-10-03T05:58:08.6024348Z   lookup-only: false
2026-10-03T05:58:08.6024912Z   save-always: false
2026-10-03T05:58:08.6025309Z env:
2026-10-03T05:58:08.6025797Z   ENVIRONMENT: prod
2026-10-03T05:58:08.6030735Z   AWS_REGION: us-east-1
2026-10-03T05:58:08.6031402Z   PYTHON_VERSION: 3.13
2026-10-03T05:58:08.6032644Z   LUMIBOT_VERSION: 4.6.4
2026-10-03T05:58:08.6033180Z   SKIP_BASE_IMAGE: false
2026-10-03T05:58:08.6033673Z   SKIP_BACKTEST_IMAGE: false
2026-10-03T05:58:08.6034121Z   SKIP_BOOTSTRAP_IMAGE: true
2026-10-03T05:58:08.6034577Z   SKIP_SINGLE_TRADE_LAMBDA_IMAGE: false
2026-10-03T05:58:08.6035081Z   RUN_POST_DEPLOY_CLEANUP: false
2026-10-03T05:58:08.6035540Z   LEGACY_BUILD_IN_DEPLOY: false
2026-10-03T05:58:08.6036429Z   RELEASE_MANIFEST_S3_URI: s3://bot-manager-tf-state/prod/releases/13edd12075d7-37101252446-1-promoted/release-manifest.json
2026-10-03T05:58:08.6037358Z   FORCE_NEW_LAMBDA_LAYER: false
2026-10-03T05:58:08.6037801Z   SNAPSHOTS_TO_KEEP: 1
2026-10-03T05:58:08.6038317Z   SKIP_UNIT_TESTS: true
2026-10-03T05:58:08.6038733Z   SKIP_INTEGRATION_TESTS: true
2026-10-03T05:58:08.6039176Z   RUN_INTEGRATION_TESTS: 0
2026-10-03T05:58:08.6039612Z   SKIP_DATA_VOLUME_SNAPSHOT: true
2026-10-03T05:58:08.6051416Z   SES_RECIPIENT_EMAILS: ***
2026-10-03T05:58:08.6052082Z   PROD_API_KEY: ***
2026-10-03T05:58:08.6052557Z   TEST_PROD_URL: https://botspotapp.com/prod/api
2026-10-03T05:58:08.6053095Z   PROD_NEXT_API_KEY: 
2026-10-03T05:58:08.6053516Z   PROD_NEXT_API_KEY_EXPIRES_AT: 
2026-10-03T05:58:08.6054052Z   TF_VAR_botspot_node_base_url: https://api.botspot.trade
2026-10-03T05:58:08.6054635Z   TF_VAR_vault_aws_account_id: 934654686064
2026-10-03T05:58:08.6055152Z   TF_VAR_vault_compatibility_account_ids: []
2026-10-03T05:58:08.6055841Z   TF_VAR_listener_write_url: https://listener.lumiwealth.com/portfolio_events
2026-10-03T05:58:08.6056524Z   TF_VAR_bot_manager_node_api_key: 
2026-10-03T05:58:08.6057505Z   TF_VAR_bot_manager_node_api_key_secret_arn: arn:aws:secretsmanager:us-east-1:412381755468:secret:prod-bot-manager-node-api-key-runtime-zLxvXs
2026-10-03T05:58:08.6058678Z   TF_VAR_backtest_capacity_type: FARGATE
2026-10-03T05:58:08.6064785Z   TF_VAR_botspot_node_token_authority_invoker_principal_arn: arn:aws:iam::571698181033:role/botspot-prod-task-role
2026-10-03T05:58:08.6065678Z   TF_VAR_broker_token_authority_mode: lease
2026-10-03T05:58:08.6066249Z   TF_VAR_portfolio_snapshot_execution_enabled: true
2026-10-03T05:58:08.6066823Z   TF_VAR_ibkr_shared_gateway_enabled: false
2026-10-03T05:58:08.6067360Z   TF_VAR_ibkr_shared_gateway_signing_secret_arn: 
2026-10-03T05:58:08.6068100Z   TF_VAR_ibkr_shared_gateway_tls_ca_certificate_secret_arn: 
2026-10-03T05:58:08.6068768Z   TF_VAR_ibkr_shared_gateway_tls_ca_private_key_secret_arn: 
2026-10-03T05:58:08.6069416Z   TF_VAR_ibkr_shared_gateway_prod_security_approved: false
2026-10-03T05:58:08.6070071Z   TF_VAR_ibkr_shared_gateway_prod_compliance_approved: false
2026-10-03T05:58:08.6070711Z   TF_VAR_ibkr_shared_gateway_prod_oauth_approved: false
2026-10-03T05:58:08.6071286Z   TF_VAR_scheduled_custom_bots_enabled: true
2026-10-03T05:58:08.6071854Z   TF_VAR_scheduled_custom_prod_isolation_approved: true
2026-10-03T05:58:08.6072466Z   TF_VAR_scheduled_custom_prod_residency_approved: true
2026-10-03T05:58:08.6073059Z   TF_VAR_scheduled_custom_prod_cost_approved: true
2026-10-03T05:58:08.6073681Z   TF_VAR_scheduled_custom_prod_compliance_approved: true
2026-10-03T05:58:08.6074821Z   BOTSPOT_NODE_BASE_URL: https://api.botspot.trade
2026-10-03T05:58:08.6075925Z   BOT_MANAGER_NODE_API_KEY_SECRET_ARN: arn:aws:secretsmanager:us-east-1:412381755468:secret:prod-bot-manager-node-api-key-runtime-zLxvXs
2026-10-03T05:58:08.6077262Z   BOT_MANAGER_SCOPE_API_KEY: ***
2026-10-03T05:58:08.6077983Z   BROKER_TOKEN_AUTHORITY_SCHWAB_APP_KEY: ***
2026-10-03T05:58:08.6078606Z   BROKER_TOKEN_AUTHORITY_SCHWAB_APP_SECRET: ***
2026-10-03T05:58:08.6079338Z   BROKER_TOKEN_AUTHORITY_TRADIER_OAUTH_CLIENT_ID: ***
2026-10-03T05:58:08.6080028Z   BROKER_TOKEN_AUTHORITY_TRADIER_OAUTH_CLIENT_SECRET: ***
2026-10-03T05:58:08.6080664Z   BROKER_TOKEN_AUTHORITY_REQUIRE_PROVIDER_SECRETS: true
2026-10-03T05:58:08.6081332Z   BROKER_TOKEN_AUTHORITY_REQUIRE_TRADIER_PROVIDER_SECRETS: false
2026-10-03T05:58:08.6081947Z   SES_SENDER_EMAIL: ***
2026-10-03T05:58:08.6082536Z   DATADOWNLOADER_BASE_URL: http://data-downloader.lumiwealth.com:8080
2026-10-03T05:58:08.6083912Z   DATADOWNLOADER_API_KEY: ***
2026-10-03T05:58:08.6084420Z   DATADOWNLOADER_API_KEY_HEADER: X-Downloader-Key
2026-10-03T05:58:08.6084976Z   DATADOWNLOADER_SKIP_LOCAL_START: true
2026-10-03T05:58:08.6085650Z   TF_VAR_datadownloader_base_url: http://data-downloader.lumiwealth.com:8080
2026-10-03T05:58:08.6086641Z   TF_VAR_datadownloader_api_key: ***
2026-10-03T05:58:08.6087190Z   TF_VAR_datadownloader_api_key_header: X-Downloader-Key
2026-10-03T05:58:08.6087778Z   TF_VAR_datadownloader_skip_local_start: true
2026-10-03T05:58:08.6088418Z   FORCE_REBUILD_IMAGES: false
2026-10-03T05:58:08.6088877Z   BLACKSMITH_RUNNER_MESSAGE_WAIT_MS: 229
2026-10-03T05:58:08.6089384Z   BLACKSMITH_RUNNER_ACQUIRE_JOB_MS: 1100
2026-10-03T05:58:08.6089887Z   GITHUB_REPO_NAME: Lumiwealth/bot_manager
2026-10-03T05:58:08.6090373Z   AWS_DEFAULT_REGION: us-east-1
2026-10-03T05:58:08.6090849Z   AWS_ACCESS_KEY_ID: ***
2026-10-03T05:58:08.6091398Z   AWS_SECRET_ACCESS_KEY: ***
2026-10-03T05:58:08.6098567Z   AWS_SESSION_TOKEN: ***
2026-10-03T05:58:08.6099999Z   pythonLocation: /opt/hostedtoolcache/Python/3.13.16/arm64
2026-10-03T05:58:08.6100733Z   PKG_CONFIG_PATH: /opt/hostedtoolcache/Python/3.13.16/arm64/lib/pkgconfig
2026-10-03T05:58:08.6101468Z   Python_ROOT_DIR: /opt/hostedtoolcache/Python/3.13.16/arm64
2026-10-03T05:58:08.6102143Z   Python2_ROOT_DIR: /opt/hostedtoolcache/Python/3.13.16/arm64
2026-10-03T05:58:08.6102815Z   Python3_ROOT_DIR: /opt/hostedtoolcache/Python/3.13.16/arm64
2026-10-03T05:58:08.6103491Z   LD_LIBRARY_PATH: /opt/hostedtoolcache/Python/3.13.16/arm64/lib
2026-10-03T05:58:08.6104065Z ##[endgroup]
2026-10-03T05:58:08.7374788Z (node:3754) [DEP0040] DeprecationWarning: The `punycode` module is deprecated. Please use a userland alternative instead.
2026-10-03T05:58:08.7385797Z (Use `node --trace-deprecation ...` to show where the warning was created)
2026-10-03T05:58:08.9651539Z Cache not found for input keys: bot-manager-lambda-b931d398101c743c4e99e2cffa3d9c5e532f9f47b3709d52fd0e6f16236a23c0, bot-manager-lambda-91334449181a567ff3260c292a87f6a99b7d2f78bd736b6cddbed21e236e8d52, bot-manager-lambda-
2026-10-03T05:58:08.9852655Z ##[group]Run astral-sh/setup-uv@caf0cab7a618c569241d31dcd442f54681755d39
2026-10-03T05:58:08.9853351Z with:
2026-10-03T05:58:08.9853699Z   version: 0.11.8
2026-10-03T05:58:08.9854073Z   enable-cache: true
2026-10-03T05:58:08.9854486Z   cache-dependency-glob: uv.lock
2026-10-03T05:58:08.9858640Z   github-token: ***
2026-10-03T05:58:09.0002070Z   prune-cache: true
2026-10-03T05:58:09.0002484Z env:
2026-10-03T05:58:09.0002846Z   ENVIRONMENT: prod
2026-10-03T05:58:09.0003250Z   AWS_REGION: us-east-1
2026-10-03T05:58:09.0003668Z   PYTHON_VERSION: 3.13
2026-10-03T05:58:09.0004084Z   LUMIBOT_VERSION: 4.6.4
2026-10-03T05:58:09.0004511Z   SKIP_BASE_IMAGE: false
2026-10-03T05:58:09.0004946Z   SKIP_BACKTEST_IMAGE: false
2026-10-03T05:58:09.0005388Z   SKIP_BOOTSTRAP_IMAGE: true
2026-10-03T05:58:09.0005847Z   SKIP_SINGLE_TRADE_LAMBDA_IMAGE: false
2026-10-03T05:58:09.0006374Z   RUN_POST_DEPLOY_CLEANUP: false
2026-10-03T05:58:09.0006832Z   LEGACY_BUILD_IN_DEPLOY: false
2026-10-03T05:58:09.0007773Z   RELEASE_MANIFEST_S3_URI: s3://bot-manager-tf-state/prod/releases/13edd12075d7-37101252446-1-promoted/release-manifest.json
2026-10-03T05:58:09.0008873Z   FORCE_NEW_LAMBDA_LAYER: false
2026-10-03T05:58:09.0009320Z   SNAPSHOTS_TO_KEEP: 1
2026-10-03T05:58:09.0009735Z   SKIP_UNIT_TESTS: true
2026-10-03T05:58:09.0010159Z   SKIP_INTEGRATION_TESTS: true
2026-10-03T05:58:09.0010609Z   RUN_INTEGRATION_TESTS: 0
2026-10-03T05:58:09.0011047Z   SKIP_DATA_VOLUME_SNAPSHOT: true
2026-10-03T05:58:09.0011689Z   SES_RECIPIENT_EMAILS: ***
2026-10-03T05:58:09.0012381Z   PROD_API_KEY: ***
2026-10-03T05:58:09.0012839Z   TEST_PROD_URL: https://botspotapp.com/prod/api
2026-10-03T05:58:09.0013374Z   PROD_NEXT_API_KEY: 
2026-10-03T05:58:09.0013789Z   PROD_NEXT_API_KEY_EXPIRES_AT: 
2026-10-03T05:58:09.0023769Z   TF_VAR_botspot_node_base_url: https://api.botspot.trade
2026-10-03T05:58:09.0024379Z   TF_VAR_vault_aws_account_id: 934654686064
2026-10-03T05:58:09.0025431Z   TF_VAR_vault_compatibility_account_ids: []
2026-10-03T05:58:09.0026149Z   TF_VAR_listener_write_url: https://listener.lumiwealth.com/portfolio_events
2026-10-03T05:58:09.0026855Z   TF_VAR_bot_manager_node_api_key: 
2026-10-03T05:58:09.0028007Z   TF_VAR_bot_manager_node_api_key_secret_arn: arn:aws:secretsmanager:us-east-1:412381755468:secret:prod-bot-manager-node-api-key-runtime-zLxvXs
2026-10-03T05:58:09.0029058Z   TF_VAR_backtest_capacity_type: FARGATE
2026-10-03T05:58:09.0029904Z   TF_VAR_botspot_node_token_authority_invoker_principal_arn: arn:aws:iam::571698181033:role/botspot-prod-task-role
2026-10-03T05:58:09.0030780Z   TF_VAR_broker_token_authority_mode: lease
2026-10-03T05:58:09.0031337Z   TF_VAR_portfolio_snapshot_execution_enabled: true
2026-10-03T05:58:09.0031906Z   TF_VAR_ibkr_shared_gateway_enabled: false
2026-10-03T05:58:09.0032447Z   TF_VAR_ibkr_shared_gateway_signing_secret_arn: 
2026-10-03T05:58:09.0033054Z   TF_VAR_ibkr_shared_gateway_tls_ca_certificate_secret_arn: 
2026-10-03T05:58:09.0033733Z   TF_VAR_ibkr_shared_gateway_tls_ca_private_key_secret_arn: 
2026-10-03T05:58:09.0034390Z   TF_VAR_ibkr_shared_gateway_prod_security_approved: false
2026-10-03T05:58:09.0035041Z   TF_VAR_ibkr_shared_gateway_prod_compliance_approved: false
2026-10-03T05:58:09.0035684Z   TF_VAR_ibkr_shared_gateway_prod_oauth_approved: false
2026-10-03T05:58:09.0036267Z   TF_VAR_scheduled_custom_bots_enabled: true
2026-10-03T05:58:09.0036849Z   TF_VAR_scheduled_custom_prod_isolation_approved: true
2026-10-03T05:58:09.0037463Z   TF_VAR_scheduled_custom_prod_residency_approved: true
2026-10-03T05:58:09.0038175Z   TF_VAR_scheduled_custom_prod_cost_approved: true
2026-10-03T05:58:09.0038789Z   TF_VAR_scheduled_custom_prod_compliance_approved: true
2026-10-03T05:58:09.0039406Z   BOTSPOT_NODE_BASE_URL: https://api.botspot.trade
2026-10-03T05:58:09.0040429Z   BOT_MANAGER_NODE_API_KEY_SECRET_ARN: arn:aws:secretsmanager:us-east-1:412381755468:secret:prod-bot-manager-node-api-key-runtime-zLxvXs
2026-10-03T05:58:09.0041755Z   BOT_MANAGER_SCOPE_API_KEY: ***
2026-10-03T05:58:09.0042931Z   BROKER_TOKEN_AUTHORITY_SCHWAB_APP_KEY: ***
2026-10-03T05:58:09.0043612Z   BROKER_TOKEN_AUTHORITY_SCHWAB_APP_SECRET: ***
2026-10-03T05:58:09.0044351Z   BROKER_TOKEN_AUTHORITY_TRADIER_OAUTH_CLIENT_ID: ***
2026-10-03T05:58:09.0045041Z   BROKER_TOKEN_AUTHORITY_TRADIER_OAUTH_CLIENT_SECRET: ***
2026-10-03T05:58:09.0045689Z   BROKER_TOKEN_AUTHORITY_REQUIRE_PROVIDER_SECRETS: true
2026-10-03T05:58:09.0046363Z   BROKER_TOKEN_AUTHORITY_REQUIRE_TRADIER_PROVIDER_SECRETS: false
2026-10-03T05:58:09.0046982Z   SES_SENDER_EMAIL: ***
2026-10-03T05:58:09.0047574Z   DATADOWNLOADER_BASE_URL: http://data-downloader.lumiwealth.com:8080
2026-10-03T05:58:09.0048649Z   DATADOWNLOADER_API_KEY: ***
2026-10-03T05:58:09.0049147Z   DATADOWNLOADER_API_KEY_HEADER: X-Downloader-Key
2026-10-03T05:58:09.0049695Z   DATADOWNLOADER_SKIP_LOCAL_START: true
2026-10-03T05:58:09.0050380Z   TF_VAR_datadownloader_base_url: http://data-downloader.lumiwealth.com:8080
2026-10-03T05:58:09.0051460Z   TF_VAR_datadownloader_api_key: ***
2026-10-03T05:58:09.0052022Z   TF_VAR_datadownloader_api_key_header: X-Downloader-Key
2026-10-03T05:58:09.0052622Z   TF_VAR_datadownloader_skip_local_start: true
2026-10-03T05:58:09.0053139Z   FORCE_REBUILD_IMAGES: false
2026-10-03T05:58:09.0053596Z   BLACKSMITH_RUNNER_MESSAGE_WAIT_MS: 229
2026-10-03T05:58:09.0054096Z   BLACKSMITH_RUNNER_ACQUIRE_JOB_MS: 1100
2026-10-03T05:58:09.0054608Z   GITHUB_REPO_NAME: Lumiwealth/bot_manager
2026-10-03T05:58:09.0055097Z   AWS_DEFAULT_REGION: us-east-1
2026-10-03T05:58:09.0055580Z   AWS_ACCESS_KEY_ID: ***
2026-10-03T05:58:09.0056136Z   AWS_SECRET_ACCESS_KEY: ***
2026-10-03T05:58:09.0063582Z   AWS_SESSION_TOKEN: ***
2026-10-03T05:58:09.0064120Z   pythonLocation: /opt/hostedtoolcache/Python/3.13.16/arm64
2026-10-03T05:58:09.0064853Z   PKG_CONFIG_PATH: /opt/hostedtoolcache/Python/3.13.16/arm64/lib/pkgconfig
2026-10-03T05:58:09.0065590Z   Python_ROOT_DIR: /opt/hostedtoolcache/Python/3.13.16/arm64
2026-10-03T05:58:09.0067023Z   Python2_ROOT_DIR: /opt/hostedtoolcache/Python/3.13.16/arm64
2026-10-03T05:58:09.0067708Z   Python3_ROOT_DIR: /opt/hostedtoolcache/Python/3.13.16/arm64
2026-10-03T05:58:09.0068505Z   LD_LIBRARY_PATH: /opt/hostedtoolcache/Python/3.13.16/arm64/lib
2026-10-03T05:58:09.0069074Z ##[endgroup]
2026-10-03T05:58:09.1653901Z (node:3767) [DEP0040] DeprecationWarning: The `punycode` module is deprecated. Please use a userland alternative instead.
2026-10-03T05:58:09.1656340Z (Use `node --trace-deprecation ...` to show where the warning was created)
2026-10-03T05:58:09.1675672Z Downloading uv from "https://github.com/astral-sh/uv/releases/download/0.11.8/uv-aarch64-unknown-linux-gnu.tar.gz" ...
2026-10-03T05:58:09.6254846Z [command]/usr/bin/tar xz --warning=no-unknown-keyword --overwrite -C /home/runner/_work/_temp/967c776f-91d0-4f7d-ae3f-02b035349991 -f /home/runner/_work/_temp/672212ef-56ae-4a1c-8a13-7b4504c3890a
2026-10-03T05:58:10.1466637Z Added /opt/hostedtoolcache/uv/0.11.8/aarch64 to the path
2026-10-03T05:58:10.1467443Z Added /home/runner/.local/bin to the path
2026-10-03T05:58:10.1484689Z Successfully installed uv version 0.11.8
2026-10-03T05:58:10.1494640Z Set UV_CACHE_DIR to /home/runner/_work/_temp/setup-uv-cache
2026-10-03T05:58:10.1495482Z Searching files using cache dependency glob: uv.lock
2026-10-03T05:58:10.1558373Z /home/runner/_work/bot_manager/bot_manager/uv.lock
2026-10-03T05:58:10.1615498Z Found 1 files to hash.
2026-10-03T05:58:10.1634306Z Trying to restore uv cache from GitHub Actions cache with key: setup-uv-1-aarch64-unknown-linux-gnu-0.11.8-b5a73c9e60b3d1f51a768b078414d58f1f3844dc53996b22f18be30091fb9ab8
2026-10-03T05:58:10.2215113Z ##[warning]Failed to restore: Cache service responded with 400
2026-10-03T05:58:10.2227123Z No GitHub Actions cache found for key: setup-uv-1-aarch64-unknown-linux-gnu-0.11.8-b5a73c9e60b3d1f51a768b078414d58f1f3844dc53996b22f18be30091fb9ab8
2026-10-03T05:58:10.2381030Z ##[group]Run hashicorp/setup-terraform@633666f66e0061ca3b725c73b2ec20cd13a8fdd1
2026-10-03T05:58:10.2381771Z with:
2026-10-03T05:58:10.2382130Z   terraform_version: 1.8.5
2026-10-03T05:58:10.2382560Z   terraform_wrapper: false
2026-10-03T05:58:10.2383048Z   cli_config_credentials_hostname: app.terraform.io
2026-10-03T05:58:10.2383562Z env:
2026-10-03T05:58:10.2383902Z   ENVIRONMENT: prod
2026-10-03T05:58:10.2384292Z   AWS_REGION: us-east-1
2026-10-03T05:58:10.2384704Z   PYTHON_VERSION: 3.13
2026-10-03T05:58:10.2385109Z   LUMIBOT_VERSION: 4.6.4
2026-10-03T05:58:10.2385554Z   SKIP_BASE_IMAGE: false
2026-10-03T05:58:10.2385974Z   SKIP_BACKTEST_IMAGE: false
2026-10-03T05:58:10.2386415Z   SKIP_BOOTSTRAP_IMAGE: true
2026-10-03T05:58:10.2386863Z   SKIP_SINGLE_TRADE_LAMBDA_IMAGE: false
2026-10-03T05:58:10.2387352Z   RUN_POST_DEPLOY_CLEANUP: false
2026-10-03T05:58:10.2387946Z   LEGACY_BUILD_IN_DEPLOY: false
2026-10-03T05:58:10.2388886Z   RELEASE_MANIFEST_S3_URI: s3://bot-manager-tf-state/prod/releases/13edd12075d7-37101252446-1-promoted/release-manifest.json
2026-10-03T05:58:10.2389813Z   FORCE_NEW_LAMBDA_LAYER: false
2026-10-03T05:58:10.2390252Z   SNAPSHOTS_TO_KEEP: 1
2026-10-03T05:58:10.2390654Z   SKIP_UNIT_TESTS: true
2026-10-03T05:58:10.2391067Z   SKIP_INTEGRATION_TESTS: true
2026-10-03T05:58:10.2391504Z   RUN_INTEGRATION_TESTS: 0
2026-10-03T05:58:10.2391938Z   SKIP_DATA_VOLUME_SNAPSHOT: true
2026-10-03T05:58:10.2392568Z   SES_RECIPIENT_EMAILS: ***
2026-10-03T05:58:10.2393196Z   PROD_API_KEY: ***
2026-10-03T05:58:10.2393640Z   TEST_PROD_URL: https://botspotapp.com/prod/api
2026-10-03T05:58:10.2394182Z   PROD_NEXT_API_KEY: 
2026-10-03T05:58:10.2394584Z   PROD_NEXT_API_KEY_EXPIRES_AT: 
2026-10-03T05:58:10.2395115Z   TF_VAR_botspot_node_base_url: https://api.botspot.trade
2026-10-03T05:58:10.2395693Z   TF_VAR_vault_aws_account_id: 934654686064
2026-10-03T05:58:10.2396345Z   TF_VAR_vault_compatibility_account_ids: []
2026-10-03T05:58:10.2397035Z   TF_VAR_listener_write_url: https://listener.lumiwealth.com/portfolio_events
2026-10-03T05:58:10.2397799Z   TF_VAR_bot_manager_node_api_key: 
2026-10-03T05:58:10.2398799Z   TF_VAR_bot_manager_node_api_key_secret_arn: arn:aws:secretsmanager:us-east-1:412381755468:secret:prod-bot-manager-node-api-key-runtime-zLxvXs
2026-10-03T05:58:10.2399827Z   TF_VAR_backtest_capacity_type: FARGATE
2026-10-03T05:58:10.2400660Z   TF_VAR_botspot_node_token_authority_invoker_principal_arn: arn:aws:iam::571698181033:role/botspot-prod-task-role
2026-10-03T05:58:10.2401541Z   TF_VAR_broker_token_authority_mode: lease
2026-10-03T05:58:10.2402089Z   TF_VAR_portfolio_snapshot_execution_enabled: true
2026-10-03T05:58:10.2402658Z   TF_VAR_ibkr_shared_gateway_enabled: false
2026-10-03T05:58:10.2403191Z   TF_VAR_ibkr_shared_gateway_signing_secret_arn: 
2026-10-03T05:58:10.2403804Z   TF_VAR_ibkr_shared_gateway_tls_ca_certificate_secret_arn: 
2026-10-03T05:58:10.2404458Z   TF_VAR_ibkr_shared_gateway_tls_ca_private_key_secret_arn: 
2026-10-03T05:58:10.2405108Z   TF_VAR_ibkr_shared_gateway_prod_security_approved: false
2026-10-03T05:58:10.2405759Z   TF_VAR_ibkr_shared_gateway_prod_compliance_approved: false
2026-10-03T05:58:10.2406403Z   TF_VAR_ibkr_shared_gateway_prod_oauth_approved: false
2026-10-03T05:58:10.2415457Z   TF_VAR_scheduled_custom_bots_enabled: true
2026-10-03T05:58:10.2416148Z   TF_VAR_scheduled_custom_prod_isolation_approved: true
2026-10-03T05:58:10.2416763Z   TF_VAR_scheduled_custom_prod_residency_approved: true
2026-10-03T05:58:10.2417352Z   TF_VAR_scheduled_custom_prod_cost_approved: true
2026-10-03T05:58:10.2418113Z   TF_VAR_scheduled_custom_prod_compliance_approved: true
2026-10-03T05:58:10.2420795Z   BOTSPOT_NODE_BASE_URL: https://api.botspot.trade
2026-10-03T05:58:10.2421856Z   BOT_MANAGER_NODE_API_KEY_SECRET_ARN: arn:aws:secretsmanager:us-east-1:412381755468:secret:prod-bot-manager-node-api-key-runtime-zLxvXs
2026-10-03T05:58:10.2423179Z   BOT_MANAGER_SCOPE_API_KEY: ***
2026-10-03T05:58:10.2423808Z   BROKER_TOKEN_AUTHORITY_SCHWAB_APP_KEY: ***
2026-10-03T05:58:10.2424838Z   BROKER_TOKEN_AUTHORITY_SCHWAB_APP_SECRET: ***
2026-10-03T05:58:10.2425647Z   BROKER_TOKEN_AUTHORITY_TRADIER_OAUTH_CLIENT_ID: ***
2026-10-03T05:58:10.2426336Z   BROKER_TOKEN_AUTHORITY_TRADIER_OAUTH_CLIENT_SECRET: ***
2026-10-03T05:58:10.2426973Z   BROKER_TOKEN_AUTHORITY_REQUIRE_PROVIDER_SECRETS: true
2026-10-03T05:58:10.2427751Z   BROKER_TOKEN_AUTHORITY_REQUIRE_TRADIER_PROVIDER_SECRETS: false
2026-10-03T05:58:10.2428396Z   SES_SENDER_EMAIL: ***
2026-10-03T05:58:10.2428969Z   DATADOWNLOADER_BASE_URL: http://data-downloader.lumiwealth.com:8080
2026-10-03T05:58:10.2429897Z   DATADOWNLOADER_API_KEY: ***
2026-10-03T05:58:10.2430399Z   DATADOWNLOADER_API_KEY_HEADER: X-Downloader-Key
2026-10-03T05:58:10.2430941Z   DATADOWNLOADER_SKIP_LOCAL_START: true
2026-10-03T05:58:10.2431612Z   TF_VAR_datadownloader_base_url: http://data-downloader.lumiwealth.com:8080
2026-10-03T05:58:10.2432599Z   TF_VAR_datadownloader_api_key: ***
2026-10-03T05:58:10.2433138Z   TF_VAR_datadownloader_api_key_header: X-Downloader-Key
2026-10-03T05:58:10.2433736Z   TF_VAR_datadownloader_skip_local_start: true
2026-10-03T05:58:10.2434249Z   FORCE_REBUILD_IMAGES: false
2026-10-03T05:58:10.2434703Z   BLACKSMITH_RUNNER_MESSAGE_WAIT_MS: 229
2026-10-03T05:58:10.2435203Z   BLACKSMITH_RUNNER_ACQUIRE_JOB_MS: 1100
2026-10-03T05:58:10.2435858Z   GITHUB_REPO_NAME: Lumiwealth/bot_manager
2026-10-03T05:58:10.2436356Z   AWS_DEFAULT_REGION: us-east-1
2026-10-03T05:58:10.2436830Z   AWS_ACCESS_KEY_ID: ***
2026-10-03T05:58:10.2437374Z   AWS_SECRET_ACCESS_KEY: ***
2026-10-03T05:58:10.2444568Z   AWS_SESSION_TOKEN: ***
2026-10-03T05:58:10.2445090Z   pythonLocation: /opt/hostedtoolcache/Python/3.13.16/arm64
2026-10-03T05:58:10.2445825Z   PKG_CONFIG_PATH: /opt/hostedtoolcache/Python/3.13.16/arm64/lib/pkgconfig
2026-10-03T05:58:10.2446553Z   Python_ROOT_DIR: /opt/hostedtoolcache/Python/3.13.16/arm64
2026-10-03T05:58:10.2447212Z   Python2_ROOT_DIR: /opt/hostedtoolcache/Python/3.13.16/arm64
2026-10-03T05:58:10.2447956Z   Python3_ROOT_DIR: /opt/hostedtoolcache/Python/3.13.16/arm64
2026-10-03T05:58:10.2448632Z   LD_LIBRARY_PATH: /opt/hostedtoolcache/Python/3.13.16/arm64/lib
2026-10-03T05:58:10.2449277Z   UV_CACHE_DIR: /home/runner/_work/_temp/setup-uv-cache
2026-10-03T05:58:10.2449800Z ##[endgroup]
2026-10-03T05:58:10.3599325Z (node:3783) [DEP0169] DeprecationWarning: `url.parse()` behavior is not standardized and prone to errors that have security implications. Use the WHATWG URL API instead. CVEs are not issued for `url.parse()` vulnerabilities.
2026-10-03T05:58:10.3611829Z (Use `node --trace-deprecation ...` to show where the warning was created)
2026-10-03T05:58:10.7433196Z [command]/usr/bin/unzip -o -q /home/runner/_work/_temp/bc8f63e1-f64a-4d4e-b224-b912b86d735e
2026-10-03T05:58:11.4258259Z ##[group]Run mkdir -p ~/.terraform.d/plugin-cache
2026-10-03T05:58:11.4259193Z [36;1mmkdir -p ~/.terraform.d/plugin-cache[0m
2026-10-03T05:58:11.4259986Z [36;1mprintf 'plugin_cache_dir = "%s/.terraform.d/plugin-cache"\n' "$HOME" > ~/.terraformrc[0m
2026-10-03T05:58:11.4304929Z shell: /usr/bin/bash -e {0}
2026-10-03T05:58:11.4305542Z env:
2026-10-03T05:58:11.4305911Z   ENVIRONMENT: prod
2026-10-03T05:58:11.4306438Z   AWS_REGION: us-east-1
2026-10-03T05:58:11.4306846Z   PYTHON_VERSION: 3.13
2026-10-03T05:58:11.4307251Z   LUMIBOT_VERSION: 4.6.4
2026-10-03T05:58:11.4307815Z   SKIP_BASE_IMAGE: false
2026-10-03T05:58:11.4308244Z   SKIP_BACKTEST_IMAGE: false
2026-10-03T05:58:11.4308686Z   SKIP_BOOTSTRAP_IMAGE: true
2026-10-03T05:58:11.4309142Z   SKIP_SINGLE_TRADE_LAMBDA_IMAGE: false
2026-10-03T05:58:11.4309634Z   RUN_POST_DEPLOY_CLEANUP: false
2026-10-03T05:58:11.4310093Z   LEGACY_BUILD_IN_DEPLOY: false
2026-10-03T05:58:11.4311534Z   RELEASE_MANIFEST_S3_URI: s3://bot-manager-tf-state/prod/releases/13edd12075d7-37101252446-1-promoted/release-manifest.json
2026-10-03T05:58:11.4312468Z   FORCE_NEW_LAMBDA_LAYER: false
2026-10-03T05:58:11.4312904Z   SNAPSHOTS_TO_KEEP: 1
2026-10-03T05:58:11.4313301Z   SKIP_UNIT_TESTS: true
2026-10-03T05:58:11.4313723Z   SKIP_INTEGRATION_TESTS: true
2026-10-03T05:58:11.4314173Z   RUN_INTEGRATION_TESTS: 0
2026-10-03T05:58:11.4314617Z   SKIP_DATA_VOLUME_SNAPSHOT: true
2026-10-03T05:58:11.4315254Z   SES_RECIPIENT_EMAILS: ***
2026-10-03T05:58:11.4315890Z   PROD_API_KEY: ***
2026-10-03T05:58:11.4316338Z   TEST_PROD_URL: https://botspotapp.com/prod/api
2026-10-03T05:58:11.4316916Z   PROD_NEXT_API_KEY: 
2026-10-03T05:58:11.4317423Z   PROD_NEXT_API_KEY_EXPIRES_AT: 
2026-10-03T05:58:11.4317966Z   TF_VAR_botspot_node_base_url: https://api.botspot.trade
2026-10-03T05:58:11.4318552Z   TF_VAR_vault_aws_account_id: 934654686064
2026-10-03T05:58:11.4319076Z   TF_VAR_vault_compatibility_account_ids: []
2026-10-03T05:58:11.4319784Z   TF_VAR_listener_write_url: https://listener.lumiwealth.com/portfolio_events
2026-10-03T05:58:11.4320470Z   TF_VAR_bot_manager_node_api_key: 
2026-10-03T05:58:11.4321517Z   TF_VAR_bot_manager_node_api_key_secret_arn: arn:aws:secretsmanager:us-east-1:412381755468:secret:prod-bot-manager-node-api-key-runtime-zLxvXs
2026-10-03T05:58:11.4322556Z   TF_VAR_backtest_capacity_type: FARGATE
2026-10-03T05:58:11.4323387Z   TF_VAR_botspot_node_token_authority_invoker_principal_arn: arn:aws:iam::571698181033:role/botspot-prod-task-role
2026-10-03T05:58:11.4324257Z   TF_VAR_broker_token_authority_mode: lease
2026-10-03T05:58:11.4324813Z   TF_VAR_portfolio_snapshot_execution_enabled: true
2026-10-03T05:58:11.4325371Z   TF_VAR_ibkr_shared_gateway_enabled: false
2026-10-03T05:58:11.4325905Z   TF_VAR_ibkr_shared_gateway_signing_secret_arn: 
2026-10-03T05:58:11.4326511Z   TF_VAR_ibkr_shared_gateway_tls_ca_certificate_secret_arn: 
2026-10-03T05:58:11.4327172Z   TF_VAR_ibkr_shared_gateway_tls_ca_private_key_secret_arn: 
2026-10-03T05:58:11.4327980Z   TF_VAR_ibkr_shared_gateway_prod_security_approved: false
2026-10-03T05:58:11.4328640Z   TF_VAR_ibkr_shared_gateway_prod_compliance_approved: false
2026-10-03T05:58:11.4329277Z   TF_VAR_ibkr_shared_gateway_prod_oauth_approved: false
2026-10-03T05:58:11.4329854Z   TF_VAR_scheduled_custom_bots_enabled: true
2026-10-03T05:58:11.4330421Z   TF_VAR_scheduled_custom_prod_isolation_approved: true
2026-10-03T05:58:11.4331031Z   TF_VAR_scheduled_custom_prod_residency_approved: true
2026-10-03T05:58:11.4331629Z   TF_VAR_scheduled_custom_prod_cost_approved: true
2026-10-03T05:58:11.4332225Z   TF_VAR_scheduled_custom_prod_compliance_approved: true
2026-10-03T05:58:11.4332839Z   BOTSPOT_NODE_BASE_URL: https://api.botspot.trade
2026-10-03T05:58:11.4333865Z   BOT_MANAGER_NODE_API_KEY_SECRET_ARN: arn:aws:secretsmanager:us-east-1:412381755468:secret:prod-bot-manager-node-api-key-runtime-zLxvXs
2026-10-03T05:58:11.4335165Z   BOT_MANAGER_SCOPE_API_KEY: ***
2026-10-03T05:58:11.4335807Z   BROKER_TOKEN_AUTHORITY_SCHWAB_APP_KEY: ***
2026-10-03T05:58:11.4345184Z   BROKER_TOKEN_AUTHORITY_SCHWAB_APP_SECRET: ***
2026-10-03T05:58:11.4346019Z   BROKER_TOKEN_AUTHORITY_TRADIER_OAUTH_CLIENT_ID: ***
2026-10-03T05:58:11.4346725Z   BROKER_TOKEN_AUTHORITY_TRADIER_OAUTH_CLIENT_SECRET: ***
2026-10-03T05:58:11.4347487Z   BROKER_TOKEN_AUTHORITY_REQUIRE_PROVIDER_SECRETS: true
2026-10-03T05:58:11.4348169Z   BROKER_TOKEN_AUTHORITY_REQUIRE_TRADIER_PROVIDER_SECRETS: false
2026-10-03T05:58:11.4348787Z   SES_SENDER_EMAIL: ***
2026-10-03T05:58:11.4349375Z   DATADOWNLOADER_BASE_URL: http://data-downloader.lumiwealth.com:8080
2026-10-03T05:58:11.4350302Z   DATADOWNLOADER_API_KEY: ***
2026-10-03T05:58:11.4350790Z   DATADOWNLOADER_API_KEY_HEADER: X-Downloader-Key
2026-10-03T05:58:11.4351335Z   DATADOWNLOADER_SKIP_LOCAL_START: true
2026-10-03T05:58:11.4351996Z   TF_VAR_datadownloader_base_url: http://data-downloader.lumiwealth.com:8080
2026-10-03T05:58:11.4352970Z   TF_VAR_datadownloader_api_key: ***
2026-10-03T05:58:11.4353954Z   TF_VAR_datadownloader_api_key_header: X-Downloader-Key
2026-10-03T05:58:11.4354559Z   TF_VAR_datadownloader_skip_local_start: true
2026-10-03T05:58:11.4355073Z   FORCE_REBUILD_IMAGES: false
2026-10-03T05:58:11.4355526Z   BLACKSMITH_RUNNER_MESSAGE_WAIT_MS: 229
2026-10-03T05:58:11.4356027Z   BLACKSMITH_RUNNER_ACQUIRE_JOB_MS: 1100
2026-10-03T05:58:11.4356528Z   GITHUB_REPO_NAME: Lumiwealth/bot_manager
2026-10-03T05:58:11.4357013Z   AWS_DEFAULT_REGION: us-east-1
2026-10-03T05:58:11.4357620Z   AWS_ACCESS_KEY_ID: ***
2026-10-03T05:58:11.4358180Z   AWS_SECRET_ACCESS_KEY: ***
2026-10-03T05:58:11.4365245Z   AWS_SESSION_TOKEN: ***
2026-10-03T05:58:11.4365758Z   pythonLocation: /opt/hostedtoolcache/Python/3.13.16/arm64
2026-10-03T05:58:11.4366486Z   PKG_CONFIG_PATH: /opt/hostedtoolcache/Python/3.13.16/arm64/lib/pkgconfig
2026-10-03T05:58:11.4367214Z   Python_ROOT_DIR: /opt/hostedtoolcache/Python/3.13.16/arm64
2026-10-03T05:58:11.4367967Z   Python2_ROOT_DIR: /opt/hostedtoolcache/Python/3.13.16/arm64
2026-10-03T05:58:11.4368654Z   Python3_ROOT_DIR: /opt/hostedtoolcache/Python/3.13.16/arm64
2026-10-03T05:58:11.4369333Z   LD_LIBRARY_PATH: /opt/hostedtoolcache/Python/3.13.16/arm64/lib
2026-10-03T05:58:11.4369983Z   UV_CACHE_DIR: /home/runner/_work/_temp/setup-uv-cache
2026-10-03T05:58:11.4370496Z ##[endgroup]
2026-10-03T05:58:11.4493852Z ##[group]Run uv sync --locked --python "${PYTHON_VERSION}"
2026-10-03T05:58:11.4494573Z [36;1muv sync --locked --python "${PYTHON_VERSION}"[0m
2026-10-03T05:58:11.4495156Z [36;1mecho "$PWD/.venv/bin" >> "$GITHUB_PATH"[0m
2026-10-03T05:58:11.4495681Z [36;1m.venv/bin/python --version[0m
2026-10-03T05:58:11.4496278Z [36;1muv pip list --python .venv/bin/python --format=freeze | wc -l[0m
2026-10-03T05:58:11.4496986Z [36;1mecho "Virtual environment prepared successfully"[0m
2026-10-03T05:58:11.4528980Z shell: /usr/bin/bash -e {0}
2026-10-03T05:58:11.4529631Z env:
2026-10-03T05:58:11.4529978Z   ENVIRONMENT: prod
2026-10-03T05:58:11.4530362Z   AWS_REGION: us-east-1
2026-10-03T05:58:11.4530780Z   PYTHON_VERSION: 3.13
2026-10-03T05:58:11.4531178Z   LUMIBOT_VERSION: 4.6.4
2026-10-03T05:58:11.4531585Z   SKIP_BASE_IMAGE: false
2026-10-03T05:58:11.4531995Z   SKIP_BACKTEST_IMAGE: false
2026-10-03T05:58:11.4532425Z   SKIP_BOOTSTRAP_IMAGE: true
2026-10-03T05:58:11.4532914Z   SKIP_SINGLE_TRADE_LAMBDA_IMAGE: false
2026-10-03T05:58:11.4533401Z   RUN_POST_DEPLOY_CLEANUP: false
2026-10-03T05:58:11.4533850Z   LEGACY_BUILD_IN_DEPLOY: false
2026-10-03T05:58:11.4534728Z   RELEASE_MANIFEST_S3_URI: s3://bot-manager-tf-state/prod/releases/13edd12075d7-37101252446-1-promoted/release-manifest.json
2026-10-03T05:58:11.4535647Z   FORCE_NEW_LAMBDA_LAYER: false
2026-10-03T05:58:11.4536077Z   SNAPSHOTS_TO_KEEP: 1
2026-10-03T05:58:11.4536470Z   SKIP_UNIT_TESTS: true
2026-10-03T05:58:11.4536880Z   SKIP_INTEGRATION_TESTS: true
2026-10-03T05:58:11.4537471Z   RUN_INTEGRATION_TESTS: 0
2026-10-03T05:58:11.4537911Z   SKIP_DATA_VOLUME_SNAPSHOT: true
2026-10-03T05:58:11.4538515Z   SES_RECIPIENT_EMAILS: ***
2026-10-03T05:58:11.4539994Z   PROD_API_KEY: ***
2026-10-03T05:58:11.4548529Z   TEST_PROD_URL: https://botspotapp.com/prod/api
2026-10-03T05:58:11.4549124Z   PROD_NEXT_API_KEY: 
2026-10-03T05:58:11.4549521Z   PROD_NEXT_API_KEY_EXPIRES_AT: 
2026-10-03T05:58:11.4550068Z   TF_VAR_botspot_node_base_url: https://api.botspot.trade
2026-10-03T05:58:11.4550646Z   TF_VAR_vault_aws_account_id: 934654686064
2026-10-03T05:58:11.4551169Z   TF_VAR_vault_compatibility_account_ids: []
2026-10-03T05:58:11.4551849Z   TF_VAR_listener_write_url: https://listener.lumiwealth.com/portfolio_events
2026-10-03T05:58:11.4552528Z   TF_VAR_bot_manager_node_api_key: 
2026-10-03T05:58:11.4553506Z   TF_VAR_bot_manager_node_api_key_secret_arn: arn:aws:secretsmanager:us-east-1:412381755468:secret:prod-bot-manager-node-api-key-runtime-zLxvXs
2026-10-03T05:58:11.4554529Z   TF_VAR_backtest_capacity_type: FARGATE
2026-10-03T05:58:11.4555354Z   TF_VAR_botspot_node_token_authority_invoker_principal_arn: arn:aws:iam::571698181033:role/botspot-prod-task-role
2026-10-03T05:58:11.4557155Z   TF_VAR_broker_token_authority_mode: lease
2026-10-03T05:58:11.4557857Z   TF_VAR_portfolio_snapshot_execution_enabled: true
2026-10-03T05:58:11.4558413Z   TF_VAR_ibkr_shared_gateway_enabled: false
2026-10-03T05:58:11.4558938Z   TF_VAR_ibkr_shared_gateway_signing_secret_arn: 
2026-10-03T05:58:11.4559556Z   TF_VAR_ibkr_shared_gateway_tls_ca_certificate_secret_arn: 
2026-10-03T05:58:11.4560201Z   TF_VAR_ibkr_shared_gateway_tls_ca_private_key_secret_arn: 
2026-10-03T05:58:11.4560838Z   TF_VAR_ibkr_shared_gateway_prod_security_approved: false
2026-10-03T05:58:11.4561484Z   TF_VAR_ibkr_shared_gateway_prod_compliance_approved: false
2026-10-03T05:58:11.4562238Z   TF_VAR_ibkr_shared_gateway_prod_oauth_approved: false
2026-10-03T05:58:11.4562841Z   TF_VAR_scheduled_custom_bots_enabled: true
2026-10-03T05:58:11.4563404Z   TF_VAR_scheduled_custom_prod_isolation_approved: true
2026-10-03T05:58:11.4564007Z   TF_VAR_scheduled_custom_prod_residency_approved: true
2026-10-03T05:58:11.4564601Z   TF_VAR_scheduled_custom_prod_cost_approved: true
2026-10-03T05:58:11.4565195Z   TF_VAR_scheduled_custom_prod_compliance_approved: true
2026-10-03T05:58:11.4565807Z   BOTSPOT_NODE_BASE_URL: https://api.botspot.trade
2026-10-03T05:58:11.4567851Z   BOT_MANAGER_NODE_API_KEY_SECRET_ARN: arn:aws:secretsmanager:us-east-1:412381755468:secret:prod-bot-manager-node-api-key-runtime-zLxvXs
2026-10-03T05:58:11.4569290Z   BOT_MANAGER_SCOPE_API_KEY: ***
2026-10-03T05:58:11.4569919Z   BROKER_TOKEN_AUTHORITY_SCHWAB_APP_KEY: ***
2026-10-03T05:58:11.4570529Z   BROKER_TOKEN_AUTHORITY_SCHWAB_APP_SECRET: ***
2026-10-03T05:58:11.4571255Z   BROKER_TOKEN_AUTHORITY_TRADIER_OAUTH_CLIENT_ID: ***
2026-10-03T05:58:11.4571939Z   BROKER_TOKEN_AUTHORITY_TRADIER_OAUTH_CLIENT_SECRET: ***
2026-10-03T05:58:11.4572569Z   BROKER_TOKEN_AUTHORITY_REQUIRE_PROVIDER_SECRETS: true
2026-10-03T05:58:11.4573228Z   BROKER_TOKEN_AUTHORITY_REQUIRE_TRADIER_PROVIDER_SECRETS: false
2026-10-03T05:58:11.4573866Z   SES_SENDER_EMAIL: ***
2026-10-03T05:58:11.4574460Z   DATADOWNLOADER_BASE_URL: http://data-downloader.lumiwealth.com:8080
2026-10-03T05:58:11.4575384Z   DATADOWNLOADER_API_KEY: ***
2026-10-03T05:58:11.4575871Z   DATADOWNLOADER_API_KEY_HEADER: X-Downloader-Key
2026-10-03T05:58:11.4576418Z   DATADOWNLOADER_SKIP_LOCAL_START: true
2026-10-03T05:58:11.4577090Z   TF_VAR_datadownloader_base_url: http://data-downloader.lumiwealth.com:8080
2026-10-03T05:58:11.4578221Z   TF_VAR_datadownloader_api_key: ***
2026-10-03T05:58:11.4578922Z   TF_VAR_datadownloader_api_key_header: X-Downloader-Key
2026-10-03T05:58:11.4579523Z   TF_VAR_datadownloader_skip_local_start: true
2026-10-03T05:58:11.4580031Z   FORCE_REBUILD_IMAGES: false
2026-10-03T05:58:11.4580480Z   BLACKSMITH_RUNNER_MESSAGE_WAIT_MS: 229
2026-10-03T05:58:11.4580976Z   BLACKSMITH_RUNNER_ACQUIRE_JOB_MS: 1100
2026-10-03T05:58:11.4581472Z   GITHUB_REPO_NAME: Lumiwealth/bot_manager
2026-10-03T05:58:11.4581955Z   AWS_DEFAULT_REGION: us-east-1
2026-10-03T05:58:11.4582424Z   AWS_ACCESS_KEY_ID: ***
2026-10-03T05:58:11.4582982Z   AWS_SECRET_ACCESS_KEY: ***
2026-10-03T05:58:11.4590115Z   AWS_SESSION_TOKEN: ***
2026-10-03T05:58:11.4590626Z   pythonLocation: /opt/hostedtoolcache/Python/3.13.16/arm64
2026-10-03T05:58:11.4591347Z   PKG_CONFIG_PATH: /opt/hostedtoolcache/Python/3.13.16/arm64/lib/pkgconfig
2026-10-03T05:58:11.4592084Z   Python_ROOT_DIR: /opt/hostedtoolcache/Python/3.13.16/arm64
2026-10-03T05:58:11.4592752Z   Python2_ROOT_DIR: /opt/hostedtoolcache/Python/3.13.16/arm64
2026-10-03T05:58:11.4593415Z   Python3_ROOT_DIR: /opt/hostedtoolcache/Python/3.13.16/arm64
2026-10-03T05:58:11.4594085Z   LD_LIBRARY_PATH: /opt/hostedtoolcache/Python/3.13.16/arm64/lib
2026-10-03T05:58:11.4594728Z   UV_CACHE_DIR: /home/runner/_work/_temp/setup-uv-cache
2026-10-03T05:58:11.4595249Z ##[endgroup]
2026-10-03T05:58:11.5681308Z Using CPython 3.13.16 interpreter at: /opt/hostedtoolcache/Python/3.13.16/arm64/bin/python3.13
2026-10-03T05:58:11.5682131Z Creating virtual environment at: .venv
2026-10-03T05:58:11.5732642Z Resolved 39 packages in 0.78ms
2026-10-03T05:58:11.6377468Z    Building bot-manager @ file:///home/runner/_work/bot_manager/bot_manager
2026-10-03T05:58:11.6547221Z Downloading botocore (14.9MiB)
2026-10-03T05:58:11.6832957Z Downloading pygments (1.2MiB)
2026-10-03T05:58:11.6876418Z Downloading cryptography (4.5MiB)
2026-10-03T05:58:11.6886606Z Downloading ruff (10.2MiB)
2026-10-03T05:58:11.6918812Z Downloading zstandard (4.8MiB)
2026-10-03T05:58:11.6927417Z Downloading ty (11.6MiB)
2026-10-03T05:58:11.6927896Z Downloading moto (6.3MiB)
2026-10-03T05:58:12.2411501Z  Downloaded zstandard
2026-10-03T05:58:12.4516026Z  Downloaded ruff
2026-10-03T05:58:12.4620479Z  Downloaded ty
2026-10-03T05:58:12.4691612Z  Downloaded cryptography
2026-10-03T05:58:12.4932896Z  Downloaded pygments
2026-10-03T05:58:12.7253389Z       Built bot-manager @ file:///home/runner/_work/bot_manager/bot_manager
2026-10-03T05:58:12.9045077Z  Downloaded moto
2026-10-03T05:58:12.9493449Z  Downloaded botocore
2026-10-03T05:58:12.9498527Z Prepared 38 packages in 1.37s
2026-10-03T05:58:13.0496712Z Installed 38 packages in 99ms
2026-10-03T05:58:13.0500222Z  + aws-wsgi==0.2.7
2026-10-03T05:58:13.0501077Z  + blinker==1.9.0
2026-10-03T05:58:13.0501924Z  + bot-manager==1.0.0 (from file:///home/runner/_work/bot_manager/bot_manager)
2026-10-03T05:58:13.0504607Z  + boto3==1.43.1
2026-10-03T05:58:13.0508193Z  + botocore==1.43.74
2026-10-03T05:58:13.0510504Z  + certifi==2026.7.22
2026-10-03T05:58:13.0511204Z  + cffi==2.1.1
2026-10-03T05:58:13.0511915Z  + charset-normalizer==3.5.1
2026-10-03T05:58:13.0512586Z  + click==8.4.2
2026-10-03T05:58:13.0515282Z  + cryptography==50.0.0
2026-10-03T05:58:13.0515840Z  + execnet==2.1.2
2026-10-03T05:58:13.0516381Z  + flask==3.1.3
2026-10-03T05:58:13.0516872Z  + idna==3.19
2026-10-03T05:58:13.0519518Z  + iniconfig==2.3.0
2026-10-03T05:58:13.0520151Z  + itsdangerous==2.2.0
2026-10-03T05:58:13.0520731Z  + jinja2==3.1.6
2026-10-03T05:58:13.0521208Z  + jmespath==1.1.0
2026-10-03T05:58:13.0521747Z  + markupsafe==3.0.3
2026-10-03T05:58:13.0524408Z  + moto==5.1.22
2026-10-03T05:58:13.0525091Z  + packaging==25.0
2026-10-03T05:58:13.0525595Z  + pluggy==1.6.0
2026-10-03T05:58:13.0526146Z  + pycparser==3.0
2026-10-03T05:58:13.0526768Z  + pygments==2.21.0
2026-10-03T05:58:13.0528908Z  + pytest==9.0.3
2026-10-03T05:58:13.0531755Z  + pytest-xdist==3.8.0
2026-10-03T05:58:13.0532411Z  + python-dateutil==2.9.0.post0
2026-10-03T05:58:13.0532997Z  + python-dotenv==1.2.2
2026-10-03T05:58:13.0533573Z  + pyyaml==6.0.3
2026-10-03T05:58:13.0534050Z  + requests==2.33.1
2026-10-03T05:58:13.0534612Z  + responses==0.26.2
2026-10-03T05:58:13.0543372Z  + ruff==0.16.3
2026-10-03T05:58:13.0543953Z  + s3transfer==0.17.1
2026-10-03T05:58:13.0544645Z  + six==1.17.0
2026-10-03T05:58:13.0545190Z  + ty==0.0.73
2026-10-03T05:58:13.0545687Z  + urllib3==2.8.0
2026-10-03T05:58:13.0546752Z  + werkzeug==3.1.8
2026-10-03T05:58:13.0547389Z  + xmltodict==1.0.4
2026-10-03T05:58:13.0547946Z  + zstandard==0.25.0
2026-10-03T05:58:13.0643286Z Python 3.13.16
2026-10-03T05:58:13.1281851Z 38
2026-10-03T05:58:13.1283346Z Virtual environment prepared successfully
2026-10-03T05:58:13.1341374Z ##[group]Run chmod +x setup.sh
2026-10-03T05:58:13.1341928Z [36;1mchmod +x setup.sh[0m
2026-10-03T05:58:13.1342360Z [36;1m./setup.sh[0m
2026-10-03T05:58:13.1376467Z shell: /usr/bin/bash -e {0}
2026-10-03T05:58:13.1376905Z env:
2026-10-03T05:58:13.1377399Z   ENVIRONMENT: prod
2026-10-03T05:58:13.1377807Z   AWS_REGION: us-east-1
2026-10-03T05:58:13.1378218Z   PYTHON_VERSION: 3.13
2026-10-03T05:58:13.1378629Z   LUMIBOT_VERSION: 4.6.4
2026-10-03T05:58:13.1379283Z   SKIP_BASE_IMAGE: false
2026-10-03T05:58:13.1379707Z   SKIP_BACKTEST_IMAGE: false
2026-10-03T05:58:13.1380140Z   SKIP_BOOTSTRAP_IMAGE: true
2026-10-03T05:58:13.1380595Z   SKIP_SINGLE_TRADE_LAMBDA_IMAGE: false
2026-10-03T05:58:13.1381085Z   RUN_POST_DEPLOY_CLEANUP: false
2026-10-03T05:58:13.1381543Z   LEGACY_BUILD_IN_DEPLOY: false
2026-10-03T05:58:13.1382440Z   RELEASE_MANIFEST_S3_URI: s3://bot-manager-tf-state/prod/releases/13edd12075d7-37101252446-1-promoted/release-manifest.json
2026-10-03T05:58:13.1383995Z   FORCE_NEW_LAMBDA_LAYER: false
2026-10-03T05:58:13.1384439Z   SNAPSHOTS_TO_KEEP: 1
2026-10-03T05:58:13.1384836Z   SKIP_UNIT_TESTS: true
2026-10-03T05:58:13.1385247Z   SKIP_INTEGRATION_TESTS: true
2026-10-03T05:58:13.1385686Z   RUN_INTEGRATION_TESTS: 0
2026-10-03T05:58:13.1386112Z   SKIP_DATA_VOLUME_SNAPSHOT: true
2026-10-03T05:58:13.1386748Z   SES_RECIPIENT_EMAILS: ***
2026-10-03T05:58:13.1387521Z   PROD_API_KEY: ***
2026-10-03T05:58:13.1387973Z   TEST_PROD_URL: https://botspotapp.com/prod/api
2026-10-03T05:58:13.1388497Z   PROD_NEXT_API_KEY: 
2026-10-03T05:58:13.1388909Z   PROD_NEXT_API_KEY_EXPIRES_AT: 
2026-10-03T05:58:13.1389441Z   TF_VAR_botspot_node_base_url: https://api.botspot.trade
2026-10-03T05:58:13.1398194Z   TF_VAR_vault_aws_account_id: 934654686064
2026-10-03T05:58:13.1398742Z   TF_VAR_vault_compatibility_account_ids: []
2026-10-03T05:58:13.1399438Z   TF_VAR_listener_write_url: https://listener.lumiwealth.com/portfolio_events
2026-10-03T05:58:13.1400143Z   TF_VAR_bot_manager_node_api_key: 
2026-10-03T05:58:13.1401133Z   TF_VAR_bot_manager_node_api_key_secret_arn: arn:aws:secretsmanager:us-east-1:412381755468:secret:prod-bot-manager-node-api-key-runtime-zLxvXs
2026-10-03T05:58:13.1402158Z   TF_VAR_backtest_capacity_type: FARGATE
2026-10-03T05:58:13.1402991Z   TF_VAR_botspot_node_token_authority_invoker_principal_arn: arn:aws:iam::571698181033:role/botspot-prod-task-role
2026-10-03T05:58:13.1403855Z   TF_VAR_broker_token_authority_mode: lease
2026-10-03T05:58:13.1404403Z   TF_VAR_portfolio_snapshot_execution_enabled: true
2026-10-03T05:58:13.1404952Z   TF_VAR_ibkr_shared_gateway_enabled: false
2026-10-03T05:58:13.1405482Z   TF_VAR_ibkr_shared_gateway_signing_secret_arn: 
2026-10-03T05:58:13.1406085Z   TF_VAR_ibkr_shared_gateway_tls_ca_certificate_secret_arn: 
2026-10-03T05:58:13.1406728Z   TF_VAR_ibkr_shared_gateway_tls_ca_private_key_secret_arn: 
2026-10-03T05:58:13.1407528Z   TF_VAR_ibkr_shared_gateway_prod_security_approved: false
2026-10-03T05:58:13.1408199Z   TF_VAR_ibkr_shared_gateway_prod_compliance_approved: false
2026-10-03T05:58:13.1408835Z   TF_VAR_ibkr_shared_gateway_prod_oauth_approved: false
2026-10-03T05:58:13.1409404Z   TF_VAR_scheduled_custom_bots_enabled: true
2026-10-03T05:58:13.1409965Z   TF_VAR_scheduled_custom_prod_isolation_approved: true
2026-10-03T05:58:13.1410581Z   TF_VAR_scheduled_custom_prod_residency_approved: true
2026-10-03T05:58:13.1411167Z   TF_VAR_scheduled_custom_prod_cost_approved: true
2026-10-03T05:58:13.1411758Z   TF_VAR_scheduled_custom_prod_compliance_approved: true
2026-10-03T05:58:13.1412367Z   BOTSPOT_NODE_BASE_URL: https://api.botspot.trade
2026-10-03T05:58:13.1413389Z   BOT_MANAGER_NODE_API_KEY_SECRET_ARN: arn:aws:secretsmanager:us-east-1:412381755468:secret:prod-bot-manager-node-api-key-runtime-zLxvXs
2026-10-03T05:58:13.1414691Z   BOT_MANAGER_SCOPE_API_KEY: ***
2026-10-03T05:58:13.1415319Z   BROKER_TOKEN_AUTHORITY_SCHWAB_APP_KEY: ***
2026-10-03T05:58:13.1415925Z   BROKER_TOKEN_AUTHORITY_SCHWAB_APP_SECRET: ***
2026-10-03T05:58:13.1417277Z   BROKER_TOKEN_AUTHORITY_TRADIER_OAUTH_CLIENT_ID: ***
2026-10-03T05:58:13.1418063Z   BROKER_TOKEN_AUTHORITY_TRADIER_OAUTH_CLIENT_SECRET: ***
2026-10-03T05:58:13.1418696Z   BROKER_TOKEN_AUTHORITY_REQUIRE_PROVIDER_SECRETS: true
2026-10-03T05:58:13.1420535Z   BROKER_TOKEN_AUTHORITY_REQUIRE_TRADIER_PROVIDER_SECRETS: false
2026-10-03T05:58:13.1421180Z   SES_SENDER_EMAIL: ***
2026-10-03T05:58:13.1421760Z   DATADOWNLOADER_BASE_URL: http://data-downloader.lumiwealth.com:8080
2026-10-03T05:58:13.1422684Z   DATADOWNLOADER_API_KEY: ***
2026-10-03T05:58:13.1423178Z   DATADOWNLOADER_API_KEY_HEADER: X-Downloader-Key
2026-10-03T05:58:13.1423720Z   DATADOWNLOADER_SKIP_LOCAL_START: true
2026-10-03T05:58:13.1424382Z   TF_VAR_datadownloader_base_url: http://data-downloader.lumiwealth.com:8080
2026-10-03T05:58:13.1425370Z   TF_VAR_datadownloader_api_key: ***
2026-10-03T05:58:13.1425907Z   TF_VAR_datadownloader_api_key_header: X-Downloader-Key
2026-10-03T05:58:13.1426489Z   TF_VAR_datadownloader_skip_local_start: true
2026-10-03T05:58:13.1427583Z   FORCE_REBUILD_IMAGES: false
2026-10-03T05:58:13.1428051Z   BLACKSMITH_RUNNER_MESSAGE_WAIT_MS: 229
2026-10-03T05:58:13.1428546Z   BLACKSMITH_RUNNER_ACQUIRE_JOB_MS: 1100
2026-10-03T05:58:13.1429045Z   GITHUB_REPO_NAME: Lumiwealth/bot_manager
2026-10-03T05:58:13.1429527Z   AWS_DEFAULT_REGION: us-east-1
2026-10-03T05:58:13.1430010Z   AWS_ACCESS_KEY_ID: ***
2026-10-03T05:58:13.1430551Z   AWS_SECRET_ACCESS_KEY: ***
2026-10-03T05:58:13.1437659Z   AWS_SESSION_TOKEN: ***
2026-10-03T05:58:13.1438167Z   pythonLocation: /opt/hostedtoolcache/Python/3.13.16/arm64
2026-10-03T05:58:13.1438889Z   PKG_CONFIG_PATH: /opt/hostedtoolcache/Python/3.13.16/arm64/lib/pkgconfig
2026-10-03T05:58:13.1439617Z   Python_ROOT_DIR: /opt/hostedtoolcache/Python/3.13.16/arm64
2026-10-03T05:58:13.1440276Z   Python2_ROOT_DIR: /opt/hostedtoolcache/Python/3.13.16/arm64
2026-10-03T05:58:13.1440940Z   Python3_ROOT_DIR: /opt/hostedtoolcache/Python/3.13.16/arm64
2026-10-03T05:58:13.1441626Z   LD_LIBRARY_PATH: /opt/hostedtoolcache/Python/3.13.16/arm64/lib
2026-10-03T05:58:13.1442283Z   UV_CACHE_DIR: /home/runner/_work/_temp/setup-uv-cache
2026-10-03T05:58:13.1442797Z ##[endgroup]
2026-10-03T05:58:13.1760354Z [05:58:13] [0s] Required UV 0.11.8 is already installed
2026-10-03T05:58:13.1846928Z [05:58:13] [0s] Using UV 0.11.8
2026-10-03T05:58:13.1870968Z [05:58:13] [0s] Synchronizing locked dependencies with UV...
2026-10-03T05:58:13.2505451Z Resolved 39 packages in 1ms
2026-10-03T05:58:13.2528276Z Checked 38 packages in 0.75ms
2026-10-03T05:58:13.2591390Z [05:58:13] [0s] Skipping Docker daemon check (LEGACY_BUILD_IN_DEPLOY=false)
2026-10-03T05:58:13.2592151Z Original environment intent: prod
2026-10-03T05:58:13.2619556Z [05:58:13] [0s] Skipping unit tests (SKIP_UNIT_TESTS=true)
2026-10-03T05:58:13.2648312Z [05:58:13] [0s] Starting main deployment process...
2026-10-03T05:58:13.2659578Z [05:58:13] [0s] Deploying to prod environment...
2026-10-03T05:58:14.4028911Z [05:58:14] [1s] Updating prod-bot-manager-api-key from workflow environment
2026-10-03T05:58:17.1195311Z [05:58:17] [4s] Updating prod-bot-manager-scope-api-key from BOT_MANAGER_SCOPE_API_KEY
2026-10-03T05:58:19.8801866Z [05:58:19] [6s] Bot access scope secrets are available for prod integration tests
2026-10-03T05:58:19.8830168Z [05:58:19] [6s] ----------------------------------------------------------------------
2026-10-03T05:58:19.8854536Z [05:58:19] [6s] Starting deployment for prod environment...
2026-10-03T05:58:19.8879549Z [05:58:19] [6s] ----------------------------------------------------------------------
2026-10-03T05:58:19.8906664Z [05:58:19] [6s] Setting up infrastructure for environment: prod
2026-10-03T05:58:19.8931726Z [05:58:19] [6s] Using supplied release manifest: s3://bot-manager-tf-state/prod/releases/13edd12075d7-37101252446-1-promoted/release-manifest.json
2026-10-03T05:58:20.9232614Z Completed 5.6 KiB/5.6 KiB (25.9 KiB/s) with 1 file(s) remaining
2026-10-03T05:58:20.9234661Z download: s3://bot-manager-tf-state/prod/releases/13edd12075d7-37101252446-1-promoted/release-manifest.json to ./release_manifest.json
2026-10-03T05:58:23.5459963Z [05:58:23] [10s] Running scheduled deployment guard (pre-terraform, mode=enforce)
2026-10-03T05:58:41.7143644Z OK	b8297583-8825-4f5c-9c8b-2348c96029c8	backend=eventbridge_scheduler:ENABLED	target=launcher_lambda	latest=arn:aws:ecs:us-east-1:412381755468:task-definition/bot-b8297583-8825-4f5c-9c8b-2348c96029c8:1	image=412381755468.dkr.ecr.us-east-1.amazonaws.com/prod-trading-bot-base@sha256:5f17a3fd526f950c98a7cab0642f3b563216c939083415426cd85abdb86791e5
2026-10-03T05:58:41.7148157Z   WARNING digest_image_missing: Latest active task definition uses digest-pinned image and that digest is missing from ECR: 412381755468.dkr.ecr.us-east-1.amazonaws.com/prod-trading-bot-base@sha256:5f17a3fd526f950c98a7cab0642f3b563216c939083415426cd85abdb86791e5
2026-10-03T05:58:41.7153571Z OK	portfolio-snapshot-d6dd57bc-a84e-41c9-8d4a-edbc17462502	backend=eventbridge_scheduler:ENABLED	target=launcher_lambda	latest=arn:aws:ecs:us-east-1:412381755468:task-definition/bot-portfolio-snapshot-d6dd57bc-a84e-41c9-8d4a-edbc17462502:19	image=412381755468.dkr.ecr.us-east-1.amazonaws.com/prod-trading-bot-base@sha256:43e7810dba4d73c860ae60e8a3071bdd06e07836391416f758154fc5a2734a07
2026-10-03T05:58:41.7159137Z OK	portfolio-snapshot-998d383e-eb50-4cd0-9715-88f225ccff85	backend=eventbridge_scheduler:ENABLED	target=launcher_lambda	latest=arn:aws:ecs:us-east-1:412381755468:task-definition/bot-portfolio-snapshot-998d383e-eb50-4cd0-9715-88f225ccff85:494	image=412381755468.dkr.ecr.us-east-1.amazonaws.com/prod-trading-bot-base@sha256:43e7810dba4d73c860ae60e8a3071bdd06e07836391416f758154fc5a2734a07
2026-10-03T05:58:41.7164879Z OK	portfolio-snapshot-8c6cd65e-4812-42c4-98bc-53dce7a001ee	backend=eventbridge_scheduler:ENABLED	target=launcher_lambda	latest=arn:aws:ecs:us-east-1:412381755468:task-definition/bot-portfolio-snapshot-8c6cd65e-4812-42c4-98bc-53dce7a001ee:134	image=412381755468.dkr.ecr.us-east-1.amazonaws.com/prod-trading-bot-base@sha256:43e7810dba4d73c860ae60e8a3071bdd06e07836391416f758154fc5a2734a07
2026-10-03T05:58:41.7170086Z OK	portfolio-snapshot-841f3459-2f23-4951-8080-56307bfd194e	backend=eventbridge_scheduler:ENABLED	target=launcher_lambda	latest=arn:aws:ecs:us-east-1:412381755468:task-definition/bot-portfolio-snapshot-841f3459-2f23-4951-8080-56307bfd194e:134	image=412381755468.dkr.ecr.us-east-1.amazonaws.com/prod-trading-bot-base@sha256:43e7810dba4d73c860ae60e8a3071bdd06e07836391416f758154fc5a2734a07
2026-10-03T05:58:41.7175678Z OK	portfolio-snapshot-f32a5110-d59c-465b-b8ba-f87884279858	backend=eventbridge_scheduler:ENABLED	target=launcher_lambda	latest=arn:aws:ecs:us-east-1:412381755468:task-definition/bot-portfolio-snapshot-f32a5110-d59c-465b-b8ba-f87884279858:68	image=412381755468.dkr.ecr.us-east-1.amazonaws.com/prod-trading-bot-base@sha256:43e7810dba4d73c860ae60e8a3071bdd06e07836391416f758154fc5a2734a07
2026-10-03T05:58:41.7180925Z OK	portfolio-snapshot-d4033ebd-f5d4-43b2-9fb7-6442ba7c5267	backend=eventbridge_scheduler:ENABLED	target=launcher_lambda	latest=arn:aws:ecs:us-east-1:412381755468:task-definition/bot-portfolio-snapshot-d4033ebd-f5d4-43b2-9fb7-6442ba7c5267:136	image=412381755468.dkr.ecr.us-east-1.amazonaws.com/prod-trading-bot-base@sha256:43e7810dba4d73c860ae60e8a3071bdd06e07836391416f758154fc5a2734a07
2026-10-03T05:58:41.7186279Z OK	portfolio-snapshot-1add0296-ef9e-442b-b529-bfd99475020f	backend=eventbridge_scheduler:ENABLED	target=launcher_lambda	latest=arn:aws:ecs:us-east-1:412381755468:task-definition/bot-portfolio-snapshot-1add0296-ef9e-442b-b529-bfd99475020f:76	image=412381755468.dkr.ecr.us-east-1.amazonaws.com/prod-trading-bot-base@sha256:43e7810dba4d73c860ae60e8a3071bdd06e07836391416f758154fc5a2734a07
2026-10-03T05:58:41.7191054Z OK	09476c5e-7bf7-4489-9210-7c2b624bb34a	backend=eventbridge_scheduler:ENABLED	target=launcher_lambda	latest=arn:aws:ecs:us-east-1:412381755468:task-definition/bot-09476c5e-7bf7-4489-9210-7c2b624bb34a:1	image=412381755468.dkr.ecr.us-east-1.amazonaws.com/prod-trading-bot-base@sha256:383e63455e66ea7dedb979849b4075ab6b42e6c7f970cb7068df62ffeeed9458
2026-10-03T05:58:41.7195239Z   WARNING digest_image_missing: Latest active task definition uses digest-pinned image and that digest is missing from ECR: 412381755468.dkr.ecr.us-east-1.amazonaws.com/prod-trading-bot-base@sha256:383e63455e66ea7dedb979849b4075ab6b42e6c7f970cb7068df62ffeeed9458
2026-10-03T05:58:41.7199196Z OK	81ec9262-ee99-42b3-94b4-9c2bd62bcb0c	backend=eventbridge_scheduler:ENABLED	target=launcher_lambda	latest=arn:aws:ecs:us-east-1:412381755468:task-definition/bot-81ec9262-ee99-42b3-94b4-9c2bd62bcb0c:1	image=412381755468.dkr.ecr.us-east-1.amazonaws.com/prod-trading-bot-base@sha256:5f17a3fd526f950c98a7cab0642f3b563216c939083415426cd85abdb86791e5
2026-10-03T05:58:41.7203473Z   WARNING digest_image_missing: Latest active task definition uses digest-pinned image and that digest is missing from ECR: 412381755468.dkr.ecr.us-east-1.amazonaws.com/prod-trading-bot-base@sha256:5f17a3fd526f950c98a7cab0642f3b563216c939083415426cd85abdb86791e5
2026-10-03T05:58:41.7207487Z OK	8de84ad0-4e36-4f58-8f0f-860b39bed2d4	backend=eventbridge_scheduler:ENABLED	target=launcher_lambda	latest=arn:aws:ecs:us-east-1:412381755468:task-definition/bot-8de84ad0-4e36-4f58-8f0f-860b39bed2d4:1	image=412381755468.dkr.ecr.us-east-1.amazonaws.com/prod-trading-bot-base@sha256:b17ea027338375588f93de306ccba73d5f49036b02798c86b6378a6656a8d52f
2026-10-03T05:58:41.7212479Z   WARNING digest_image_missing: Latest active task definition uses digest-pinned image and that digest is missing from ECR: 412381755468.dkr.ecr.us-east-1.amazonaws.com/prod-trading-bot-base@sha256:b17ea027338375588f93de306ccba73d5f49036b02798c86b6378a6656a8d52f
2026-10-03T05:58:41.7217493Z OK	6e746626-d657-4c98-8b75-36a4aa5f03c9	backend=eventbridge_scheduler:ENABLED	target=launcher_lambda	latest=arn:aws:ecs:us-east-1:412381755468:task-definition/bot-6e746626-d657-4c98-8b75-36a4aa5f03c9:1	image=412381755468.dkr.ecr.us-east-1.amazonaws.com/prod-trading-bot-base@sha256:b322846a065b9ef6d7d0321d183a2ae8258181fcd7e672ba33760634e1e5199a
2026-10-03T05:58:41.7221891Z   WARNING digest_image_missing: Latest active task definition uses digest-pinned image and that digest is missing from ECR: 412381755468.dkr.ecr.us-east-1.amazonaws.com/prod-trading-bot-base@sha256:b322846a065b9ef6d7d0321d183a2ae8258181fcd7e672ba33760634e1e5199a
2026-10-03T05:58:41.7225997Z OK	69f000f9-8d15-43bc-aa07-95f66b45213d	backend=eventbridge_scheduler:ENABLED	target=launcher_lambda	latest=arn:aws:ecs:us-east-1:412381755468:task-definition/bot-69f000f9-8d15-43bc-aa07-95f66b45213d:1	image=412381755468.dkr.ecr.us-east-1.amazonaws.com/prod-trading-bot-base@sha256:b17ea027338375588f93de306ccba73d5f49036b02798c86b6378a6656a8d52f
2026-10-03T05:58:41.7230075Z   WARNING digest_image_missing: Latest active task definition uses digest-pinned image and that digest is missing from ECR: 412381755468.dkr.ecr.us-east-1.amazonaws.com/prod-trading-bot-base@sha256:b17ea027338375588f93de306ccba73d5f49036b02798c86b6378a6656a8d52f
2026-10-03T05:58:41.7234151Z OK	7149aa91-00b6-4c96-a950-c560f18189b4	backend=eventbridge_scheduler:ENABLED	target=launcher_lambda	latest=arn:aws:ecs:us-east-1:412381755468:task-definition/bot-7149aa91-00b6-4c96-a950-c560f18189b4:1	image=412381755468.dkr.ecr.us-east-1.amazonaws.com/prod-trading-bot-base@sha256:5f17a3fd526f950c98a7cab0642f3b563216c939083415426cd85abdb86791e5
2026-10-03T05:58:41.7238119Z   WARNING digest_image_missing: Latest active task definition uses digest-pinned image and that digest is missing from ECR: 412381755468.dkr.ecr.us-east-1.amazonaws.com/prod-trading-bot-base@sha256:5f17a3fd526f950c98a7cab0642f3b563216c939083415426cd85abdb86791e5
2026-10-03T05:58:41.7242613Z OK	portfolio-snapshot-ffb6088c-b7c9-4c7c-b983-c12fe13a3d27	backend=eventbridge_scheduler:ENABLED	target=launcher_lambda	latest=arn:aws:ecs:us-east-1:412381755468:task-definition/bot-portfolio-snapshot-ffb6088c-b7c9-4c7c-b983-c12fe13a3d27:67	image=412381755468.dkr.ecr.us-east-1.amazonaws.com/prod-trading-bot-base@sha256:43e7810dba4d73c860ae60e8a3071bdd06e07836391416f758154fc5a2734a07
2026-10-03T05:58:41.7247409Z OK	304bf7ec-754d-4d20-af7e-81c336ca90df	backend=eventbridge_scheduler:ENABLED	target=launcher_lambda	latest=arn:aws:ecs:us-east-1:412381755468:task-definition/bot-304bf7ec-754d-4d20-af7e-81c336ca90df:1	image=412381755468.dkr.ecr.us-east-1.amazonaws.com/prod-trading-bot-base@sha256:5f17a3fd526f950c98a7cab0642f3b563216c939083415426cd85abdb86791e5
2026-10-03T05:58:41.7251521Z   WARNING digest_image_missing: Latest active task definition uses digest-pinned image and that digest is missing from ECR: 412381755468.dkr.ecr.us-east-1.amazonaws.com/prod-trading-bot-base@sha256:5f17a3fd526f950c98a7cab0642f3b563216c939083415426cd85abdb86791e5
2026-10-03T05:58:41.7255546Z OK	0848f0cb-140a-48ca-9ea3-bf18acf01c77	backend=eventbridge_scheduler:ENABLED	target=launcher_lambda	latest=arn:aws:ecs:us-east-1:412381755468:task-definition/bot-0848f0cb-140a-48ca-9ea3-bf18acf01c77:1	image=412381755468.dkr.ecr.us-east-1.amazonaws.com/prod-trading-bot-base@sha256:35ce987a2495519c9c40f3e6109f16e06bbb0d9d5650432b951f9b25b7f12951
2026-10-03T05:58:41.7259866Z   WARNING digest_image_missing: Latest active task definition uses digest-pinned image and that digest is missing from ECR: 412381755468.dkr.ecr.us-east-1.amazonaws.com/prod-trading-bot-base@sha256:35ce987a2495519c9c40f3e6109f16e06bbb0d9d5650432b951f9b25b7f12951
2026-10-03T05:58:41.7265717Z OK	portfolio-snapshot-506c6bfb-1a15-424d-9e1b-f9df137bc04b	backend=eventbridge_scheduler:ENABLED	target=launcher_lambda	latest=arn:aws:ecs:us-east-1:412381755468:task-definition/bot-portfolio-snapshot-506c6bfb-1a15-424d-9e1b-f9df137bc04b:315	image=412381755468.dkr.ecr.us-east-1.amazonaws.com/prod-trading-bot-base@sha256:43e7810dba4d73c860ae60e8a3071bdd06e07836391416f758154fc5a2734a07
2026-10-03T05:58:41.7272331Z OK	portfolio-snapshot-d418c8f7-cc41-4f19-ab28-1369ba1a5c38	backend=eventbridge_scheduler:ENABLED	target=launcher_lambda	latest=arn:aws:ecs:us-east-1:412381755468:task-definition/bot-portfolio-snapshot-d418c8f7-cc41-4f19-ab28-1369ba1a5c38:309	image=412381755468.dkr.ecr.us-east-1.amazonaws.com/prod-trading-bot-base@sha256:43e7810dba4d73c860ae60e8a3071bdd06e07836391416f758154fc5a2734a07
2026-10-03T05:58:41.7277286Z OK	portfolio-snapshot-4d86892c-0548-4f0b-b7da-184da466c2c6	backend=eventbridge_scheduler:ENABLED	target=launcher_lambda	latest=arn:aws:ecs:us-east-1:412381755468:task-definition/bot-portfolio-snapshot-4d86892c-0548-4f0b-b7da-184da466c2c6:137	image=412381755468.dkr.ecr.us-east-1.amazonaws.com/prod-trading-bot-base@sha256:43e7810dba4d73c860ae60e8a3071bdd06e07836391416f758154fc5a2734a07
2026-10-03T05:58:41.7282324Z OK	ba25516d-4de7-49a5-b8c0-3fd4e57266bb	backend=eventbridge_scheduler:ENABLED	target=launcher_lambda	latest=arn:aws:ecs:us-east-1:412381755468:task-definition/bot-ba25516d-4de7-49a5-b8c0-3fd4e57266bb:1	image=412381755468.dkr.ecr.us-east-1.amazonaws.com/prod-trading-bot-base@sha256:c9af6b1e7480464501df7978060f1e2e96258d5901c981466a3844e366f74032
2026-10-03T05:58:41.7286769Z OK	bf8dad49-3b55-491a-83da-d63e10ea322f	backend=eventbridge_scheduler:ENABLED	target=launcher_lambda	latest=arn:aws:ecs:us-east-1:412381755468:task-definition/bot-bf8dad49-3b55-491a-83da-d63e10ea322f:1	image=412381755468.dkr.ecr.us-east-1.amazonaws.com/prod-trading-bot-base@sha256:5f17a3fd526f950c98a7cab0642f3b563216c939083415426cd85abdb86791e5
2026-10-03T05:58:41.7290895Z   WARNING digest_image_missing: Latest active task definition uses digest-pinned image and that digest is missing from ECR: 412381755468.dkr.ecr.us-east-1.amazonaws.com/prod-trading-bot-base@sha256:5f17a3fd526f950c98a7cab0642f3b563216c939083415426cd85abdb86791e5
2026-10-03T05:58:41.7295668Z OK	fee9cea8-3aa1-4978-9805-f15be9f49a1a	backend=eventbridge_scheduler:ENABLED	target=launcher_lambda	latest=arn:aws:ecs:us-east-1:412381755468:task-definition/bot-fee9cea8-3aa1-4978-9805-f15be9f49a1a:1	image=412381755468.dkr.ecr.us-east-1.amazonaws.com/prod-trading-bot-base@sha256:c9af6b1e7480464501df7978060f1e2e96258d5901c981466a3844e366f74032
2026-10-03T05:58:41.7300785Z OK	portfolio-snapshot-502085f4-68ab-4ffb-b796-861607a8a376	backend=eventbridge_scheduler:ENABLED	target=launcher_lambda	latest=arn:aws:ecs:us-east-1:412381755468:task-definition/bot-portfolio-snapshot-502085f4-68ab-4ffb-b796-861607a8a376:134	image=412381755468.dkr.ecr.us-east-1.amazonaws.com/prod-trading-bot-base@sha256:43e7810dba4d73c860ae60e8a3071bdd06e07836391416f758154fc5a2734a07
2026-10-03T05:58:41.7305979Z OK	portfolio-snapshot-6a4067ab-0879-4757-8f00-6746082571c4	backend=eventbridge_scheduler:ENABLED	target=launcher_lambda	latest=arn:aws:ecs:us-east-1:412381755468:task-definition/bot-portfolio-snapshot-6a4067ab-0879-4757-8f00-6746082571c4:138	image=412381755468.dkr.ecr.us-east-1.amazonaws.com/prod-trading-bot-base@sha256:43e7810dba4d73c860ae60e8a3071bdd06e07836391416f758154fc5a2734a07
2026-10-03T05:58:41.7309496Z   WARNING target_not_latest_task_definition: Schedule target points at an older task definition revision.
2026-10-03T05:58:41.7313147Z OK	portfolio-snapshot-197145bb-5eea-4e0a-a322-8d60e45843d1	backend=eventbridge_scheduler:ENABLED	target=launcher_lambda	latest=arn:aws:ecs:us-east-1:412381755468:task-definition/bot-portfolio-snapshot-197145bb-5eea-4e0a-a322-8d60e45843d1:145	image=412381755468.dkr.ecr.us-east-1.amazonaws.com/prod-trading-bot-base@sha256:43e7810dba4d73c860ae60e8a3071bdd06e07836391416f758154fc5a2734a07
2026-10-03T05:58:41.7323761Z OK	5d987341-79f9-4f60-96b2-5da75dbacf20	backend=eventbridge_scheduler:ENABLED	target=launcher_lambda	latest=arn:aws:ecs:us-east-1:412381755468:task-definition/bot-5d987341-79f9-4f60-96b2-5da75dbacf20:1	image=412381755468.dkr.ecr.us-east-1.amazonaws.com/prod-trading-bot-base@sha256:5f17a3fd526f950c98a7cab0642f3b563216c939083415426cd85abdb86791e5
2026-10-03T05:58:41.7329120Z   WARNING digest_image_missing: Latest active task definition uses digest-pinned image and that digest is missing from ECR: 412381755468.dkr.ecr.us-east-1.amazonaws.com/prod-trading-bot-base@sha256:5f17a3fd526f950c98a7cab0642f3b563216c939083415426cd85abdb86791e5
2026-10-03T05:58:41.7333421Z OK	32f5a642-d91b-4fd5-8392-6b0a38932384	backend=eventbridge_scheduler:ENABLED	target=launcher_lambda	latest=arn:aws:ecs:us-east-1:412381755468:task-definition/bot-32f5a642-d91b-4fd5-8392-6b0a38932384:1	image=412381755468.dkr.ecr.us-east-1.amazonaws.com/prod-trading-bot-base@sha256:5f17a3fd526f950c98a7cab0642f3b563216c939083415426cd85abdb86791e5
2026-10-03T05:58:41.7337673Z   WARNING digest_image_missing: Latest active task definition uses digest-pinned image and that digest is missing from ECR: 412381755468.dkr.ecr.us-east-1.amazonaws.com/prod-trading-bot-base@sha256:5f17a3fd526f950c98a7cab0642f3b563216c939083415426cd85abdb86791e5
2026-10-03T05:58:41.7342617Z OK	portfolio-snapshot-3c5bc517-ff0d-4efa-9e41-41c0eccf6ee0	backend=eventbridge_scheduler:ENABLED	target=launcher_lambda	latest=arn:aws:ecs:us-east-1:412381755468:task-definition/bot-portfolio-snapshot-3c5bc517-ff0d-4efa-9e41-41c0eccf6ee0:315	image=412381755468.dkr.ecr.us-east-1.amazonaws.com/prod-trading-bot-base@sha256:43e7810dba4d73c860ae60e8a3071bdd06e07836391416f758154fc5a2734a07
2026-10-03T05:58:41.7349387Z OK	portfolio-snapshot-2470e334-9551-475b-a5bb-fe509f26c924	backend=eventbridge_scheduler:ENABLED	target=launcher_lambda	latest=arn:aws:ecs:us-east-1:412381755468:task-definition/bot-portfolio-snapshot-2470e334-9551-475b-a5bb-fe509f26c924:318	image=412381755468.dkr.ecr.us-east-1.amazonaws.com/prod-trading-bot-base@sha256:43e7810dba4d73c860ae60e8a3071bdd06e07836391416f758154fc5a2734a07
2026-10-03T05:58:41.7354778Z OK	portfolio-snapshot-3b1b672c-cb09-4e46-9cea-882ad35212cf	backend=eventbridge_scheduler:ENABLED	target=launcher_lambda	latest=arn:aws:ecs:us-east-1:412381755468:task-definition/bot-portfolio-snapshot-3b1b672c-cb09-4e46-9cea-882ad35212cf:132	image=412381755468.dkr.ecr.us-east-1.amazonaws.com/prod-trading-bot-base@sha256:43e7810dba4d73c860ae60e8a3071bdd06e07836391416f758154fc5a2734a07
2026-10-03T05:58:41.7359704Z OK	portfolio-snapshot-68637df6-1d43-4804-88c0-7d97b886955c	backend=eventbridge_scheduler:ENABLED	target=launcher_lambda	latest=arn:aws:ecs:us-east-1:412381755468:task-definition/bot-portfolio-snapshot-68637df6-1d43-4804-88c0-7d97b886955c:67	image=412381755468.dkr.ecr.us-east-1.amazonaws.com/prod-trading-bot-base@sha256:43e7810dba4d73c860ae60e8a3071bdd06e07836391416f758154fc5a2734a07
2026-10-03T05:58:41.7364980Z OK	portfolio-snapshot-d8221171-d440-4f0f-9884-e984f3a8f73c	backend=eventbridge_scheduler:ENABLED	target=launcher_lambda	latest=arn:aws:ecs:us-east-1:412381755468:task-definition/bot-portfolio-snapshot-d8221171-d440-4f0f-9884-e984f3a8f73c:132	image=412381755468.dkr.ecr.us-east-1.amazonaws.com/prod-trading-bot-base@sha256:43e7810dba4d73c860ae60e8a3071bdd06e07836391416f758154fc5a2734a07
2026-10-03T05:58:41.7369687Z OK	f4d578f9-9d8e-452f-8786-0d1de4673428	backend=eventbridge_scheduler:ENABLED	target=launcher_lambda	latest=arn:aws:ecs:us-east-1:412381755468:task-definition/bot-f4d578f9-9d8e-452f-8786-0d1de4673428:1	image=412381755468.dkr.ecr.us-east-1.amazonaws.com/prod-trading-bot-base@sha256:50619b5ee6381848412faa073bd4ebe95d033b862a6cc387092251f77574913b
2026-10-03T05:58:41.7373849Z   WARNING digest_image_missing: Latest active task definition uses digest-pinned image and that digest is missing from ECR: 412381755468.dkr.ecr.us-east-1.amazonaws.com/prod-trading-bot-base@sha256:50619b5ee6381848412faa073bd4ebe95d033b862a6cc387092251f77574913b
2026-10-03T05:58:41.7379363Z OK	68d5566f-9b0b-4360-b278-b710467ec7aa	backend=eventbridge_scheduler:ENABLED	target=launcher_lambda	latest=arn:aws:ecs:us-east-1:412381755468:task-definition/bot-68d5566f-9b0b-4360-b278-b710467ec7aa:1	image=412381755468.dkr.ecr.us-east-1.amazonaws.com/prod-trading-bot-base@sha256:97e36219864d790609d4584cded12df56f95dac2f571fa3fef7845ec0d4086c8
2026-10-03T05:58:41.7385370Z OK	73756adc-4d93-459f-aca1-cfdab8166028	backend=eventbridge_scheduler:ENABLED	target=launcher_lambda	latest=arn:aws:ecs:us-east-1:412381755468:task-definition/bot-73756adc-4d93-459f-aca1-cfdab8166028:1	image=412381755468.dkr.ecr.us-east-1.amazonaws.com/prod-trading-bot-base@sha256:b322846a065b9ef6d7d0321d183a2ae8258181fcd7e672ba33760634e1e5199a
2026-10-03T05:58:41.7389414Z   WARNING digest_image_missing: Latest active task definition uses digest-pinned image and that digest is missing from ECR: 412381755468.dkr.ecr.us-east-1.amazonaws.com/prod-trading-bot-base@sha256:b322846a065b9ef6d7d0321d183a2ae8258181fcd7e672ba33760634e1e5199a
2026-10-03T05:58:41.7393919Z OK	portfolio-snapshot-519bac84-5c09-4a61-8c33-62bbf0049149	backend=eventbridge_scheduler:ENABLED	target=launcher_lambda	latest=arn:aws:ecs:us-east-1:412381755468:task-definition/bot-portfolio-snapshot-519bac84-5c09-4a61-8c33-62bbf0049149:317	image=412381755468.dkr.ecr.us-east-1.amazonaws.com/prod-trading-bot-base@sha256:43e7810dba4d73c860ae60e8a3071bdd06e07836391416f758154fc5a2734a07
2026-10-03T05:58:41.7406853Z OK	portfolio-snapshot-54b60abd-9b0c-4d00-9432-c318a59a0073	backend=eventbridge_scheduler:ENABLED	target=launcher_lambda	latest=arn:aws:ecs:us-east-1:412381755468:task-definition/bot-portfolio-snapshot-54b60abd-9b0c-4d00-9432-c318a59a0073:107	image=412381755468.dkr.ecr.us-east-1.amazonaws.com/prod-trading-bot-base@sha256:43e7810dba4d73c860ae60e8a3071bdd06e07836391416f758154fc5a2734a07
2026-10-03T05:58:41.7409616Z   WARNING target_not_latest_task_definition: Schedule target points at an older task definition revision.
2026-10-03T05:58:41.7412486Z OK	portfolio-snapshot-9cf7580f-f10d-4882-b79d-5663902eb1e2	backend=eventbridge_scheduler:ENABLED	target=launcher_lambda	latest=arn:aws:ecs:us-east-1:412381755468:task-definition/bot-portfolio-snapshot-9cf7580f-f10d-4882-b79d-5663902eb1e2:285	image=412381755468.dkr.ecr.us-east-1.amazonaws.com/prod-trading-bot-base@sha256:43e7810dba4d73c860ae60e8a3071bdd06e07836391416f758154fc5a2734a07
2026-10-03T05:58:41.7416520Z OK	b3e868fa-9675-4cd7-adc2-fb4100d4366d	backend=eventbridge_scheduler:ENABLED	target=launcher_lambda	latest=arn:aws:ecs:us-east-1:412381755468:task-definition/bot-b3e868fa-9675-4cd7-adc2-fb4100d4366d:1	image=412381755468.dkr.ecr.us-east-1.amazonaws.com/prod-trading-bot-base@sha256:b322846a065b9ef6d7d0321d183a2ae8258181fcd7e672ba33760634e1e5199a
2026-10-03T05:58:41.7420585Z   WARNING digest_image_missing: Latest active task definition uses digest-pinned image and that digest is missing from ECR: 412381755468.dkr.ecr.us-east-1.amazonaws.com/prod-trading-bot-base@sha256:b322846a065b9ef6d7d0321d183a2ae8258181fcd7e672ba33760634e1e5199a
2026-10-03T05:58:41.7424277Z OK	portfolio-snapshot-bfae844f-8721-413d-b078-a8dd33570922	backend=eventbridge_scheduler:ENABLED	target=launcher_lambda	latest=arn:aws:ecs:us-east-1:412381755468:task-definition/bot-portfolio-snapshot-bfae844f-8721-413d-b078-a8dd33570922:74	image=412381755468.dkr.ecr.us-east-1.amazonaws.com/prod-trading-bot-base@sha256:43e7810dba4d73c860ae60e8a3071bdd06e07836391416f758154fc5a2734a07
2026-10-03T05:58:41.7428620Z OK	portfolio-snapshot-71a20c50-aef7-4d89-b3e8-45ed86bbe010	backend=eventbridge_scheduler:ENABLED	target=launcher_lambda	latest=arn:aws:ecs:us-east-1:412381755468:task-definition/bot-portfolio-snapshot-71a20c50-aef7-4d89-b3e8-45ed86bbe010:77	image=412381755468.dkr.ecr.us-east-1.amazonaws.com/prod-trading-bot-base@sha256:43e7810dba4d73c860ae60e8a3071bdd06e07836391416f758154fc5a2734a07
2026-10-03T05:58:41.7432723Z OK	1ce8197f-bbbb-4723-8ce2-2c116ab66b4b	backend=eventbridge_scheduler:ENABLED	target=launcher_lambda	latest=arn:aws:ecs:us-east-1:412381755468:task-definition/bot-1ce8197f-bbbb-4723-8ce2-2c116ab66b4b:1	image=412381755468.dkr.ecr.us-east-1.amazonaws.com/prod-trading-bot-base@sha256:ac3ea09c321efc6cc0691825ab7d3289ef3920700322bf559f1e8525a4b53978
2026-10-03T05:58:41.7438129Z OK	portfolio-snapshot-c076d3de-29be-4a85-b671-ae3a084a53ca	backend=eventbridge_scheduler:ENABLED	target=launcher_lambda	latest=arn:aws:ecs:us-east-1:412381755468:task-definition/bot-portfolio-snapshot-c076d3de-29be-4a85-b671-ae3a084a53ca:68	image=412381755468.dkr.ecr.us-east-1.amazonaws.com/prod-trading-bot-base@sha256:43e7810dba4d73c860ae60e8a3071bdd06e07836391416f758154fc5a2734a07
2026-10-03T05:58:41.7443726Z OK	portfolio-snapshot-90c2fa08-8abc-4f77-a257-bf16a23b962c	backend=eventbridge_scheduler:ENABLED	target=launcher_lambda	latest=arn:aws:ecs:us-east-1:412381755468:task-definition/bot-portfolio-snapshot-90c2fa08-8abc-4f77-a257-bf16a23b962c:38	image=412381755468.dkr.ecr.us-east-1.amazonaws.com/prod-trading-bot-base@sha256:43e7810dba4d73c860ae60e8a3071bdd06e07836391416f758154fc5a2734a07
2026-10-03T05:58:41.7446456Z   WARNING target_not_latest_task_definition: Schedule target points at an older task definition revision.
2026-10-03T05:58:41.7448917Z OK	d4cba58d-ea51-4303-85dc-7c95e6913ed2	backend=eventbridge_scheduler:ENABLED	target=launcher_lambda	latest=arn:aws:ecs:us-east-1:412381755468:task-definition/bot-d4cba58d-ea51-4303-85dc-7c95e6913ed2:1	image=412381755468.dkr.ecr.us-east-1.amazonaws.com/prod-trading-bot-base@sha256:5f17a3fd526f950c98a7cab0642f3b563216c939083415426cd85abdb86791e5
2026-10-03T05:58:41.7452265Z   WARNING digest_image_missing: Latest active task definition uses digest-pinned image and that digest is missing from ECR: 412381755468.dkr.ecr.us-east-1.amazonaws.com/prod-trading-bot-base@sha256:5f17a3fd526f950c98a7cab0642f3b563216c939083415426cd85abdb86791e5
2026-10-03T05:58:41.7455538Z OK	39efb7fa-633a-41f4-afe5-c0818449b9b9	backend=eventbridge_scheduler:ENABLED	target=launcher_lambda	latest=arn:aws:ecs:us-east-1:412381755468:task-definition/bot-39efb7fa-633a-41f4-afe5-c0818449b9b9:1	image=412381755468.dkr.ecr.us-east-1.amazonaws.com/prod-trading-bot-base@sha256:43e7810dba4d73c860ae60e8a3071bdd06e07836391416f758154fc5a2734a07
2026-10-03T05:58:41.7459391Z OK	7b190287-8f0a-4857-a0db-138a52480712	backend=eventbridge_scheduler:ENABLED	target=launcher_lambda	latest=arn:aws:ecs:us-east-1:412381755468:task-definition/bot-7b190287-8f0a-4857-a0db-138a52480712:1	image=412381755468.dkr.ecr.us-east-1.amazonaws.com/prod-trading-bot-base@sha256:5f17a3fd526f950c98a7cab0642f3b563216c939083415426cd85abdb86791e5
2026-10-03T05:58:41.7462714Z   WARNING digest_image_missing: Latest active task definition uses digest-pinned image and that digest is missing from ECR: 412381755468.dkr.ecr.us-east-1.amazonaws.com/prod-trading-bot-base@sha256:5f17a3fd526f950c98a7cab0642f3b563216c939083415426cd85abdb86791e5
2026-10-03T05:58:41.7465991Z OK	26be4ac2-f690-4e60-b76a-593525d4e4d6	backend=eventbridge_scheduler:ENABLED	target=launcher_lambda	latest=arn:aws:ecs:us-east-1:412381755468:task-definition/bot-26be4ac2-f690-4e60-b76a-593525d4e4d6:1	image=412381755468.dkr.ecr.us-east-1.amazonaws.com/prod-trading-bot-base@sha256:5f17a3fd526f950c98a7cab0642f3b563216c939083415426cd85abdb86791e5
2026-10-03T05:58:41.7469249Z   WARNING digest_image_missing: Latest active task definition uses digest-pinned image and that digest is missing from ECR: 412381755468.dkr.ecr.us-east-1.amazonaws.com/prod-trading-bot-base@sha256:5f17a3fd526f950c98a7cab0642f3b563216c939083415426cd85abdb86791e5
2026-10-03T05:58:41.8042833Z [05:58:41] [28s] Scheduled deployment guard passed (pre-terraform)
2026-10-03T05:58:41.8068959Z [05:58:41] [28s] Step 2: Terraform init
2026-10-03T05:58:41.9113043Z 
2026-10-03T05:58:41.9140403Z [0m[1mInitializing the backend...[0m
2026-10-03T05:58:42.8514253Z [0m[32m
2026-10-03T05:58:42.8515110Z Successfully configured the backend "s3"! Terraform will automatically
2026-10-03T05:58:42.8516418Z use this backend unless the backend configuration changes.[0m
2026-10-03T05:58:43.9340336Z [0m[1mInitializing modules...[0m
2026-10-03T05:58:43.9402986Z - nat_router_qualification in modules/private_nat_router
2026-10-03T05:58:43.9482432Z 
2026-10-03T05:58:43.9483202Z [0m[1mInitializing provider plugins...[0m
2026-10-03T05:58:43.9487632Z - Reusing previous version of hashicorp/null from the dependency lock file
2026-10-03T05:58:43.9793268Z - Reusing previous version of hashicorp/tls from the dependency lock file
2026-10-03T05:58:43.9879971Z - Reusing previous version of hashicorp/archive from the dependency lock file
2026-10-03T05:58:43.9960175Z - Reusing previous version of hashicorp/aws from the dependency lock file
2026-10-03T05:58:44.2091553Z - Installing hashicorp/null v3.2.4...
2026-10-03T05:58:44.6122431Z - Installed hashicorp/null v3.2.4 (signed by HashiCorp)
2026-10-03T05:58:44.7489022Z - Installing hashicorp/tls v4.1.0...
2026-10-03T05:58:45.1802980Z - Installed hashicorp/tls v4.1.0 (signed by HashiCorp)
2026-10-03T05:58:45.3371858Z - Installing hashicorp/archive v2.7.1...
2026-10-03T05:58:45.7380069Z - Installed hashicorp/archive v2.7.1 (signed by HashiCorp)
2026-10-03T05:58:46.8289187Z - Installing hashicorp/aws v5.100.0...
2026-10-03T05:58:54.6570322Z - Installed hashicorp/aws v5.100.0 (signed by HashiCorp)
2026-10-03T05:58:54.6571183Z 
2026-10-03T05:58:54.6571802Z Terraform has made some changes to the provider dependency selections recorded
2026-10-03T05:58:54.6572687Z in the .terraform.lock.hcl file. Review those changes and commit them to your
2026-10-03T05:58:54.6573519Z version control system if they represent changes you intended to make.
2026-10-03T05:58:54.6574149Z 
2026-10-03T05:58:54.6580325Z [0m[1m[32mTerraform has been successfully initialized![0m[32m[0m
2026-10-03T05:58:54.6588673Z [0m[32m
2026-10-03T05:58:54.6589931Z You may now begin working with Terraform. Try running "terraform plan" to see
2026-10-03T05:58:54.6591009Z any changes that are required for your infrastructure. All Terraform commands
2026-10-03T05:58:54.6591917Z should now work.
2026-10-03T05:58:54.6592286Z 
2026-10-03T05:58:54.6592764Z If you ever set or change modules or backend configuration for Terraform,
2026-10-03T05:58:54.6593755Z rerun this command to reinitialize your working directory. If you forget, other
2026-10-03T05:58:54.6594899Z commands will detect it and remind you to do so if necessary.[0m
2026-10-03T05:58:54.6838148Z [05:58:54] [41s] Exported release manifest vars release_id=13edd12075d7-37101252446-1-promoted manifest_sha=21dbdc4476f5e7f02b7db531721a08ef7c0487f675742593cfbe77c7164765bc
2026-10-03T05:58:55.3648981Z s3://bot-manager-tf-state/prod/deployments/37101252446.json
2026-10-03T05:58:55.4408987Z [05:58:55] [42s] Step 3: Terraform apply for prod
2026-10-03T05:58:56.4227447Z [05:58:56] [43s] Detaching unused backtest tier capacity providers (prod): prod-trading-bots-backtest-cp-medium, prod-trading-bots-backtest-cp-large
2026-10-03T05:58:57.5296377Z [05:58:57] [44s] ✓ Detached prod-trading-bots-backtest-cp-medium/prod-trading-bots-backtest-cp-large from prod-trading-bots-backtest (if they were attached)
2026-10-03T05:59:47.8506924Z Terraform plan safety check passed: no destructive actions.
2026-10-03T05:59:51.6891678Z {"retained_release_images": 3}
2026-10-03T05:59:52.4710192Z {"recovered_deleted_images": 0}
2026-10-03T05:59:57.8663521Z [0m[1mdata.archive_file.data_cache_lambda: Reading...[0m[0m
2026-10-03T05:59:57.8943214Z [0m[1mdata.tls_certificate.github: Reading...[0m[0m
2026-10-03T05:59:57.8944567Z [0m[1mnull_resource.scheduled_custom_prod_compliance_gate: Refreshing state... [id=6911300295978452484][0m
2026-10-03T05:59:57.8946040Z [0m[1mnull_resource.backtest_snapshot_trigger: Refreshing state... [id=8335510523476963862][0m
2026-10-03T05:59:57.8960155Z [0m[1mnull_resource.backtest_capacity_type_gate: Refreshing state... [id=910378454119162934][0m
2026-10-03T05:59:57.8961321Z [0m[1mnull_resource.base_snapshot_trigger: Refreshing state... [id=6340967067829725280][0m
2026-10-03T05:59:57.8962379Z [0m[1mdata.archive_file.backtest_capacity_controller_lambda: Reading...[0m[0m
2026-10-03T05:59:57.8963371Z [0m[1mdata.archive_file.scale_down_idle_backtest_tiers_lambda: Reading...[0m[0m
2026-10-03T05:59:57.8964742Z [0m[1mnull_resource.listener_write_url_configuration_gate: Refreshing state... [id=686626219336314759][0m
2026-10-03T05:59:57.8966870Z [0m[1mnull_resource.release_manifest_contract: Refreshing state... [id=4769727889426753798][0m
2026-10-03T05:59:57.9051818Z [0m[1mdata.archive_file.scale_down_idle_backtest_tiers_lambda: Read complete after 0s [id=ee22f41f5cb897a5ee610cbe96dbda3258b42c4c][0m
2026-10-03T05:59:57.9055357Z [0m[1mdata.archive_file.backtest_capacity_controller_lambda: Read complete after 0s [id=aef9236f45350dae73f03be6fc513f2dc031812a][0m
2026-10-03T05:59:57.9122984Z [0m[1mdata.archive_file.data_cache_lambda: Read complete after 0s [id=e88e8b39a890ee1e5295f1f88afb412d055c0ca0][0m
2026-10-03T05:59:58.0736643Z [0m[1mdata.tls_certificate.github: Read complete after 0s [id=44ba077aa288a64abc5b3c6a00f39a50bca8257e][0m
2026-10-03T05:59:58.1641588Z [0m[1mdata.aws_iam_policy_document.ec2_instance_assume: Reading...[0m[0m
2026-10-03T05:59:58.1643193Z [0m[1mdata.aws_iam_policy_document.ecs_execution_assume: Reading...[0m[0m
2026-10-03T05:59:58.1644739Z [0m[1mdata.aws_availability_zones.current: Reading...[0m[0m
2026-10-03T05:59:58.1646961Z [0m[1mdata.aws_acm_certificate.api_cert: Reading...[0m[0m
2026-10-03T05:59:58.1648359Z [0m[1maws_cloudwatch_event_rule.cleanup_cost_leaks_rule: Refreshing state... [id=prod-cleanup-cost-leaks-rule][0m
2026-10-03T05:59:58.1649628Z [0m[1mdata.aws_caller_identity.current: Reading...[0m[0m
2026-10-03T05:59:58.1650690Z [0m[1mdata.aws_iam_policy_document.custom_task_assume: Reading...[0m[0m
2026-10-03T05:59:58.1756573Z [0m[1maws_budgets_budget.bot_manager_service_cost["ec2_other"]: Refreshing state... [id=412381755468:bot-manager-ec2_other-monthly-170][0m
2026-10-03T05:59:58.1758705Z [0m[1mdata.aws_iam_policy_document.ecs_execution_assume: Read complete after 0s [id=1077804475][0m
2026-10-03T05:59:58.1760788Z [0m[1mdata.aws_iam_policy_document.custom_task_assume: Read complete after 0s [id=1077804475][0m
2026-10-03T05:59:58.1772463Z [0m[1mdata.aws_iam_policy_document.ec2_instance_assume: Read complete after 0s [id=2851119427][0m
2026-10-03T05:59:58.1774208Z [0m[1maws_dynamodb_table.ibkr_gateway_state: Refreshing state... [id=prod-ibkr-gateway-state][0m
2026-10-03T05:59:58.1875339Z [0m[1maws_budgets_budget.bot_manager_service_cost["cloudwatch"]: Refreshing state... [id=412381755468:bot-manager-cloudwatch-monthly-150][0m
2026-10-03T05:59:58.1878243Z [0m[1maws_budgets_budget.bot_manager_service_cost["s3"]: Refreshing state... [id=412381755468:bot-manager-s3-monthly-25][0m
2026-10-03T05:59:58.1903221Z [0m[1maws_budgets_budget.bot_manager_service_cost["ses"]: Refreshing state... [id=412381755468:bot-manager-ses-monthly-5][0m
2026-10-03T05:59:58.1993808Z [0m[1maws_budgets_budget.bot_manager_service_cost["sns"]: Refreshing state... [id=412381755468:bot-manager-sns-monthly-5][0m
2026-10-03T05:59:58.2313475Z [0m[1mdata.aws_caller_identity.current: Read complete after 0s [id=412381755468][0m
2026-10-03T05:59:58.2376288Z [0m[1maws_budgets_budget.bot_manager_service_cost["guardduty"]: Refreshing state... [id=412381755468:bot-manager-guardduty-monthly-35][0m
2026-10-03T05:59:58.4301751Z [0m[1mdata.aws_availability_zones.current: Read complete after 0s [id=us-east-1][0m
2026-10-03T05:59:58.4362334Z [0m[1maws_budgets_budget.bot_manager_service_cost["kms"]: Refreshing state... [id=412381755468:bot-manager-kms-monthly-15][0m
2026-10-03T05:59:58.5021358Z [0m[1maws_budgets_budget.bot_manager_service_cost["secrets_manager"]: Refreshing state... [id=412381755468:bot-manager-secrets_manager-monthly-85][0m
2026-10-03T05:59:58.6534748Z [0m[1mdata.aws_acm_certificate.api_cert: Read complete after 1s [id=arn:aws:acm:us-east-1:412381755468:certificate/856981c7-2441-44d9-8d63-b230f2c06def][0m
2026-10-03T05:59:58.6598114Z [0m[1maws_budgets_budget.bot_manager_service_cost["ec2_compute"]: Refreshing state... [id=412381755468:bot-manager-ec2_compute-monthly-450][0m
2026-10-03T05:59:58.9099410Z [0m[1maws_budgets_budget.bot_manager_service_cost["lambda"]: Refreshing state... [id=412381755468:bot-manager-lambda-monthly-15][0m
2026-10-03T06:00:04.7226915Z [0m[1maws_cloudwatch_event_rule.reconcile_idle_live_capacity_rule: Refreshing state... [id=prod-reconcile-idle-live-capacity-rule][0m
2026-10-03T06:00:04.7614317Z [0m[1maws_dynamodb_table.backtest_errors: Refreshing state... [id=prod-backtest-errors][0m
2026-10-03T06:00:04.7930466Z [0m[1maws_iam_role.eventbridge_scheduled_test_custom_role[0]: Refreshing state... [id=prod-eventbridge-scheduled-test-custom-role][0m
2026-10-03T06:00:04.8034677Z [0m[1maws_dynamodb_table.backtest_incidents: Refreshing state... [id=prod-backtest-incidents][0m
2026-10-03T06:00:04.8196496Z [0m[1maws_dynamodb_table.deployment_stats: Refreshing state... [id=prod-deployment-stats][0m
2026-10-03T06:00:04.8606477Z [0m[1maws_guardduty_detector.this[0]: Refreshing state... [id=fd618d138d284ec2b18c5e208f9b98b7][0m
2026-10-03T06:00:04.8902588Z [0m[1maws_iam_role.eventbridge_cleanup_scheduled_secrets_role: Refreshing state... [id=prod-eventbridge-cleanup-scheduled-secrets-role][0m
2026-10-03T06:00:04.8928112Z [0m[1maws_iam_role.eventbridge_scheduled_test_backtest_role[0]: Refreshing state... [id=prod-eventbridge-scheduled-test-backtest-role][0m
2026-10-03T06:00:05.0531167Z [0m[1mdata.aws_iam_policy_document.backtest_ec2_assume_role: Reading...[0m[0m
2026-10-03T06:00:05.0552473Z [0m[1mdata.aws_iam_policy_document.backtest_ec2_assume_role: Read complete after 0s [id=2851119427][0m
2026-10-03T06:00:05.0590132Z [0m[1maws_iam_role.eventbridge_scale_down_idle_backtest_tiers_role[0]: Refreshing state... [id=prod-eventbridge-scale-down-idle-backtest-tiers-role][0m
2026-10-03T06:00:05.0808900Z [0m[1maws_s3_bucket.trading_bot_backtest_cache: Refreshing state... [id=prod-trading-bot-backtest-cache][0m
2026-10-03T06:00:05.2469496Z [0m[1maws_s3_bucket.scheduled_bot_state: Refreshing state... [id=prod-trading-bot-scheduled-state][0m
2026-10-03T06:00:05.2897861Z [0m[1maws_iam_openid_connect_provider.github: Refreshing state... [id=arn:aws:iam::412381755468:oidc-provider/token.actions.githubusercontent.com][0m
2026-10-03T06:00:05.3012121Z [0m[1maws_dynamodb_table.broker_token_authority_state: Refreshing state... [id=prod-broker-token-authority-state][0m
2026-10-03T06:00:05.3398574Z [0m[1maws_dynamodb_table.backtest_metrics: Refreshing state... [id=prod-backtest-metrics][0m
2026-10-03T06:00:05.3612190Z [0m[1mdata.aws_ecr_repository.bootstrap: Reading...[0m[0m
2026-10-03T06:00:05.3811197Z [0m[1maws_cloudwatch_event_rule.scale_down_idle_backtest_tiers_rule[0]: Refreshing state... [id=prod-scale-down-idle-backtest-tiers-rule][0m
2026-10-03T06:00:05.3894426Z [0m[1mdata.aws_iam_policy_document.lambda_assume_role: Reading...[0m[0m
2026-10-03T06:00:05.3919800Z [0m[1mdata.aws_iam_policy_document.lambda_assume_role: Read complete after 0s [id=2690255455][0m
2026-10-03T06:00:05.3934907Z [0m[1mdata.aws_ssm_parameter.bottlerocket_ami: Reading...[0m[0m
2026-10-03T06:00:05.3947458Z [0m[1maws_ecs_cluster.clusters["prod-trading-bots-backtest"]: Refreshing state... [id=arn:aws:ecs:us-east-1:412381755468:cluster/prod-trading-bots-backtest][0m
2026-10-03T06:00:05.4166583Z [0m[1maws_cloudwatch_event_rule.kill_stale_backtests_rule[0]: Refreshing state... [id=prod-kill-stale-backtests-rule][0m
2026-10-03T06:00:05.4444654Z [0m[1mdata.aws_iam_policy_document.apigateway_cloudwatch_assume_role: Reading...[0m[0m
2026-10-03T06:00:05.4458106Z [0m[1mdata.aws_iam_policy_document.apigateway_cloudwatch_assume_role: Read complete after 0s [id=2699642182][0m
2026-10-03T06:00:05.4517677Z [0m[1maws_s3_bucket.trading_bot_backtests: Refreshing state... [id=prod-trading-bot-backtests][0m
2026-10-03T06:00:05.5949841Z [0m[1mdata.aws_iam_policy_document.scheduler_assume: Reading...[0m[0m
2026-10-03T06:00:05.5965780Z [0m[1mdata.aws_iam_policy_document.scheduler_assume: Read complete after 0s [id=52247394][0m
2026-10-03T06:00:05.5980551Z [0m[1mdata.aws_route53_zone.primary: Reading...[0m[0m
2026-10-03T06:00:05.6235444Z [0m[1mdata.aws_iam_policy_document.eventbridge_assume: Reading...[0m[0m
2026-10-03T06:00:05.6247915Z [0m[1mdata.aws_iam_policy_document.eventbridge_assume: Read complete after 0s [id=3959961479][0m
2026-10-03T06:00:05.6260852Z [0m[1mdata.aws_ecr_repository.backtest: Reading...[0m[0m
2026-10-03T06:00:05.6503255Z [0m[1mdata.aws_ssm_parameter.bottlerocket_ami: Read complete after 1s [id=/aws/service/bottlerocket/aws-ecs-2/arm64/latest/image_id][0m
2026-10-03T06:00:05.6547766Z [0m[1maws_dynamodb_table.bots["prod-trading-bots-backtest"]: Refreshing state... [id=prod-trading-bots-backtest][0m
2026-10-03T06:00:05.6677905Z [0m[1maws_dynamodb_table.bots["prod-trading-bots"]: Refreshing state... [id=prod-trading-bots][0m
2026-10-03T06:00:05.6695731Z [0m[1maws_ecs_cluster.clusters["prod-trading-bots"]: Refreshing state... [id=arn:aws:ecs:us-east-1:412381755468:cluster/prod-trading-bots][0m
2026-10-03T06:00:05.6702628Z [0m[1maws_vpc.shared_vpc: Refreshing state... [id=vpc-0a1fe815eb307e8a1][0m
2026-10-03T06:00:05.7631911Z [0m[1maws_cloudwatch_event_rule.unprotect_idle_backtest_instances_rule[0]: Refreshing state... [id=prod-unprotect-idle-backtest-instances-rule][0m
2026-10-03T06:00:05.8757894Z [0m[1mdata.aws_ecr_repository.bootstrap: Read complete after 1s [id=prod-trading-bot-bootstrap][0m
2026-10-03T06:00:05.8791984Z [0m[1maws_sns_topic.cloudwatch_alarms_topic[0]: Refreshing state... [id=arn:aws:sns:us-east-1:412381755468:prod-cloudwatch-alarms][0m
2026-10-03T06:00:05.9387189Z [0m[1maws_iam_role.eventbridge_kill_stale_backtests_role[0]: Refreshing state... [id=prod-eventbridge-kill-stale-backtests-role][0m
2026-10-03T06:00:05.9839888Z [0m[1maws_dynamodb_table.api_rate_limit: Refreshing state... [id=prod-api-rate-limit][0m
2026-10-03T06:00:06.0121137Z [0m[1maws_cloudwatch_event_rule.scheduled_test_backtest_rule[0]: Refreshing state... [id=prod-scheduled-test-backtest-rule][0m
2026-10-03T06:00:06.0264063Z [0m[1mdata.aws_ecr_repository.backtest: Read complete after 0s [id=prod-trading-bot-backtest][0m
2026-10-03T06:00:06.0275324Z [0m[1mdata.aws_ecr_repository.base: Reading...[0m[0m
2026-10-03T06:00:06.0328170Z [0m[1mdata.aws_route53_zone.primary: Read complete after 0s [id=Z090028313C8DCBKB4G3L][0m
2026-10-03T06:00:06.0348100Z [0m[1maws_sns_topic.guardduty_findings[0]: Refreshing state... [id=arn:aws:sns:us-east-1:412381755468:prod-guardduty-findings][0m
2026-10-03T06:00:06.1440384Z [0m[1mdata.aws_ecr_repository.single_trade_lambda: Reading...[0m[0m
2026-10-03T06:00:06.1565070Z [0m[1maws_dynamodb_table.scheduled_run_telemetry: Refreshing state... [id=prod-scheduled-run-telemetry][0m
2026-10-03T06:00:06.2506108Z [0m[1maws_cloudwatch_event_rule.scheduled_test_custom_rule[0]: Refreshing state... [id=prod-scheduled-test-custom-rule][0m
2026-10-03T06:00:06.2825641Z [0m[1maws_s3_bucket.trading_bot_base: Refreshing state... [id=prod-trading-bot-base][0m
2026-10-03T06:00:06.2893166Z [0m[1maws_iam_role.s3_replication_role[0]: Refreshing state... [id=prod-s3-replication-role][0m
2026-10-03T06:00:06.3105286Z [0m[1maws_iam_role.eventbridge_unprotect_idle_backtest_instances_role: Refreshing state... [id=prod-eventbridge-unprotect-idle-backtest-instances-role][0m
2026-10-03T06:00:06.3129151Z [0m[1mdata.aws_ecr_repository.base: Read complete after 0s [id=prod-trading-bot-base][0m
2026-10-03T06:00:06.3144070Z [0m[1maws_api_gateway_rest_api.bot_manager_api: Refreshing state... [id=n3oomgbb5k][0m
2026-10-03T06:00:06.3577079Z [0m[1maws_budgets_budget.bot_manager_monthly_cost[0]: Refreshing state... [id=412381755468:bot-manager-account-monthly-500][0m
2026-10-03T06:00:06.3850231Z [0m[1maws_cloudwatch_event_rule.container_insights_reenabled[0]: Refreshing state... [id=prod-container-insights-reenabled][0m
2026-10-03T06:00:06.3953886Z [0m[1maws_cloudwatch_event_rule.cleanup_scheduled_secrets_rule: Refreshing state... [id=prod-cleanup-scheduled-secrets-rule][0m
2026-10-03T06:00:06.4382224Z [0m[1mdata.aws_ecr_repository.single_trade_lambda: Read complete after 0s [id=prod-single-trade-lambda][0m
2026-10-03T06:00:06.4401045Z [0m[1maws_iam_role.ibkr_gateway_task_role: Refreshing state... [id=prod-ibkr-gateway-task-role][0m
2026-10-03T06:00:06.5296766Z [0m[1maws_iam_role.ibkr_gateway_execution_role: Refreshing state... [id=prod-ibkr-gateway-execution-role][0m
2026-10-03T06:00:06.5465898Z [0m[1maws_iam_role.scheduled_custom_task_role: Refreshing state... [id=prod-scheduled-custom-task-role][0m
2026-10-03T06:00:06.5481628Z [0m[1maws_iam_role.backtest_task_role: Refreshing state... [id=prod-trading-bot-backtest-task-role][0m
2026-10-03T06:00:06.6347029Z [0m[1maws_iam_role.ecs_exec_role: Refreshing state... [id=prod-trading-bot-execution-role][0m
2026-10-03T06:00:06.6680448Z [0m[1maws_iam_role.custom_task_role: Refreshing state... [id=prod-trading-bot-custom-task-role][0m
2026-10-03T06:00:06.7715169Z [0m[1maws_iam_role.dependency_builder_task_role: Refreshing state... [id=prod-dependency-builder-task-role][0m
2026-10-03T06:00:06.8673572Z [0m[1maws_iam_role.ec2_instance_role["prod-trading-bots"]: Refreshing state... [id=prod-trading-bots-instance-role][0m
2026-10-03T06:00:06.8814423Z [0m[1maws_iam_role.ec2_instance_role["prod-trading-bots-backtest"]: Refreshing state... [id=prod-trading-bots-backtest-instance-role][0m
2026-10-03T06:00:06.9813671Z [0m[1maws_s3_bucket.trading_bot_base_dr[0]: Refreshing state... [id=prod-trading-bot-base-dr][0m
2026-10-03T06:00:07.1072399Z [0m[1maws_s3_bucket.trading_bot_backtests_dr[0]: Refreshing state... [id=prod-trading-bot-backtests-dr][0m
2026-10-03T06:00:07.1177625Z [0m[1maws_iam_policy.lambda_bot_state_batch_lookup: Refreshing state... [id=arn:aws:iam::412381755468:policy/prod-bot-manager-bot-state-batch-lookup][0m
2026-10-03T06:00:07.1208394Z [0m[1mnull_resource.ibkr_shared_gateway_enablement_gate: Refreshing state... [id=6957880046183450205][0m
2026-10-03T06:00:07.1258049Z [0m[1mnull_resource.bot_manager_node_api_key_secret_account_gate: Refreshing state... [id=4335026251568740010][0m
2026-10-03T06:00:07.1334925Z [0m[1maws_s3_bucket.audit_logs_dr[0]: Refreshing state... [id=prod-bot-manager-audit-logs-412381755468-dr][0m
2026-10-03T06:00:07.1533060Z [0m[1maws_s3_bucket.audit_logs: Refreshing state... [id=prod-bot-manager-audit-logs-412381755468][0m
2026-10-03T06:00:07.3043213Z [0m[1maws_api_gateway_domain_name.custom: Refreshing state... [id=botspotapp.com][0m
2026-10-03T06:00:07.3735957Z [0m[1maws_iam_role.backtest_ec2_role: Refreshing state... [id=prod-BacktestEC2Role][0m
2026-10-03T06:00:07.3910472Z [0m[1maws_cloudwatch_event_rule.guardduty_finding_rule[0]: Refreshing state... [id=prod-guardduty-finding-event-rule][0m
2026-10-03T06:00:07.5337527Z [0m[1maws_dynamodb_table_item.seed_slow_family_pmcc: Refreshing state... [id=prod-backtest-incidents|pk|INCIDENT|1700000002#d9d17f72-eba4-45fe-909c-e96e92fc0e50#seed][0m
2026-10-03T06:00:07.6217546Z [0m[1maws_dynamodb_table_item.seed_slow_family_strat7: Refreshing state... [id=prod-backtest-incidents|pk|INCIDENT|1700000000#5f311101-2fa2-40ab-bacc-07b5689fe206#seed][0m
2026-10-03T06:00:07.6829559Z [0m[1maws_dynamodb_table_item.seed_slow_family_orderblock1515: Refreshing state... [id=prod-backtest-incidents|pk|INCIDENT|1700000001#1fc9bdd0-1119-4094-85b8-99cca9b9081e#seed][0m
2026-10-03T06:00:07.7409170Z [0m[1maws_iam_role.broker_data_lambda_role: Refreshing state... [id=prod-broker-data-fetcher-lambda-role][0m
2026-10-03T06:00:07.7444570Z [0m[1maws_iam_role.broker_token_authority_lambda_role: Refreshing state... [id=prod-broker-token-authority-lambda-role][0m
2026-10-03T06:00:07.8692044Z [0m[1maws_iam_role.live_capacity_reconciler_lambda_role: Refreshing state... [id=prod-live-capacity-reconciler-lambda-role][0m
2026-10-03T06:00:07.9054958Z [0m[1maws_iam_role.single_trade_lambda_role: Refreshing state... [id=prod-single-trade-executor-lambda-role][0m
2026-10-03T06:00:07.9143965Z [0m[1mnull_resource.portfolio_snapshot_execution_gate: Refreshing state... [id=1982182097403657437][0m
2026-10-03T06:00:07.9203212Z [0m[1maws_iam_policy.lambda_node_api_key_secret[0]: Refreshing state... [id=arn:aws:iam::412381755468:policy/prod-bot-manager-node-api-key-secret][0m
2026-10-03T06:00:08.0611759Z [0m[1maws_iam_role.cost_leak_cleanup_lambda_role: Refreshing state... [id=prod-cost-leak-cleanup-lambda-role][0m
2026-10-03T06:00:08.0775412Z [0m[1maws_iam_role.bot_manager_lambda_role: Refreshing state... [id=prod-bot-manager-api-lambda-role][0m
2026-10-03T06:00:08.0796355Z [0m[1maws_iam_role.scheduled_custom_launcher_lambda_role[0]: Refreshing state... [id=prod-scheduled-custom-launcher-lambda-role][0m
2026-10-03T06:00:08.1791560Z [0m[1maws_iam_role.cache_data_lambda_role: Refreshing state... [id=prod-cache-data-lambda-role][0m
2026-10-03T06:00:08.1851344Z [0m[1maws_iam_role.apigateway_cloudwatch_role: Refreshing state... [id=prod-api-gateway-cloudwatch-role][0m
2026-10-03T06:00:08.2413445Z [0m[1maws_iam_role.scheduler_scheduled_custom_launcher_role[0]: Refreshing state... [id=prod-scheduler-scheduled-custom-launcher-role][0m
2026-10-03T06:00:08.2870079Z [0m[1maws_iam_role.eventbridge_backtest_capacity_controller_role: Refreshing state... [id=prod-eventbridge-backtest-capacity-controller-role][0m
2026-10-03T06:00:08.2908242Z [0m[1maws_iam_role.eventbridge_scheduled_run_task_state_role[0]: Refreshing state... [id=prod-eventbridge-scheduled-run-task-state-role][0m
2026-10-03T06:00:08.4352112Z [0m[1maws_cloudwatch_event_rule.scheduled_run_task_state_change_rule[0]: Refreshing state... [id=prod-scheduled-run-task-state-change-rule][0m
2026-10-03T06:00:08.4661534Z [0m[1maws_cloudwatch_event_rule.backtest_task_state_change_rule: Refreshing state... [id=prod-backtest-task-state-change-rule][0m
2026-10-03T06:00:08.4963223Z [0m[1maws_s3_bucket_server_side_encryption_configuration.trading_bot_backtest_cache_sse: Refreshing state... [id=prod-trading-bot-backtest-cache][0m
2026-10-03T06:00:08.5068537Z [0m[1maws_s3_bucket_public_access_block.trading_bot_backtest_cache_public_access: Refreshing state... [id=prod-trading-bot-backtest-cache][0m
2026-10-03T06:00:08.5506516Z [0m[1maws_sns_topic_subscription.cloudwatch_alarms_email_subscription[0]: Refreshing state... [id=arn:aws:sns:us-east-1:412381755468:prod-cloudwatch-alarms:443ac030-829d-477b-88e5-249517cc5816][0m
2026-10-03T06:00:08.5631857Z [0m[1maws_cloudwatch_metric_alarm.api_gateway_4xx_errors[0]: Refreshing state... [id=prod-api-gateway-4xx-errors][0m
2026-10-03T06:00:08.5699632Z [0m[1maws_cloudwatch_metric_alarm.failed_authentication_attempts[0]: Refreshing state... [id=prod-failed-authentication-attempts][0m
2026-10-03T06:00:08.5737432Z [0m[1maws_cloudwatch_metric_alarm.api_gateway_5xx_errors[0]: Refreshing state... [id=prod-api-gateway-5xx-errors][0m
2026-10-03T06:00:08.6021634Z [0m[1maws_cloudwatch_metric_alarm.protected_idle_legacy_live_hosts[0]: Refreshing state... [id=prod-protected-idle-legacy-live-hosts][0m
2026-10-03T06:00:08.6197215Z [0m[1mdata.aws_iam_policy_document.guardduty_sns_topic_policy_doc[0]: Reading...[0m[0m
2026-10-03T06:00:08.6242498Z [0m[1mdata.aws_iam_policy_document.guardduty_sns_topic_policy_doc[0]: Read complete after 0s [id=723620495][0m
2026-10-03T06:00:08.6245187Z [0m[1maws_sns_topic_subscription.guardduty_findings_email_subscription[0]: Refreshing state... [id=arn:aws:sns:us-east-1:412381755468:prod-guardduty-findings:9e8fa795-36df-4494-a773-704180153c56][0m
2026-10-03T06:00:08.6248525Z [0m[1maws_s3_bucket_public_access_block.scheduled_bot_state_public_access: Refreshing state... [id=prod-trading-bot-scheduled-state][0m
2026-10-03T06:00:08.6302611Z [0m[1maws_s3_bucket_versioning.scheduled_bot_state_versioning: Refreshing state... [id=prod-trading-bot-scheduled-state][0m
2026-10-03T06:00:08.6354529Z [0m[1maws_s3_bucket_lifecycle_configuration.scheduled_bot_state_lifecycle: Refreshing state... [id=prod-trading-bot-scheduled-state][0m
2026-10-03T06:00:08.6909819Z [0m[1maws_security_group.vpc_endpoints_sg: Refreshing state... [id=sg-0bb235e86296d7d99][0m
2026-10-03T06:00:08.6949042Z [0m[1maws_route_table.public_rtb: Refreshing state... [id=rtb-08eed023749d04c67][0m
2026-10-03T06:00:08.7946885Z [0m[1maws_subnet.cluster_private_subnets["prod-trading-bots-backtest-us-east-1b"]: Refreshing state... [id=subnet-00dbdb4deca3ef0a7][0m
2026-10-03T06:00:08.9009941Z [0m[1maws_subnet.cluster_private_subnets["prod-trading-bots-us-east-1b"]: Refreshing state... [id=subnet-01347f76b80370673][0m
2026-10-03T06:00:08.9263146Z [0m[1maws_subnet.cluster_private_subnets["prod-trading-bots-us-east-1a"]: Refreshing state... [id=subnet-0ab1f01ec85e24211][0m
2026-10-03T06:00:08.9486420Z [0m[1maws_subnet.cluster_private_subnets["prod-trading-bots-backtest-us-east-1a"]: Refreshing state... [id=subnet-02d2929031e796683][0m
2026-10-03T06:00:08.9542075Z [0m[1maws_security_group.ibkr_shared_strategy_sg: Refreshing state... [id=sg-0c7e7095451358970][0m
2026-10-03T06:00:08.9675182Z [0m[1maws_security_group.backtest_fargate_sg: Refreshing state... [id=sg-04ddf937b9f9388a2][0m
2026-10-03T06:00:08.9757192Z [0m[1maws_subnet.public_subnet: Refreshing state... [id=subnet-0bea8dccba184d54d][0m
2026-10-03T06:00:09.0071555Z [0m[1maws_security_group.cluster_sg["prod-trading-bots"]: Refreshing state... [id=sg-07b1bb5434810154e][0m
2026-10-03T06:00:09.0716961Z [0m[1maws_security_group.cluster_sg["prod-trading-bots-backtest"]: Refreshing state... [id=sg-0d3f7466bc2363830][0m
2026-10-03T06:00:09.0731039Z [0m[1maws_route_table.private_rtb: Refreshing state... [id=rtb-09652eee2bfb5c145][0m
2026-10-03T06:00:09.0975859Z [0m[1maws_internet_gateway.shared_igw: Refreshing state... [id=igw-07ff2e3991531d11d][0m
2026-10-03T06:00:09.1651837Z [0m[1maws_kms_key.s3_cmk_dr[0]: Refreshing state... [id=1cc17a86-973c-4307-b237-e7323796b47f][0m
2026-10-03T06:00:09.1720283Z [0m[1mdata.aws_iam_policy_document.cloudwatch_alarms_sns_topic_policy_doc[0]: Reading...[0m[0m
2026-10-03T06:00:09.1739903Z [0m[1mdata.aws_iam_policy_document.cloudwatch_alarms_sns_topic_policy_doc[0]: Read complete after 0s [id=1047260136][0m
2026-10-03T06:00:09.1772824Z [0m[1maws_cloudwatch_event_target.container_insights_reenabled_alert[0]: Refreshing state... [id=prod-container-insights-reenabled-prod-container-insights-reenabled-alert][0m
2026-10-03T06:00:09.2038682Z [0m[1maws_api_gateway_resource.proxy: Refreshing state... [id=ix3ob5][0m
2026-10-03T06:00:09.2284043Z [0m[1maws_api_gateway_method.root_any: Refreshing state... [id=agm-n3oomgbb5k-y5w497w2za-ANY][0m
2026-10-03T06:00:09.2436112Z [0m[1maws_iam_role_policy.ibkr_gateway_execution_secrets: Refreshing state... [id=prod-ibkr-gateway-execution-role:prod-ibkr-gateway-execution-secrets][0m
2026-10-03T06:00:09.2557921Z [0m[1maws_iam_role_policy_attachment.ibkr_gateway_execution_role: Refreshing state... [id=prod-ibkr-gateway-execution-role-20260715074442866900000001][0m
2026-10-03T06:00:09.3206697Z [0m[1maws_iam_role_policy_attachment.ec2_ssm_attach["prod-trading-bots-backtest"]: Refreshing state... [id=prod-trading-bots-backtest-instance-role-20250328202430102300000006][0m
2026-10-03T06:00:09.3229682Z [0m[1maws_iam_role_policy_attachment.ec2_ssm_attach["prod-trading-bots"]: Refreshing state... [id=prod-trading-bots-instance-role-20250328202429422800000004][0m
2026-10-03T06:00:09.3290012Z [0m[1maws_iam_instance_profile.ec2_instance_profile["prod-trading-bots-backtest"]: Refreshing state... [id=prod-trading-bots-backtest-instance-profile][0m
2026-10-03T06:00:09.3300074Z [0m[1maws_iam_role_policy_attachment.ec2_esc_for_ec2["prod-trading-bots-backtest"]: Refreshing state... [id=prod-trading-bots-backtest-instance-role-20250328202429753800000005][0m
2026-10-03T06:00:09.3425946Z [0m[1maws_iam_instance_profile.ec2_instance_profile["prod-trading-bots"]: Refreshing state... [id=prod-trading-bots-instance-profile][0m
2026-10-03T06:00:09.4020406Z [0m[1maws_iam_role_policy_attachment.cw_agent_attach["prod-trading-bots"]: Refreshing state... [id=prod-trading-bots-instance-role-20250328202430401000000008][0m
2026-10-03T06:00:09.4063254Z [0m[1maws_iam_role_policy_attachment.cw_agent_attach["prod-trading-bots-backtest"]: Refreshing state... [id=prod-trading-bots-backtest-instance-role-20250328202430245700000007][0m
2026-10-03T06:00:09.4229866Z [0m[1maws_iam_role_policy_attachment.ec2_esc_for_ec2["prod-trading-bots"]: Refreshing state... [id=prod-trading-bots-instance-role-20250328202429281500000003][0m
2026-10-03T06:00:09.4300799Z [0m[1maws_iam_role_policy.ecs_exec_role_lambda_inline: Refreshing state... [id=prod-trading-bot-execution-role:prod-ecs-exec-role-lambda-policy][0m
2026-10-03T06:00:09.4627596Z [0m[1maws_iam_role_policy.ecs_exec_role_scaling_inline: Refreshing state... [id=prod-trading-bot-execution-role:prod-ecs-exec-role-scaling-policy][0m
2026-10-03T06:00:09.4849157Z [0m[1maws_iam_role_policy.ecs_exec_role_dynamodb_metrics_inline: Refreshing state... [id=prod-trading-bot-execution-role:prod-DynamoDBMetricsPutAccessInline][0m
2026-10-03T06:00:09.4918184Z [0m[1maws_iam_role_policy_attachment.ecs_exec_attach: Refreshing state... [id=prod-trading-bot-execution-role-20250328202428932700000002][0m
2026-10-03T06:00:09.5006343Z [0m[1maws_iam_role_policy.ecs_exec_role_secrets_inline: Refreshing state... [id=prod-trading-bot-execution-role:prod-ECSSecretAccessInline][0m
2026-10-03T06:00:09.5055487Z [0m[1maws_route53_record.api_alias: Refreshing state... [id=Z090028313C8DCBKB4G3L_botspotapp.com_A][0m
2026-10-03T06:00:09.5149138Z [0m[1maws_cloudwatch_event_target.guardduty_sns_target[0]: Refreshing state... [id=prod-guardduty-finding-event-rule-prod-GuardDutyToSNS][0m
2026-10-03T06:00:09.5226933Z [0m[1maws_s3_bucket_versioning.trading_bot_base_dr_versioning[0]: Refreshing state... [id=prod-trading-bot-base-dr][0m
2026-10-03T06:00:09.5593369Z [0m[1maws_s3_bucket_public_access_block.trading_bot_base_dr_public_access[0]: Refreshing state... [id=prod-trading-bot-base-dr][0m
2026-10-03T06:00:09.5696313Z [0m[1maws_iam_role.github_actions: Refreshing state... [id=prod-github-actions-role][0m
2026-10-03T06:00:09.5777406Z [0m[1maws_iam_instance_profile.base_ec2_profile: Refreshing state... [id=prod-BaseEC2Profile][0m
2026-10-03T06:00:09.5810936Z [0m[1maws_iam_role_policy.backtest_ecr_inline: Refreshing state... [id=prod-BacktestEC2Role:prod-BacktestECRAccessInline][0m
2026-10-03T06:00:09.5968820Z [0m[1maws_iam_instance_profile.backtest_ec2_profile: Refreshing state... [id=prod-BacktestEC2Profile][0m
2026-10-03T06:00:09.6176168Z [0m[1maws_iam_role_policy.backtest_ecs_inline: Refreshing state... [id=prod-BacktestEC2Role:prod-BacktestECSAccessInline][0m
2026-10-03T06:00:09.6628376Z [0m[1maws_s3_bucket_lifecycle_configuration.trading_bot_backtests_dr_lifecycle[0]: Refreshing state... [id=prod-trading-bot-backtests-dr][0m
2026-10-03T06:00:09.6863671Z [0m[1maws_s3_bucket_versioning.trading_bot_backtests_dr_versioning[0]: Refreshing state... [id=prod-trading-bot-backtests-dr][0m
2026-10-03T06:00:09.6902294Z [0m[1maws_s3_bucket_public_access_block.trading_bot_backtests_dr_public_access[0]: Refreshing state... [id=prod-trading-bot-backtests-dr][0m
2026-10-03T06:00:09.7494268Z [0m[1maws_s3_bucket_logging.trading_bot_base_dr_logging[0]: Refreshing state... [id=prod-trading-bot-base-dr][0m
2026-10-03T06:00:09.7683191Z [0m[1maws_s3_bucket_logging.trading_bot_backtests_dr_logging[0]: Refreshing state... [id=prod-trading-bot-backtests-dr][0m
2026-10-03T06:00:09.7778340Z [0m[1maws_s3_bucket_policy.audit_logs_dr_cloudtrail_allow[0]: Refreshing state... [id=prod-bot-manager-audit-logs-412381755468-dr][0m
2026-10-03T06:00:09.7977856Z [0m[1maws_s3_bucket_policy.audit_logs_dr_immutability_policy[0]: Refreshing state... [id=prod-bot-manager-audit-logs-412381755468-dr][0m
2026-10-03T06:00:09.8257832Z [0m[1maws_iam_role_policy_attachment.broker_data_lambda_basic_execution: Refreshing state... [id=prod-broker-data-fetcher-lambda-role-20260625194231603600000006][0m
2026-10-03T06:00:09.8270193Z [0m[1maws_iam_role_policy_attachment.broker_token_authority_lambda_basic_execution: Refreshing state... [id=prod-broker-token-authority-lambda-role-20260704181053315300000001][0m
2026-10-03T06:00:09.8669695Z [0m[1maws_iam_role_policy.live_capacity_reconciler_policy: Refreshing state... [id=prod-live-capacity-reconciler-lambda-role:prod-live-capacity-reconciler][0m
2026-10-03T06:00:09.8939155Z [0m[1maws_iam_role_policy_attachment.live_capacity_reconciler_basic_execution: Refreshing state... [id=prod-live-capacity-reconciler-lambda-role-20260724021616489000000008][0m
2026-10-03T06:00:09.9032614Z [0m[1maws_iam_role_policy_attachment.single_trade_lambda_basic_execution: Refreshing state... [id=prod-single-trade-executor-lambda-role-20260625194219595100000001][0m
2026-10-03T06:00:09.9203345Z [0m[1maws_s3_bucket_policy.audit_logs_immutability_policy: Refreshing state... [id=prod-bot-manager-audit-logs-412381755468][0m
2026-10-03T06:00:09.9449264Z [0m[1maws_s3_bucket_logging.scheduled_bot_state_logging[0]: Refreshing state... [id=prod-trading-bot-scheduled-state][0m
2026-10-03T06:00:09.9849911Z [0m[1maws_s3_bucket_policy.audit_logs_cloudtrail_allow[0]: Refreshing state... [id=prod-bot-manager-audit-logs-412381755468][0m
2026-10-03T06:00:09.9858493Z [0m[1maws_s3_bucket_public_access_block.trading_bot_backtests_public_access: Refreshing state... [id=prod-trading-bot-backtests][0m
2026-10-03T06:00:09.9894933Z [0m[1maws_iam_role_policy.backtest_s3_inline: Refreshing state... [id=prod-BacktestEC2Role:prod-BacktestS3AccessInline][0m
2026-10-03T06:00:10.0092258Z [0m[1maws_iam_role_policy.ecs_exec_role_s3_inline: Refreshing state... [id=prod-trading-bot-execution-role:prod-S3AccessForBacktestsInline][0m
2026-10-03T06:00:10.0263981Z [0m[1maws_s3_bucket_versioning.trading_bot_backtests_versioning: Refreshing state... [id=prod-trading-bot-backtests][0m
2026-10-03T06:00:10.0535161Z [0m[1maws_s3_bucket_logging.trading_bot_backtests_logging[0]: Refreshing state... [id=prod-trading-bot-backtests][0m
2026-10-03T06:00:10.0579837Z [0m[1maws_s3_bucket_lifecycle_configuration.trading_bot_backtests_lifecycle: Refreshing state... [id=prod-trading-bot-backtests][0m
2026-10-03T06:00:10.0757143Z [0m[1maws_iam_role_policy_attachment.apigateway_cloudwatch_policy: Refreshing state... [id=prod-api-gateway-cloudwatch-role-20250704183925581800000001][0m
2026-10-03T06:00:10.0874233Z [0m[1maws_iam_role_policy_attachment.scheduled_custom_launcher_lambda_basic_execution[0]: Refreshing state... [id=prod-scheduled-custom-launcher-lambda-role-20260625194231840100000007][0m
2026-10-03T06:00:10.1211589Z [0m[1maws_iam_role_policy_attachment.cost_leak_cleanup_basic_execution: Refreshing state... [id=prod-cost-leak-cleanup-lambda-role-20260724021616479200000007][0m
2026-10-03T06:00:10.1632785Z [0m[1maws_iam_role_policy.legacy_orphan_volume_cleanup_policy[0]: Refreshing state... [id=prod-cost-leak-cleanup-lambda-role:prod-legacy-orphan-volume-cleanup][0m
2026-10-03T06:00:10.1648120Z [0m[1maws_iam_role_policy.cost_leak_cleanup_policy: Refreshing state... [id=prod-cost-leak-cleanup-lambda-role:prod-cost-leak-cleanup][0m
2026-10-03T06:00:10.2101351Z [0m[1maws_iam_role_policy.cache_data_lambda_policy: Refreshing state... [id=prod-cache-data-lambda-role:prod-cache-data-lambda-inline][0m
2026-10-03T06:00:10.2228743Z [0m[1maws_lambda_function.data_cache: Refreshing state... [id=prod-data-cache][0m
2026-10-03T06:00:10.2432928Z [0m[1maws_iam_role_policy_attachment.cache_data_lambda_basic_execution: Refreshing state... [id=prod-cache-data-lambda-role-20251028143354832500000001][0m
2026-10-03T06:00:10.2498339Z [0m[1mdata.aws_iam_policy_document.trading_bot_backtest_cache_vpc_only: Reading...[0m[0m
2026-10-03T06:00:10.2526410Z [0m[1mdata.aws_iam_policy_document.trading_bot_backtest_cache_vpc_only: Read complete after 0s [id=1677252181][0m
2026-10-03T06:00:10.2568550Z [0m[1maws_lambda_function.backtest_capacity_controller: Refreshing state... [id=prod-backtest-capacity-controller][0m
2026-10-03T06:00:10.2985366Z [0m[1maws_lambda_function.email_notification_lambda[0]: Refreshing state... [id=prod-email-notification][0m
2026-10-03T06:00:10.3271179Z [0m[1maws_iam_role.wheelhouse_reader_role: Refreshing state... [id=prod-wheelhouse-reader-role][0m
2026-10-03T06:00:10.3824725Z [0m[1maws_lambda_function.scheduled_test_custom[0]: Refreshing state... [id=prod-scheduled-test-custom][0m
2026-10-03T06:00:10.6369092Z [0m[1mdata.aws_iam_policy_document.broker_data_runtime_secret_reader_assume: Reading...[0m[0m
2026-10-03T06:00:10.6386544Z [0m[1mdata.aws_iam_policy_document.broker_data_runtime_secret_reader_assume: Read complete after 0s [id=922846220][0m
2026-10-03T06:00:10.6400649Z [0m[1maws_iam_role_policy_attachment.lambda_bot_state_batch_lookup: Refreshing state... [id=prod-bot-manager-api-lambda-role-20260901233300158300000001][0m
2026-10-03T06:00:10.7090055Z [0m[1maws_iam_role_policy_attachment.lambda_node_api_key_secret[0]: Refreshing state... [id=prod-bot-manager-api-lambda-role-20260625194232008200000008][0m
2026-10-03T06:00:10.7260230Z [0m[1maws_lambda_function.scale_down_idle_backtest_tiers[0]: Refreshing state... [id=prod-scale-down-idle-backtest-tiers][0m
2026-10-03T06:00:10.7810255Z [0m[1maws_lambda_function.cleanup_scheduled_secrets: Refreshing state... [id=prod-cleanup-scheduled-secrets][0m
2026-10-03T06:00:10.8007775Z [0m[1maws_lambda_function.kill_stale_backtests[0]: Refreshing state... [id=prod-kill-stale-backtests][0m
2026-10-03T06:00:10.8529976Z [0m[1maws_lambda_function.unprotect_idle_backtest_instances[0]: Refreshing state... [id=prod-unprotect-idle-backtest-instances][0m
2026-10-03T06:00:10.8564523Z [0m[1maws_iam_role_policy_attachment.lambda_basic_execution: Refreshing state... [id=prod-bot-manager-api-lambda-role-20250329125547334200000001][0m
2026-10-03T06:00:10.9354293Z [0m[1maws_kms_key.s3_cmk: Refreshing state... [id=22fea83f-ca40-4952-817b-041ca7be5968][0m
2026-10-03T06:00:11.0416108Z [0m[1maws_iam_role_policy.scheduled_test_backtest_lambda_policy[0]: Refreshing state... [id=prod-bot-manager-api-lambda-role:prod-scheduled-test-backtest-lambda-policy][0m
2026-10-03T06:00:11.0832929Z [0m[1maws_kms_key.cloudwatch_logs_cmk: Refreshing state... [id=8a8e3b58-fcd4-4213-a90d-7204b93846c0][0m
2026-10-03T06:00:11.1282860Z [0m[1mdata.aws_iam_policy_document.backtest_shared_cache_session_assume: Reading...[0m[0m
2026-10-03T06:00:11.1299248Z [0m[1mdata.aws_iam_policy_document.backtest_shared_cache_session_assume: Read complete after 0s [id=4222094049][0m
2026-10-03T06:00:11.1334939Z [0m[1maws_lambda_function.scheduled_run_task_state_recorder[0]: Refreshing state... [id=prod-scheduled-run-task-state-recorder][0m
2026-10-03T06:00:11.1564542Z [0m[1maws_lambda_function.scheduled_test_backtest[0]: Refreshing state... [id=prod-scheduled-test-backtest][0m
2026-10-03T06:00:11.1663006Z [0m[1maws_sns_topic_policy.guardduty_findings_policy[0]: Refreshing state... [id=arn:aws:sns:us-east-1:412381755468:prod-guardduty-findings][0m
2026-10-03T06:00:11.1682806Z [0m[1maws_security_group.ibkr_gateway_connector_sg: Refreshing state... [id=sg-05836cea306ca17c2][0m
2026-10-03T06:00:11.1944998Z [0m[1maws_ecr_lifecycle_policy.generated_image_retention["prod-trading-bot-backtest"]: Refreshing state... [id=prod-trading-bot-backtest][0m
2026-10-03T06:00:11.2304402Z [0m[1maws_ecr_lifecycle_policy.generated_image_retention["prod-trading-bot-base"]: Refreshing state... [id=prod-trading-bot-base][0m
2026-10-03T06:00:11.2324710Z [0m[1maws_ecr_lifecycle_policy.generated_image_retention["prod-trading-bot-bootstrap"]: Refreshing state... [id=prod-trading-bot-bootstrap][0m
2026-10-03T06:00:11.2844152Z [0m[1maws_ecr_lifecycle_policy.generated_image_retention["prod-single-trade-lambda"]: Refreshing state... [id=prod-single-trade-lambda][0m
2026-10-03T06:00:11.2970130Z [0m[1maws_route_table_association.public_rta: Refreshing state... [id=rtbassoc-004008f547f1b6740][0m
2026-10-03T06:00:11.3272324Z [0m[1maws_sns_topic_policy.cloudwatch_alarms_topic_policy[0]: Refreshing state... [id=arn:aws:sns:us-east-1:412381755468:prod-cloudwatch-alarms][0m
2026-10-03T06:00:11.3291163Z [0m[1maws_eip.nat_eip[0]: Refreshing state... [id=eipalloc-0fc815aca1af429aa][0m
2026-10-03T06:00:11.3359007Z [0m[1maws_route.public_default_route: Refreshing state... [id=r-rtb-08eed023749d04c671080289494][0m
2026-10-03T06:00:11.3859708Z [0m[1maws_vpc_endpoint.dynamodb_gateway_endpoint: Refreshing state... [id=vpce-011b45077a264abcb][0m
2026-10-03T06:00:11.3881728Z [0m[1maws_route_table_association.private_rta["prod-trading-bots-us-east-1b"]: Refreshing state... [id=rtbassoc-0e3ae17c10439fa5a][0m
2026-10-03T06:00:11.4061313Z [0m[1maws_vpc_endpoint.s3_gateway_endpoint: Refreshing state... [id=vpce-0fb17c77ba8e6aaf6][0m
2026-10-03T06:00:11.4216648Z [0m[1maws_route_table_association.private_rta["prod-trading-bots-backtest-us-east-1a"]: Refreshing state... [id=rtbassoc-02407eeb61aeae4a7][0m
2026-10-03T06:00:11.4393978Z [0m[1maws_route_table_association.private_rta["prod-trading-bots-backtest-us-east-1b"]: Refreshing state... [id=rtbassoc-0659425903fb1f5a4][0m
2026-10-03T06:00:11.5000124Z [0m[1maws_route_table_association.private_rta["prod-trading-bots-us-east-1a"]: Refreshing state... [id=rtbassoc-077255b7e2f7975cc][0m
2026-10-03T06:00:11.5123241Z [0m[1maws_security_group_rule.ssm_access["prod-trading-bots-backtest"]: Refreshing state... [id=sgrule-3109094879][0m
2026-10-03T06:00:11.5419367Z [0m[1maws_security_group_rule.ssm_access["prod-trading-bots"]: Refreshing state... [id=sgrule-2465965720][0m
2026-10-03T06:00:11.5611077Z [0m[1maws_lambda_function.scheduled_custom_launcher[0]: Refreshing state... [id=prod-scheduled-custom-launcher][0m
2026-10-03T06:00:11.6143464Z [0m[1maws_security_group_rule.cluster_self_ingress["prod-trading-bots"]: Refreshing state... [id=sgrule-1480110057][0m
2026-10-03T06:00:11.6681659Z [0m[1maws_security_group_rule.cluster_self_ingress["prod-trading-bots-backtest"]: Refreshing state... [id=sgrule-300914991][0m
2026-10-03T06:00:11.7099227Z [0m[1maws_api_gateway_method.proxy_any: Refreshing state... [id=agm-n3oomgbb5k-ix3ob5-ANY][0m
2026-10-03T06:00:11.7326209Z [0m[1maws_s3_bucket_server_side_encryption_configuration.trading_bot_base_dr_sse[0]: Refreshing state... [id=prod-trading-bot-base-dr][0m
2026-10-03T06:00:11.7797887Z [0m[1maws_s3_bucket_server_side_encryption_configuration.trading_bot_backtests_dr_sse[0]: Refreshing state... [id=prod-trading-bot-backtests-dr][0m
2026-10-03T06:00:11.8102405Z [0m[1maws_kms_alias.s3_cmk_dr_alias[0]: Refreshing state... [id=alias/prod-s3-cmk-dr][0m
2026-10-03T06:00:11.8134983Z [0m[1maws_s3_bucket_server_side_encryption_configuration.audit_logs_dr_sse[0]: Refreshing state... [id=prod-bot-manager-audit-logs-412381755468-dr][0m
2026-10-03T06:00:11.8444891Z [0m[1maws_launch_template.cluster_lt["prod-trading-bots"]: Refreshing state... [id=lt-078a5e120d64cd924][0m
2026-10-03T06:00:11.8561652Z [0m[1maws_launch_template.cluster_lt["prod-trading-bots-backtest"]: Refreshing state... [id=lt-0e41a121b9d3a2b66][0m
2026-10-03T06:00:11.8685694Z [0m[1maws_launch_template.backtest_tier_lt["2xlarge"]: Refreshing state... [id=lt-0c7171398dc2ff18e][0m
2026-10-03T06:00:11.8834458Z [0m[1maws_launch_template.backtest_tier_lt["medium"]: Refreshing state... [id=lt-02b04e0ed2303a71b][0m
2026-10-03T06:00:11.9117315Z [0m[1maws_launch_template.backtest_tier_lt["xlarge"]: Refreshing state... [id=lt-037241159753ce4d4][0m
2026-10-03T06:00:12.0915083Z [0m[1maws_launch_template.backtest_tier_lt["large"]: Refreshing state... [id=lt-0ec6f3d487e642d0f][0m
2026-10-03T06:00:12.1657341Z [0m[1maws_s3_bucket_versioning.audit_logs_dr_versioning[0]: Refreshing state... [id=prod-bot-manager-audit-logs-412381755468-dr][0m
2026-10-03T06:00:12.1700155Z [0m[1maws_iam_role_policy.github_actions_scheduled_secret_guard: Refreshing state... [id=prod-github-actions-role:prod-github-actions-scheduled-secret-guard][0m
2026-10-03T06:00:12.1732358Z [0m[1maws_s3_bucket_versioning.audit_logs_versioning: Refreshing state... [id=prod-bot-manager-audit-logs-412381755468][0m
2026-10-03T06:00:12.1734220Z [0m[1maws_iam_role_policy_attachment.github_actions_admin: Refreshing state... [id=prod-github-actions-role-20250707102601631500000005][0m
2026-10-03T06:00:12.2514721Z [0m[1maws_api_gateway_account.account: Refreshing state... [id=api-gateway-account][0m
2026-10-03T06:00:12.2861222Z [0m[1maws_s3_bucket_logging.trading_bot_base_logging[0]: Refreshing state... [id=prod-trading-bot-base][0m
2026-10-03T06:00:12.3007832Z [0m[1maws_s3_bucket_versioning.trading_bot_base_versioning: Refreshing state... [id=prod-trading-bot-base][0m
2026-10-03T06:00:12.3435973Z [0m[1maws_s3_bucket_public_access_block.trading_bot_base_public_access: Refreshing state... [id=prod-trading-bot-base][0m
2026-10-03T06:00:12.3466860Z [0m[1maws_s3_bucket_lifecycle_configuration.trading_bot_base_lifecycle: Refreshing state... [id=prod-trading-bot-base][0m
2026-10-03T06:00:12.4069956Z [0m[1maws_s3_bucket_policy.trading_bot_backtest_cache_vpc_only: Refreshing state... [id=prod-trading-bot-backtest-cache][0m
2026-10-03T06:00:12.4907983Z [0m[1maws_iam_role_policy.scheduled_custom_launcher_lambda_policy[0]: Refreshing state... [id=prod-scheduled-custom-launcher-lambda-role:prod-scheduled-custom-launcher-lambda-inline][0m
2026-10-03T06:00:12.5520379Z [0m[1maws_iam_role.broker_data_runtime_secret_reader_role: Refreshing state... [id=prod-broker-data-runtime-secret-reader-role][0m
2026-10-03T06:00:12.5906025Z [0m[1maws_cloudwatch_event_target.backtest_task_state_change_target: Refreshing state... [id=prod-backtest-task-state-change-rule-prod-backtest-capacity-controller][0m
2026-10-03T06:00:12.6717746Z [0m[1maws_iam_role_policy.eventbridge_backtest_capacity_controller_policy: Refreshing state... [id=prod-eventbridge-backtest-capacity-controller-role:prod-eventbridge-backtest-capacity-controller-policy][0m
2026-10-03T06:00:12.7223169Z [0m[1maws_lambda_permission.allow_eventbridge_backtest_capacity_controller: Refreshing state... [id=AllowExecutionFromEventBridgeBacktestCapacityController][0m
2026-10-03T06:00:12.7299099Z [0m[1maws_lambda_permission.allow_eventbridge_scale_down_idle_backtest_tiers[0]: Refreshing state... [id=AllowExecutionFromEventBridgeScaleDownIdleBacktestTiers][0m
2026-10-03T06:00:12.7567746Z [0m[1maws_iam_role_policy.eventbridge_scale_down_idle_backtest_tiers_policy[0]: Refreshing state... [id=prod-eventbridge-scale-down-idle-backtest-tiers-role:prod-eventbridge-scale-down-idle-backtest-tiers-policy][0m
2026-10-03T06:00:12.7972386Z [0m[1maws_cloudwatch_event_target.scale_down_idle_backtest_tiers_target[0]: Refreshing state... [id=prod-scale-down-idle-backtest-tiers-rule-prod-scale-down-idle-backtest-tiers][0m
2026-10-03T06:00:12.8077274Z [0m[1maws_iam_role.backtest_shared_cache_session: Refreshing state... [id=prod-backtest-shared-cache-session][0m
2026-10-03T06:00:12.8403590Z [0m[1maws_lambda_permission.allow_eventbridge_cleanup_scheduled_secrets: Refreshing state... [id=AllowExecutionFromEventBridgeCleanupScheduledSecrets][0m
2026-10-03T06:00:12.8525497Z [0m[1maws_iam_role_policy.eventbridge_cleanup_scheduled_secrets_policy: Refreshing state... [id=prod-eventbridge-cleanup-scheduled-secrets-role:prod-eventbridge-cleanup-scheduled-secrets-policy][0m
2026-10-03T06:00:12.8804864Z [0m[1maws_cloudwatch_event_target.cleanup_scheduled_secrets_target: Refreshing state... [id=prod-cleanup-scheduled-secrets-rule-prod-cleanup-scheduled-secrets][0m
2026-10-03T06:00:12.9182425Z [0m[1maws_cloudwatch_metric_alarm.email_notification_lambda_errors[0]: Refreshing state... [id=prod-email-notification-lambda-errors][0m
2026-10-03T06:00:12.9337487Z [0m[1maws_cloudwatch_event_target.kill_stale_backtests_target[0]: Refreshing state... [id=prod-kill-stale-backtests-rule-prod-kill-stale-backtests][0m
2026-10-03T06:00:12.9613489Z [0m[1maws_iam_role_policy.eventbridge_kill_stale_backtests_policy[0]: Refreshing state... [id=prod-eventbridge-kill-stale-backtests-role:prod-eventbridge-kill-stale-backtests-policy][0m
2026-10-03T06:00:13.0273219Z [0m[1maws_lambda_permission.allow_eventbridge_kill_stale_backtests[0]: Refreshing state... [id=AllowExecutionFromEventBridgeKillStaleBacktests][0m
2026-10-03T06:00:13.0343561Z [0m[1maws_iam_role_policy.custom_task_policy: Refreshing state... [id=prod-trading-bot-custom-task-role:prod-custom-task-policy][0m
2026-10-03T06:00:13.0517395Z [0m[1maws_iam_role_policy.scheduled_custom_task_policy: Refreshing state... [id=prod-scheduled-custom-task-role:prod-scheduled-custom-task-policy][0m
2026-10-03T06:00:13.0828774Z [0m[1maws_s3_bucket_server_side_encryption_configuration.trading_bot_backtests_sse: Refreshing state... [id=prod-trading-bot-backtests][0m
2026-10-03T06:00:13.1008033Z [0m[1maws_s3_bucket_server_side_encryption_configuration.trading_bot_base_sse: Refreshing state... [id=prod-trading-bot-base][0m
2026-10-03T06:00:13.1040510Z [0m[1maws_iam_role_policy.dependency_builder_task_policy: Refreshing state... [id=prod-dependency-builder-task-role:prod-dependency-builder-task-policy][0m
2026-10-03T06:00:13.1197300Z [0m[1maws_s3_bucket_server_side_encryption_configuration.scheduled_bot_state_sse: Refreshing state... [id=prod-trading-bot-scheduled-state][0m
2026-10-03T06:00:13.1276762Z [0m[1maws_iam_role_policy.backtest_task_policy: Refreshing state... [id=prod-trading-bot-backtest-task-role:prod-backtest-task-policy][0m
2026-10-03T06:00:13.1451917Z [0m[1maws_iam_role_policy.wheelhouse_reader_policy: Refreshing state... [id=prod-wheelhouse-reader-role:prod-wheelhouse-reader-policy][0m
2026-10-03T06:00:13.1504869Z [0m[1maws_iam_policy.s3_replication_policy[0]: Refreshing state... [id=arn:aws:iam::412381755468:policy/prod-s3-replication-policy][0m
2026-10-03T06:00:13.1652613Z [0m[1maws_s3_bucket_server_side_encryption_configuration.audit_logs_sse: Refreshing state... [id=prod-bot-manager-audit-logs-412381755468][0m
2026-10-03T06:00:13.1854418Z [0m[1maws_iam_role_policy.ibkr_gateway_task_policy: Refreshing state... [id=prod-ibkr-gateway-task-role:prod-ibkr-gateway-task-policy][0m
2026-10-03T06:00:13.1915223Z [0m[1maws_kms_alias.s3_cmk_alias: Refreshing state... [id=alias/prod-s3-cmk][0m
2026-10-03T06:00:13.2221451Z [0m[1maws_cloudwatch_event_target.unprotect_idle_backtest_instances_target[0]: Refreshing state... [id=prod-unprotect-idle-backtest-instances-rule-prod-unprotect-idle-backtest-instances][0m
2026-10-03T06:00:13.2279942Z [0m[1maws_lambda_permission.allow_eventbridge_unprotect_idle_backtest_instances[0]: Refreshing state... [id=AllowExecutionFromEventBridgeUnprotectIdleBacktestInstances][0m
2026-10-03T06:00:13.2314098Z [0m[1maws_iam_role_policy.eventbridge_unprotect_idle_backtest_instances_policy: Refreshing state... [id=prod-eventbridge-unprotect-idle-backtest-instances-role:prod-eventbridge-unprotect-idle-backtest-instances-policy][0m
2026-10-03T06:00:13.2368390Z [0m[1maws_cloudwatch_log_group.lambda_broker_token_authority_lg: Refreshing state... [id=/aws/lambda/prod-broker-token-authority][0m
2026-10-03T06:00:13.2541032Z [0m[1maws_kms_alias.cloudwatch_logs_cmk_alias: Refreshing state... [id=alias/prod-cloudwatch-logs-cmk][0m
2026-10-03T06:00:13.2735599Z [0m[1maws_cloudwatch_log_group.lambda_api_lg: Refreshing state... [id=/aws/lambda/prod-bot-manager-api][0m
2026-10-03T06:00:13.3007126Z [0m[1maws_cloudwatch_log_group.ibkr_gateway_connector_lg: Refreshing state... [id=/aws/ecs/prod-ibkr-gateway-connectors][0m
2026-10-03T06:00:13.3132307Z [0m[1maws_cloudwatch_log_group.bot_base_lg: Refreshing state... [id=/aws/ecs/prod-trading-bots][0m
2026-10-03T06:00:13.3183584Z [0m[1maws_cloudwatch_log_group.lambda_broker_data_fetcher_lg: Refreshing state... [id=/aws/lambda/prod-broker-data-fetcher][0m
2026-10-03T06:00:13.3224670Z [0m[1maws_cloudwatch_log_group.api_gw_logs: Refreshing state... [id=/aws/apigateway/prod][0m
2026-10-03T06:00:13.3258168Z [0m[1maws_cloudwatch_log_group.apigw_api_lg: Refreshing state... [id=/aws/apigateway/prod-bot-manager-api][0m
2026-10-03T06:00:13.4968744Z [0m[1maws_cloudwatch_log_group.lambda_cleanup_scheduled_secrets_lg: Refreshing state... [id=/aws/lambda/prod-cleanup-scheduled-secrets][0m
2026-10-03T06:00:13.5691358Z [0m[1maws_cloudwatch_log_group.lambda_kill_stale_backtests_lg[0]: Refreshing state... [id=/aws/lambda/prod-kill-stale-backtests][0m
2026-10-03T06:00:13.6099760Z [0m[1maws_cloudwatch_log_group.lambda_email_notification_lg: Refreshing state... [id=/aws/lambda/prod-email-notification][0m
2026-10-03T06:00:13.6132138Z [0m[1maws_cloudwatch_log_group.lambda_scheduled_test_backtest_lg[0]: Refreshing state... [id=/aws/lambda/prod-scheduled-test-backtest][0m
2026-10-03T06:00:13.6175438Z [0m[1maws_cloudwatch_log_group.lambda_scheduled_test_custom_lg[0]: Refreshing state... [id=/aws/lambda/prod-scheduled-test-custom][0m
2026-10-03T06:00:13.6236768Z [0m[1maws_cloudwatch_log_group.bot_backtest_lg: Refreshing state... [id=/aws/ecs/prod-trading-bots-backtest][0m
2026-10-03T06:00:13.6240664Z [0m[1maws_cloudwatch_log_group.lambda_scale_down_idle_backtest_tiers_lg[0]: Refreshing state... [id=/aws/lambda/prod-scale-down-idle-backtest-tiers][0m
2026-10-03T06:00:13.6336717Z [0m[1maws_cloudwatch_log_group.lambda_reconcile_idle_live_capacity_lg: Refreshing state... [id=/aws/lambda/prod-reconcile-idle-live-capacity][0m
2026-10-03T06:00:13.6369236Z [0m[1maws_cloudwatch_log_group.lambda_cleanup_cost_leaks_lg: Refreshing state... [id=/aws/lambda/prod-cleanup-cost-leaks][0m
2026-10-03T06:00:13.6900782Z [0m[1maws_cloudwatch_log_group.lambda_single_trade_executor_lg: Refreshing state... [id=/aws/lambda/prod-single-trade-executor][0m
2026-10-03T06:00:13.7061083Z [0m[1maws_cloudwatch_log_group.lambda_unprotect_idle_backtest_instances_lg[0]: Refreshing state... [id=/aws/lambda/prod-unprotect-idle-backtest-instances][0m
2026-10-03T06:00:13.7485399Z [0m[1maws_lambda_permission.allow_eventbridge_scheduled_run_task_state_recorder[0]: Refreshing state... [id=AllowExecutionFromEventBridgeScheduledRunTaskState][0m
2026-10-03T06:00:13.7507678Z [0m[1maws_cloudwatch_event_target.scheduled_run_task_state_change_target[0]: Refreshing state... [id=prod-scheduled-run-task-state-change-rule-prod-scheduled-run-task-state-recorder][0m
2026-10-03T06:00:13.7510773Z [0m[1maws_iam_role_policy.eventbridge_scheduled_run_task_state_policy[0]: Refreshing state... [id=prod-eventbridge-scheduled-run-task-state-role:prod-eventbridge-scheduled-run-task-state-policy][0m
2026-10-03T06:00:13.7514733Z [0m[1maws_nat_gateway.shared_nat_gw[0]: Refreshing state... [id=nat-025487f40542a0d77][0m
2026-10-03T06:00:13.7676096Z [0m[1maws_iam_role_policy.scheduler_scheduled_custom_launcher_policy[0]: Refreshing state... [id=prod-scheduler-scheduled-custom-launcher-role:prod-scheduler-scheduled-custom-launcher-policy][0m
2026-10-03T06:00:13.7696283Z [0m[1maws_lambda_permission.allow_scheduler_scheduled_custom_launcher[0]: Refreshing state... [id=AllowExecutionFromScheduledCustomScheduler][0m
2026-10-03T06:00:13.7843759Z [0m[1maws_iam_policy.lambda_scheduled_custom_policy[0]: Refreshing state... [id=arn:aws:iam::412381755468:policy/prod-bot-manager-lambda-scheduled-custom-inline][0m
2026-10-03T06:00:13.7971936Z [0m[1maws_autoscaling_group.cluster_asg["prod-trading-bots"]: Refreshing state... [id=prod-trading-bots-asg][0m
2026-10-03T06:00:13.8334843Z [0m[1maws_autoscaling_group.cluster_asg["prod-trading-bots-backtest"]: Refreshing state... [id=prod-trading-bots-backtest-asg][0m
2026-10-03T06:00:13.8363128Z [0m[1maws_autoscaling_group.cluster_asg_ms["prod-trading-bots-backtest"]: Refreshing state... [id=prod-trading-bots-backtest-asg-ms][0m
2026-10-03T06:00:13.8441471Z [0m[1maws_autoscaling_group.cluster_asg_ms["prod-trading-bots"]: Refreshing state... [id=prod-trading-bots-asg-ms][0m
2026-10-03T06:00:13.8501959Z [0m[1maws_autoscaling_group.backtest_tier_asg["large"]: Refreshing state... [id=prod-trading-bots-backtest-asg-large][0m
2026-10-03T06:00:13.8531318Z [0m[1maws_autoscaling_group.backtest_tier_asg["medium"]: Refreshing state... [id=prod-trading-bots-backtest-asg-medium][0m
2026-10-03T06:00:13.8654673Z [0m[1maws_autoscaling_group.backtest_tier_asg["2xlarge"]: Refreshing state... [id=prod-trading-bots-backtest-asg-2xlarge][0m
2026-10-03T06:00:13.8657022Z [0m[1maws_autoscaling_group.backtest_tier_asg["xlarge"]: Refreshing state... [id=prod-trading-bots-backtest-asg-xlarge][0m
2026-10-03T06:00:13.8745059Z [0m[1maws_lambda_permission.allow_eventbridge_scheduled_test_custom[0]: Refreshing state... [id=AllowExecutionFromEventBridgeScheduledTestCustom][0m
2026-10-03T06:00:13.9548694Z [0m[1maws_iam_role_policy.eventbridge_scheduled_test_custom_policy[0]: Refreshing state... [id=prod-eventbridge-scheduled-test-custom-role:prod-eventbridge-scheduled-test-custom-policy][0m
2026-10-03T06:00:13.9601181Z [0m[1maws_cloudwatch_metric_alarm.scheduled_test_custom_lambda_errors[0]: Refreshing state... [id=prod-scheduled-test-custom-lambda-errors][0m
2026-10-03T06:00:14.0424918Z [0m[1maws_cloudwatch_event_target.scheduled_test_custom_target[0]: Refreshing state... [id=prod-scheduled-test-custom-rule-prod-scheduled-test-custom][0m
2026-10-03T06:00:14.1917220Z [0m[1maws_kms_key.secrets_manager_cmk: Refreshing state... [id=bd12e7e5-3a9e-400f-a9ad-359937cea34a][0m
2026-10-03T06:00:14.2150725Z [0m[1maws_iam_role_policy.broker_data_lambda_policy: Refreshing state... [id=prod-broker-data-fetcher-lambda-role:prod-broker-data-fetcher-inline][0m
2026-10-03T06:00:14.2182423Z [0m[1maws_iam_role_policy.single_trade_lambda_policy: Refreshing state... [id=prod-single-trade-executor-lambda-role:prod-single-trade-executor-inline][0m
2026-10-03T06:00:14.2238431Z [0m[1maws_iam_policy.lambda_runtime_secret_resolver: Refreshing state... [id=arn:aws:iam::412381755468:policy/prod-bot-manager-runtime-secret-resolver][0m
2026-10-03T06:00:14.2300972Z [0m[1maws_iam_policy.lambda_backtest_shared_cache_session: Refreshing state... [id=arn:aws:iam::412381755468:policy/prod-bot-manager-backtest-cache-session][0m
2026-10-03T06:00:14.2320680Z [0m[1maws_iam_role_policy.backtest_shared_cache_session: Refreshing state... [id=prod-backtest-shared-cache-session:prod-backtest-shared-cache-session][0m
2026-10-03T06:00:14.2349322Z [0m[1maws_cloudwatch_event_target.scheduled_test_backtest_target[0]: Refreshing state... [id=prod-scheduled-test-backtest-rule-prod-scheduled-test-backtest][0m
2026-10-03T06:00:14.2362910Z [0m[1maws_iam_role_policy.eventbridge_scheduled_test_backtest_policy[0]: Refreshing state... [id=prod-eventbridge-scheduled-test-backtest-role:prod-eventbridge-scheduled-test-backtest-policy][0m
2026-10-03T06:00:14.2365319Z [0m[1maws_lambda_permission.allow_eventbridge_scheduled_test_backtest[0]: Refreshing state... [id=AllowExecutionFromEventBridgeScheduledTestBacktest][0m
2026-10-03T06:00:14.2449391Z [0m[1maws_cloudwatch_metric_alarm.scheduled_test_backtest_lambda_errors[0]: Refreshing state... [id=prod-scheduled-test-backtest-lambda-errors][0m
2026-10-03T06:00:14.3156146Z [0m[1maws_iam_role_policy_attachment.s3_replication_attach[0]: Refreshing state... [id=prod-s3-replication-role-20250514154450852200000001][0m
2026-10-03T06:00:14.3175241Z [0m[1maws_s3_bucket_object_lock_configuration.audit_logs_dr_object_lock[0]: Refreshing state... [id=prod-bot-manager-audit-logs-412381755468-dr][0m
2026-10-03T06:00:14.3210747Z [0m[1maws_s3_bucket_object_lock_configuration.audit_logs_object_lock: Refreshing state... [id=prod-bot-manager-audit-logs-412381755468][0m
2026-10-03T06:00:14.3231619Z [0m[1maws_lambda_function.broker_data_fetcher: Refreshing state... [id=prod-broker-data-fetcher][0m
2026-10-03T06:00:14.3252905Z [0m[1mdata.aws_iam_policy_document.scheduled_bot_state_policy: Reading...[0m[0m
2026-10-03T06:00:14.3288654Z [0m[1mdata.aws_iam_policy_document.scheduled_bot_state_policy: Read complete after 0s [id=4213775425][0m
2026-10-03T06:00:14.3352519Z [0m[1maws_lambda_function.cleanup_cost_leaks: Refreshing state... [id=prod-cleanup-cost-leaks][0m
2026-10-03T06:00:14.3358853Z [0m[1maws_lambda_function.reconcile_idle_live_capacity: Refreshing state... [id=prod-reconcile-idle-live-capacity][0m
2026-10-03T06:00:14.3682482Z [0m[1maws_lambda_function.single_trade_executor: Refreshing state... [id=prod-single-trade-executor][0m
2026-10-03T06:00:14.3880531Z [0m[1maws_route.private_default_route[0]: Refreshing state... [id=r-rtb-09652eee2bfb5c1451080289494][0m
2026-10-03T06:00:14.3944921Z [0m[1maws_iam_role_policy_attachment.lambda_scheduled_custom_attach[0]: Refreshing state... [id=prod-bot-manager-api-lambda-role-20260701052203983900000001][0m
2026-10-03T06:00:14.4010044Z [0m[1maws_ecs_capacity_provider.cp["prod-trading-bots-backtest"]: Refreshing state... [id=arn:aws:ecs:us-east-1:412381755468:capacity-provider/prod-trading-bots-backtest-cp][0m
2026-10-03T06:00:14.4101639Z [0m[1maws_ecs_capacity_provider.cp["prod-trading-bots"]: Refreshing state... [id=arn:aws:ecs:us-east-1:412381755468:capacity-provider/prod-trading-bots-cp][0m
2026-10-03T06:00:14.4500562Z [0m[1maws_cloudwatch_metric_alarm.backtest_asg_ecs_registration_mismatch[0]: Refreshing state... [id=prod-backtest-asg-ecs-registration-mismatch][0m
2026-10-03T06:00:14.4772715Z [0m[1maws_ecs_capacity_provider.cp_ms["prod-trading-bots"]: Refreshing state... [id=arn:aws:ecs:us-east-1:412381755468:capacity-provider/prod-trading-bots-cp-ms][0m
2026-10-03T06:00:14.4916910Z [0m[1maws_ecs_capacity_provider.cp_ms["prod-trading-bots-backtest"]: Refreshing state... [id=arn:aws:ecs:us-east-1:412381755468:capacity-provider/prod-trading-bots-backtest-cp-ms][0m
2026-10-03T06:00:14.5259459Z [0m[1maws_autoscaling_lifecycle_hook.ecs_draining_hook["prod-trading-bots"]: Refreshing state... [id=ecs-managed-draining-termination-hook][0m
2026-10-03T06:00:14.6031805Z [0m[1maws_autoscaling_lifecycle_hook.ecs_draining_hook["prod-trading-bots-backtest"]: Refreshing state... [id=ecs-managed-draining-termination-hook][0m
2026-10-03T06:00:14.6114714Z [0m[1maws_ecs_capacity_provider.backtest_tier_cp["xlarge"]: Refreshing state... [id=arn:aws:ecs:us-east-1:412381755468:capacity-provider/prod-trading-bots-backtest-cp-xlarge][0m
2026-10-03T06:00:14.6516583Z [0m[1maws_ecs_capacity_provider.backtest_tier_cp["2xlarge"]: Refreshing state... [id=arn:aws:ecs:us-east-1:412381755468:capacity-provider/prod-trading-bots-backtest-cp-2xlarge][0m
2026-10-03T06:00:14.6558072Z [0m[1maws_ecs_capacity_provider.backtest_tier_cp["large"]: Refreshing state... [id=arn:aws:ecs:us-east-1:412381755468:capacity-provider/prod-trading-bots-backtest-cp-large][0m
2026-10-03T06:00:14.6772505Z [0m[1maws_ecs_capacity_provider.backtest_tier_cp["medium"]: Refreshing state... [id=arn:aws:ecs:us-east-1:412381755468:capacity-provider/prod-trading-bots-backtest-cp-medium][0m
2026-10-03T06:00:14.6798618Z [0m[1maws_s3_bucket_policy.scheduled_bot_state_policy: Refreshing state... [id=prod-trading-bot-scheduled-state][0m
2026-10-03T06:00:14.6981450Z [0m[1maws_cloudtrail.multi_region[0]: Refreshing state... [id=arn:aws:cloudtrail:us-east-1:412381755468:trail/prod-audit-trail][0m
2026-10-03T06:00:14.7105951Z [0m[1maws_iam_role_policy_attachment.lambda_runtime_secret_resolver: Refreshing state... [id=prod-bot-manager-api-lambda-role-20260828093143672700000001][0m
2026-10-03T06:00:14.7468356Z [0m[1maws_s3_bucket_replication_configuration.trading_bot_backtests_replication[0]: Refreshing state... [id=prod-trading-bot-backtests][0m
2026-10-03T06:00:14.7499583Z [0m[1maws_s3_bucket_replication_configuration.audit_logs_replication[0]: Refreshing state... [id=prod-bot-manager-audit-logs-412381755468][0m
2026-10-03T06:00:14.7526608Z [0m[1maws_s3_bucket_replication_configuration.trading_bot_base_replication[0]: Refreshing state... [id=prod-trading-bot-base][0m
2026-10-03T06:00:14.7613612Z [0m[1maws_iam_role_policy_attachment.lambda_backtest_shared_cache_session: Refreshing state... [id=prod-bot-manager-api-lambda-role-20260912225057027500000003][0m
2026-10-03T06:00:14.7662185Z [0m[1maws_secretsmanager_secret.datadownloader_runtime: Refreshing state... [id=arn:aws:secretsmanager:us-east-1:412381755468:secret:prod-bot-manager-datadownloader-runtime-bOwSQs][0m
2026-10-03T06:00:14.7722782Z [0m[1maws_iam_role_policy.broker_data_runtime_secret_reader_policy: Refreshing state... [id=prod-broker-data-runtime-secret-reader-role:prod-broker-data-runtime-secret-reader][0m
2026-10-03T06:00:14.7919855Z [0m[1maws_kms_alias.secrets_manager_cmk_alias: Refreshing state... [id=alias/prod-secrets-manager-cmk][0m
2026-10-03T06:00:14.8243484Z [0m[1maws_secretsmanager_secret.broker_oauth_provider_credentials["tradier"]: Refreshing state... [id=arn:aws:secretsmanager:us-east-1:412381755468:secret:prod-broker-oauth-tradier-Jx617J][0m
2026-10-03T06:00:14.8276535Z [0m[1maws_secretsmanager_secret.broker_oauth_provider_credentials["schwab"]: Refreshing state... [id=arn:aws:secretsmanager:us-east-1:412381755468:secret:prod-broker-oauth-schwab-qBwqhM][0m
2026-10-03T06:00:14.8345346Z [0m[1maws_lambda_function_event_invoke_config.single_trade_executor: Refreshing state... [id=prod-single-trade-executor][0m
2026-10-03T06:00:14.8394814Z [0m[1maws_iam_role_policy.lambda_comprehensive_inline: Refreshing state... [id=prod-bot-manager-api-lambda-role:prod-bot-manager-lambda-comprehensive-inline][0m
2026-10-03T06:00:14.8535235Z [0m[1maws_cloudwatch_metric_alarm.cost_leak_cleanup_errors[0]: Refreshing state... [id=prod-cost-leak-cleanup-errors][0m
2026-10-03T06:00:14.8563456Z [0m[1maws_lambda_permission.allow_eventbridge_cleanup_cost_leaks: Refreshing state... [id=AllowExecutionFromEventBridgeCleanupCostLeaks][0m
2026-10-03T06:00:14.8587816Z [0m[1maws_cloudwatch_event_target.cleanup_cost_leaks_target: Refreshing state... [id=prod-cleanup-cost-leaks-rule-prod-cleanup-cost-leaks][0m
2026-10-03T06:00:14.8647519Z [0m[1maws_cloudwatch_event_target.reconcile_idle_live_capacity_target: Refreshing state... [id=prod-reconcile-idle-live-capacity-rule-prod-reconcile-idle-live-capacity][0m
2026-10-03T06:00:14.9418362Z [0m[1maws_cloudwatch_metric_alarm.live_capacity_reconciler_errors[0]: Refreshing state... [id=prod-live-capacity-reconciler-errors][0m
2026-10-03T06:00:14.9486807Z [0m[1maws_lambda_permission.allow_eventbridge_reconcile_idle_live_capacity: Refreshing state... [id=AllowExecutionFromEventBridgeReconcileIdleLiveCapacity][0m
2026-10-03T06:00:14.9500052Z [0m[1maws_ecs_cluster_capacity_providers.main_cp_attach: Refreshing state... [id=prod-trading-bots][0m
2026-10-03T06:00:14.9566408Z [0m[1maws_ecs_cluster_capacity_providers.backtest_cp_attach: Refreshing state... [id=prod-trading-bots-backtest][0m
2026-10-03T06:00:15.0121546Z [0m[1maws_secretsmanager_secret_version.datadownloader_runtime: Refreshing state... [id=arn:aws:secretsmanager:us-east-1:412381755468:secret:prod-bot-manager-datadownloader-runtime-bOwSQs|terraform-2026072402161812500000000a][0m
2026-10-03T06:00:15.0156740Z [0m[1maws_lambda_function.bot_manager_api: Refreshing state... [id=prod-bot-manager-api][0m
2026-10-03T06:00:15.0861062Z [0m[1maws_secretsmanager_secret_policy.broker_oauth_node_reader["schwab"]: Refreshing state... [id=arn:aws:secretsmanager:us-east-1:412381755468:secret:prod-broker-oauth-schwab-qBwqhM][0m
2026-10-03T06:00:15.0873160Z [0m[1maws_secretsmanager_secret_policy.broker_oauth_node_reader["tradier"]: Refreshing state... [id=arn:aws:secretsmanager:us-east-1:412381755468:secret:prod-broker-oauth-tradier-Jx617J][0m
2026-10-03T06:00:15.0877072Z [0m[1maws_iam_role_policy.broker_token_authority_lambda_policy: Refreshing state... [id=prod-broker-token-authority-lambda-role:prod-broker-token-authority-inline][0m
2026-10-03T06:00:15.0879168Z [0m[1maws_lambda_function.broker_token_authority: Refreshing state... [id=prod-broker-token-authority][0m
2026-10-03T06:00:15.4492231Z [0m[1maws_iam_role_policy.scheduled_custom_task_broker_token_authority_invoke_deny: Refreshing state... [id=prod-scheduled-custom-task-role:prod-scheduled-custom-task-deny-broker-token-authority][0m
2026-10-03T06:00:15.4503045Z [0m[1maws_lambda_permission.allow_botspot_node_broker_token_authority[0]: Refreshing state... [id=AllowBotSpotNodeBrokerTokenAuthorityInvoke][0m
2026-10-03T06:00:15.4509307Z [0m[1maws_iam_role_policy.custom_task_broker_token_authority_invoke_deny: Refreshing state... [id=prod-trading-bot-custom-task-role:prod-custom-task-deny-broker-token-authority][0m
2026-10-03T06:00:16.1010095Z [0m[1maws_api_gateway_integration.root_any: Refreshing state... [id=agi-n3oomgbb5k-y5w497w2za-ANY][0m
2026-10-03T06:00:16.1032436Z [0m[1maws_lambda_permission.allow_apigw: Refreshing state... [id=AllowExecutionFromAPIGateway][0m
2026-10-03T06:00:16.1057394Z [0m[1maws_api_gateway_integration.proxy_any: Refreshing state... [id=agi-n3oomgbb5k-ix3ob5-ANY][0m
2026-10-03T06:00:16.1943956Z [0m[1maws_api_gateway_deployment.api_deployment: Refreshing state... [id=aq2dcg][0m
2026-10-03T06:00:16.3004008Z [0m[1maws_api_gateway_stage.live: Refreshing state... [id=ags-n3oomgbb5k-live][0m
2026-10-03T06:00:16.3913678Z [0m[1maws_api_gateway_base_path_mapping.env_mapping: Refreshing state... [id=botspotapp.com/prod][0m
2026-10-03T06:00:17.1397981Z 
2026-10-03T06:00:17.1399282Z Terraform used the selected providers to generate the following execution
2026-10-03T06:00:17.1400365Z plan. Resource actions are indicated with the following symbols:
2026-10-03T06:00:17.1401480Z   [33m~[0m update in-place[0m
2026-10-03T06:00:17.1402239Z [31m-[0m/[32m+[0m destroy and then create replacement[0m
2026-10-03T06:00:17.1403051Z  [36m<=[0m read (data resources)[0m
2026-10-03T06:00:17.1403473Z 
2026-10-03T06:00:17.1403837Z Terraform will perform the following actions:
2026-10-03T06:00:17.1404333Z 
2026-10-03T06:00:17.1404922Z [1m  # data.aws_iam_policy_document.gha_assume_role[0m will be read during apply
2026-10-03T06:00:17.1405824Z   # (depends on a resource or a module with changes pending)
2026-10-03T06:00:17.1406727Z [0m [36m<=[0m[0m data "aws_iam_policy_document" "gha_assume_role" {
2026-10-03T06:00:17.1407578Z       [32m+[0m[0m id            = (known after apply)
2026-10-03T06:00:17.1408368Z       [32m+[0m[0m json          = (known after apply)
2026-10-03T06:00:17.1409160Z       [32m+[0m[0m minified_json = (known after apply)
2026-10-03T06:00:17.1409721Z 
2026-10-03T06:00:17.1410093Z       [32m+[0m[0m statement {
2026-10-03T06:00:17.1410756Z           [32m+[0m[0m actions = [
2026-10-03T06:00:17.1411508Z               [32m+[0m[0m "sts:AssumeRoleWithWebIdentity",
2026-10-03T06:00:17.1412151Z             ]
2026-10-03T06:00:17.1412719Z           [32m+[0m[0m effect  = "Allow"
2026-10-03T06:00:17.1413132Z 
2026-10-03T06:00:17.1413506Z           [32m+[0m[0m condition {
2026-10-03T06:00:17.1414223Z               [32m+[0m[0m test     = "StringEquals"
2026-10-03T06:00:17.1414944Z               [32m+[0m[0m values   = [
2026-10-03T06:00:17.1415655Z                   [32m+[0m[0m "sts.amazonaws.com",
2026-10-03T06:00:17.1416270Z                 ]
2026-10-03T06:00:17.1417160Z               [32m+[0m[0m variable = "token.actions.githubusercontent.com:aud"
2026-10-03T06:00:17.1417915Z             }
2026-10-03T06:00:17.1418476Z           [32m+[0m[0m condition {
2026-10-03T06:00:17.1460186Z               [32m+[0m[0m test     = "StringLike"
2026-10-03T06:00:17.1461010Z               [32m+[0m[0m values   = [
2026-10-03T06:00:17.1500187Z                   [32m+[0m[0m "repo:Lumiwealth/bot_manager:ref:refs/heads/production",
2026-10-03T06:00:17.1501648Z                   [32m+[0m[0m "repo:Lumiwealth/bot_manager:environment:production",
2026-10-03T06:00:17.1502619Z                 ]
2026-10-03T06:00:17.1540313Z               [32m+[0m[0m variable = "token.actions.githubusercontent.com:sub"
2026-10-03T06:00:17.1541303Z             }
2026-10-03T06:00:17.1579411Z 
2026-10-03T06:00:17.1580298Z           [32m+[0m[0m principals {
2026-10-03T06:00:17.1581102Z               [32m+[0m[0m identifiers = [
2026-10-03T06:00:17.1620509Z                   [32m+[0m[0m "arn:aws:iam::412381755468:oidc-provider/token.actions.githubusercontent.com",
2026-10-03T06:00:17.1621535Z                 ]
2026-10-03T06:00:17.1659964Z               [32m+[0m[0m type        = "Federated"
2026-10-03T06:00:17.1660803Z             }
2026-10-03T06:00:17.1661544Z         }
2026-10-03T06:00:17.1699320Z     }
2026-10-03T06:00:17.1700157Z 
2026-10-03T06:00:17.1700847Z [1m  # aws_api_gateway_account.account[0m will be updated in-place
2026-10-03T06:00:17.1739938Z [0m  [33m~[0m[0m resource "aws_api_gateway_account" "account" {
2026-10-03T06:00:17.1741043Z       [33m~[0m[0m api_key_version     = "4" -> (known after apply)
2026-10-03T06:00:17.1765175Z       [33m~[0m[0m cloudwatch_role_arn = "arn:aws:iam::412381755468:role/dev-api-gateway-cloudwatch-role" [33m->[0m[0m "arn:aws:iam::412381755468:role/prod-api-gateway-cloudwatch-role"
2026-10-03T06:00:17.1767788Z       [33m~[0m[0m features            = [
2026-10-03T06:00:17.1820363Z           [31m-[0m[0m "UsagePlans",
2026-10-03T06:00:17.1821117Z         ] -> (known after apply)
2026-10-03T06:00:17.1821825Z         id                  = "api-gateway-account"
2026-10-03T06:00:17.1859672Z       [33m~[0m[0m throttle_settings   = [
2026-10-03T06:00:17.1860531Z           [31m-[0m[0m {
2026-10-03T06:00:17.1861269Z               [31m-[0m[0m burst_limit = 5000
2026-10-03T06:00:17.1900045Z               [31m-[0m[0m rate_limit  = 10000
2026-10-03T06:00:17.1900584Z             },
2026-10-03T06:00:17.1900982Z         ] -> (known after apply)
2026-10-03T06:00:17.1901415Z     }
2026-10-03T06:00:17.1901615Z 
2026-10-03T06:00:17.1902196Z [1m  # aws_ecs_cluster_capacity_providers.backtest_cp_attach[0m will be updated in-place
2026-10-03T06:00:17.1903253Z [0m  [33m~[0m[0m resource "aws_ecs_cluster_capacity_providers" "backtest_cp_attach" {
2026-10-03T06:00:17.1904043Z       [33m~[0m[0m capacity_providers = [
2026-10-03T06:00:17.1904716Z           [32m+[0m[0m "prod-trading-bots-backtest-cp-large",
2026-10-03T06:00:17.1905464Z           [32m+[0m[0m "prod-trading-bots-backtest-cp-medium",
2026-10-03T06:00:17.1906189Z             [90m# (4 unchanged elements hidden)[0m[0m
2026-10-03T06:00:17.1906692Z         ]
2026-10-03T06:00:17.1907121Z         id                 = "prod-trading-bots-backtest"
2026-10-03T06:00:17.1907798Z         [90m# (1 unchanged attribute hidden)[0m[0m
2026-10-03T06:00:17.1908161Z 
2026-10-03T06:00:17.1908445Z         [90m# (2 unchanged blocks hidden)[0m[0m
2026-10-03T06:00:17.1908932Z     }
2026-10-03T06:00:17.1909137Z 
2026-10-03T06:00:17.1909681Z [1m  # aws_iam_openid_connect_provider.github[0m will be updated in-place
2026-10-03T06:00:17.1910569Z [0m  [33m~[0m[0m resource "aws_iam_openid_connect_provider" "github" {
2026-10-03T06:00:17.1911653Z         id              = "arn:aws:iam::412381755468:oidc-provider/token.actions.githubusercontent.com"
2026-10-03T06:00:17.1912492Z       [33m~[0m[0m tags            = {
2026-10-03T06:00:17.1913131Z           [33m~[0m[0m "Environment" = "dev" [33m->[0m[0m "prod"
2026-10-03T06:00:17.1913773Z             "Name"        = "github-actions-oidc-provider"
2026-10-03T06:00:17.1914298Z         }
2026-10-03T06:00:17.1914738Z       [33m~[0m[0m tags_all        = {
2026-10-03T06:00:17.1915379Z           [33m~[0m[0m "Environment" = "dev" [33m->[0m[0m "prod"
2026-10-03T06:00:17.1916088Z             [90m# (1 unchanged element hidden)[0m[0m
2026-10-03T06:00:17.1916603Z         }
2026-10-03T06:00:17.1917106Z         [90m# (4 unchanged attributes hidden)[0m[0m
2026-10-03T06:00:17.1917609Z     }
2026-10-03T06:00:17.1917804Z 
2026-10-03T06:00:17.1918158Z [1m  # aws_iam_role.github_actions[0m will be updated in-place
2026-10-03T06:00:17.1918925Z [0m  [33m~[0m[0m resource "aws_iam_role" "github_actions" {
2026-10-03T06:00:17.1919729Z       [33m~[0m[0m assume_role_policy    = jsonencode(
2026-10-03T06:00:17.1920254Z             {
2026-10-03T06:00:17.1920715Z               [31m-[0m[0m Statement = [
2026-10-03T06:00:17.1921287Z                   [31m-[0m[0m {
2026-10-03T06:00:17.1921970Z                       [31m-[0m[0m Action    = "sts:AssumeRoleWithWebIdentity"
2026-10-03T06:00:17.1929955Z                       [31m-[0m[0m Condition = {
2026-10-03T06:00:17.1930805Z                           [31m-[0m[0m StringEquals = {
2026-10-03T06:00:17.1931743Z                               [31m-[0m[0m "token.actions.githubusercontent.com:aud" = "sts.amazonaws.com"
2026-10-03T06:00:17.1932491Z                             }
2026-10-03T06:00:17.1933044Z                           [31m-[0m[0m StringLike   = {
2026-10-03T06:00:17.1934571Z                               [31m-[0m[0m "token.actions.githubusercontent.com:sub" = [
2026-10-03T06:00:17.1935905Z                                   [31m-[0m[0m "repo:Lumiwealth/bot_manager:ref:refs/heads/production",
2026-10-03T06:00:17.1936919Z                                   [31m-[0m[0m "repo:Lumiwealth/bot_manager:environment:production",
2026-10-03T06:00:17.1937595Z                                 ]
2026-10-03T06:00:17.1938036Z                             }
2026-10-03T06:00:17.1938450Z                         }
2026-10-03T06:00:17.1963777Z                       [31m-[0m[0m Effect    = "Allow"
2026-10-03T06:00:17.1964440Z                       [31m-[0m[0m Principal = {
2026-10-03T06:00:17.1965631Z                           [31m-[0m[0m Federated = "arn:aws:iam::412381755468:oidc-provider/token.actions.githubusercontent.com"
2026-10-03T06:00:17.1966471Z                         }
2026-10-03T06:00:17.1966869Z                     },
2026-10-03T06:00:17.1967252Z                 ]
2026-10-03T06:00:17.1967750Z               [31m-[0m[0m Version   = "2012-10-17"
2026-10-03T06:00:17.1968260Z             }
2026-10-03T06:00:17.1968687Z         ) -> (known after apply)
2026-10-03T06:00:17.1969195Z         id                    = "prod-github-actions-role"
2026-10-03T06:00:17.1969910Z         name                  = "prod-github-actions-role"
2026-10-03T06:00:17.1970436Z         tags                  = {
2026-10-03T06:00:17.1970881Z             "Environment" = "prod"
2026-10-03T06:00:17.1971314Z         }
2026-10-03T06:00:17.1971819Z         [90m# (11 unchanged attributes hidden)[0m[0m
2026-10-03T06:00:17.1972182Z 
2026-10-03T06:00:17.1972463Z         [90m# (1 unchanged block hidden)[0m[0m
2026-10-03T06:00:17.1972947Z     }
2026-10-03T06:00:17.1973137Z 
2026-10-03T06:00:17.1973556Z [1m  # aws_lambda_function.bot_manager_api[0m will be updated in-place
2026-10-03T06:00:17.1974400Z [0m  [33m~[0m[0m resource "aws_lambda_function" "bot_manager_api" {
2026-10-03T06:00:17.1975054Z         id                             = "prod-bot-manager-api"
2026-10-03T06:00:17.1975954Z       [33m~[0m[0m last_modified                  = "2026-10-03T04:16:30.000+0000" -> (known after apply)
2026-10-03T06:00:17.1977367Z       [33m~[0m[0m s3_key                         = "prod/lambda-assets/bot-manager-api/91e75c4d.zip" [33m->[0m[0m "prod/lambda-assets/bot-manager-api/23a8b011.zip"
2026-10-03T06:00:17.2002873Z       [33m~[0m[0m source_code_hash               = "kedcTYj3kQt7KYFcfuoFFu0TXZPb8xGk0NZnCLLgFbc=" [33m->[0m[0m "I6iwEReMYjlrxfVRXuho12Jphj7cC17OMmskj8+XGIM="
2026-10-03T06:00:17.2004159Z         tags                           = {
2026-10-03T06:00:17.2004642Z             "Environment" = "prod"
2026-10-03T06:00:17.2005112Z             "ManagedBy"   = "terraform"
2026-10-03T06:00:17.2005561Z         }
2026-10-03T06:00:17.2006158Z         [90m# (27 unchanged attributes hidden)[0m[0m
2026-10-03T06:00:17.2006530Z 
2026-10-03T06:00:17.2006776Z       [33m~[0m[0m environment {
2026-10-03T06:00:17.2007306Z           [33m~[0m[0m variables = {
2026-10-03T06:00:17.2009957Z               [33m~[0m[0m "BACKTEST_IMAGE_URI"                                = "412381755468.dkr.ecr.us-east-1.amazonaws.com/prod-trading-bot-backtest@sha256:c0edd6b3632b2867428a0371c615833160d93cd85d2b1a477cd7aa5e3dd95656" [33m->[0m[0m "412381755468.dkr.ecr.us-east-1.amazonaws.com/prod-trading-bot-backtest@sha256:13ca1d8b2077a52b259ea36afe8d085ba66a2cf8159b23bf5b8c8357d374c64b"
2026-10-03T06:00:17.2012923Z               [33m~[0m[0m "BOT_MANAGER_RELEASE_GIT_SHA"                       = "0cc6f2b1e9923e482de577d2bee233752be11200" [33m->[0m[0m "330bd1095c61852b4c7534a79ff387b2f6d9bed3"
2026-10-03T06:00:17.2014660Z               [33m~[0m[0m "BOT_MANAGER_RELEASE_ID"                            = "eeb00a2083c2-37095614041-1-promoted" [33m->[0m[0m "13edd12075d7-37101252446-1-promoted"
2026-10-03T06:00:17.2018437Z               [33m~[0m[0m "BOT_MANAGER_RELEASE_IMAGE_SINGLE_TRADE_LAMBDA"     = "412381755468.dkr.ecr.us-east-1.amazonaws.com/prod-single-trade-lambda@sha256:29eda66fde29892931d04fd3c28bc25dcfc08d494fdbf662e298d2f36fb1fb47" [33m->[0m[0m "412381755468.dkr.ecr.us-east-1.amazonaws.com/prod-single-trade-lambda@sha256:dd4c7a58105f42edff17bf35e40a663ad8d692f51a8f3c2ccd8a0919b0ed9fd7"
2026-10-03T06:00:17.2034499Z               [33m~[0m[0m "BOT_MANAGER_RELEASE_MANIFEST_SHA256"               = "935165cf2ed62211a9304144394c18a55832620a95d7912969a504e48f75c700" [33m->[0m[0m "21dbdc4476f5e7f02b7db531721a08ef7c0487f675742593cfbe77c7164765bc"
2026-10-03T06:00:17.2036985Z               [33m~[0m[0m "BOT_MANAGER_RUNTIME_BUNDLE_SHA256"                 = "99e7123d325775b126b2c8c31bbd214c53e46d85b5104d9d7a3e9eb90426477a" [33m->[0m[0m "48a35b66bd0d7cb40ff399c33e28c8156b74e987a9a66687a95aff9075dfa042"
2026-10-03T06:00:17.2040426Z               [33m~[0m[0m "CUSTOM_IMAGE_URI"                                  = "412381755468.dkr.ecr.us-east-1.amazonaws.com/prod-trading-bot-base@sha256:43e7810dba4d73c860ae60e8a3071bdd06e07836391416f758154fc5a2734a07" [33m->[0m[0m "412381755468.dkr.ecr.us-east-1.amazonaws.com/prod-trading-bot-base@sha256:38195d77128db9793518dd316cd34c92a48e47aa345d9a500e6301d19d92f748"
2026-10-03T06:00:17.2042690Z                 [90m# (49 unchanged elements hidden)[0m[0m
2026-10-03T06:00:17.2043209Z             }
2026-10-03T06:00:17.2043557Z         }
2026-10-03T06:00:17.2043752Z 
2026-10-03T06:00:17.2044040Z         [90m# (3 unchanged blocks hidden)[0m[0m
2026-10-03T06:00:17.2044542Z     }
2026-10-03T06:00:17.2044730Z 
2026-10-03T06:00:17.2045179Z [1m  # aws_lambda_function.broker_data_fetcher[0m will be updated in-place
2026-10-03T06:00:17.2046054Z [0m  [33m~[0m[0m resource "aws_lambda_function" "broker_data_fetcher" {
2026-10-03T06:00:17.2046744Z         id                             = "prod-broker-data-fetcher"
2026-10-03T06:00:17.2049273Z       [33m~[0m[0m image_uri                      = "412381755468.dkr.ecr.us-east-1.amazonaws.com/prod-single-trade-lambda@sha256:29eda66fde29892931d04fd3c28bc25dcfc08d494fdbf662e298d2f36fb1fb47" [33m->[0m[0m "412381755468.dkr.ecr.us-east-1.amazonaws.com/prod-single-trade-lambda@sha256:dd4c7a58105f42edff17bf35e40a663ad8d692f51a8f3c2ccd8a0919b0ed9fd7"
2026-10-03T06:00:17.2051784Z       [33m~[0m[0m last_modified                  = "2026-10-03T04:15:44.000+0000" -> (known after apply)
2026-10-03T06:00:17.2052719Z         tags                           = {
2026-10-03T06:00:17.2053504Z             "Environment" = "prod"
2026-10-03T06:00:17.2082630Z             "ManagedBy"   = "terraform"
2026-10-03T06:00:17.2083153Z             "Workload"    = "broker_data"
2026-10-03T06:00:17.2083619Z         }
2026-10-03T06:00:17.2084205Z         [90m# (26 unchanged attributes hidden)[0m[0m
2026-10-03T06:00:17.2084574Z 
2026-10-03T06:00:17.2084813Z       [33m~[0m[0m environment {
2026-10-03T06:00:17.2085333Z           [33m~[0m[0m variables = {
2026-10-03T06:00:17.2086568Z               [33m~[0m[0m "BOT_MANAGER_RELEASE_GIT_SHA"            = "0cc6f2b1e9923e482de577d2bee233752be11200" [33m->[0m[0m "330bd1095c61852b4c7534a79ff387b2f6d9bed3"
2026-10-03T06:00:17.2088271Z               [33m~[0m[0m "BOT_MANAGER_RELEASE_ID"                 = "eeb00a2083c2-37095614041-1-promoted" [33m->[0m[0m "13edd12075d7-37101252446-1-promoted"
2026-10-03T06:00:17.2090859Z               [33m~[0m[0m "BOT_MANAGER_RELEASE_MANIFEST_S3_URI"    = "s3://bot-manager-tf-state/prod/releases/eeb00a2083c2-37095614041-1-promoted/release-manifest.json" [33m->[0m[0m "s3://bot-manager-tf-state/prod/releases/13edd12075d7-37101252446-1-promoted/release-manifest.json"
2026-10-03T06:00:17.2093653Z               [33m~[0m[0m "BOT_MANAGER_RELEASE_MANIFEST_SHA256"    = "935165cf2ed62211a9304144394c18a55832620a95d7912969a504e48f75c700" [33m->[0m[0m "21dbdc4476f5e7f02b7db531721a08ef7c0487f675742593cfbe77c7164765bc"
2026-10-03T06:00:17.2096050Z               [33m~[0m[0m "BOT_MANAGER_RUNTIME_BUNDLE_SHA256"      = "99e7123d325775b126b2c8c31bbd214c53e46d85b5104d9d7a3e9eb90426477a" [33m->[0m[0m "48a35b66bd0d7cb40ff399c33e28c8156b74e987a9a66687a95aff9075dfa042"
2026-10-03T06:00:17.2098194Z                 [90m# (10 unchanged elements hidden)[0m[0m
2026-10-03T06:00:17.2120710Z             }
2026-10-03T06:00:17.2121098Z         }
2026-10-03T06:00:17.2121292Z 
2026-10-03T06:00:17.2121681Z         [90m# (4 unchanged blocks hidden)[0m[0m
2026-10-03T06:00:17.2122183Z     }
2026-10-03T06:00:17.2122370Z 
2026-10-03T06:00:17.2122851Z [1m  # aws_lambda_function.cleanup_scheduled_secrets[0m will be updated in-place
2026-10-03T06:00:17.2123802Z [0m  [33m~[0m[0m resource "aws_lambda_function" "cleanup_scheduled_secrets" {
2026-10-03T06:00:17.2124539Z         id                             = "prod-cleanup-scheduled-secrets"
2026-10-03T06:00:17.2125462Z       [33m~[0m[0m last_modified                  = "2026-10-03T04:15:39.000+0000" -> (known after apply)
2026-10-03T06:00:17.2127013Z       [33m~[0m[0m s3_key                         = "prod/lambda-assets/cleanup-scheduled-secrets/4a0073a7.zip" [33m->[0m[0m "prod/lambda-assets/cleanup-scheduled-secrets/76ba57fd.zip"
2026-10-03T06:00:17.2128868Z       [33m~[0m[0m source_code_hash               = "SgBzp7zbUQ6vVkfVfqK8uZTe5lSQ+ZlXmDSF/uADE7k=" [33m->[0m[0m "drpX/TIa3N5lW+uDpSxIgV+imjPYk4yRh4EpVgTZlMo="
2026-10-03T06:00:17.2130080Z         tags                           = {
2026-10-03T06:00:17.2130555Z             "Environment" = "prod"
2026-10-03T06:00:17.2131012Z             "ManagedBy"   = "terraform"
2026-10-03T06:00:17.2131465Z         }
2026-10-03T06:00:17.2131966Z         [90m# (27 unchanged attributes hidden)[0m[0m
2026-10-03T06:00:17.2132331Z 
2026-10-03T06:00:17.2132617Z         [90m# (4 unchanged blocks hidden)[0m[0m
2026-10-03T06:00:17.2133101Z     }
2026-10-03T06:00:17.2133285Z 
2026-10-03T06:00:17.2133768Z [1m  # aws_lambda_function.scheduled_custom_launcher[0][0m will be updated in-place
2026-10-03T06:00:17.2134717Z [0m  [33m~[0m[0m resource "aws_lambda_function" "scheduled_custom_launcher" {
2026-10-03T06:00:17.2135464Z         id                             = "prod-scheduled-custom-launcher"
2026-10-03T06:00:17.2136043Z         tags                           = {
2026-10-03T06:00:17.2136526Z             "Environment" = "prod"
2026-10-03T06:00:17.2136982Z             "ManagedBy"   = "terraform"
2026-10-03T06:00:17.2137422Z         }
2026-10-03T06:00:17.2137923Z         [90m# (30 unchanged attributes hidden)[0m[0m
2026-10-03T06:00:17.2138299Z 
2026-10-03T06:00:17.2138535Z       [33m~[0m[0m environment {
2026-10-03T06:00:17.2146558Z           [33m~[0m[0m variables = {
2026-10-03T06:00:17.2147330Z               [33m~[0m[0m "BOTSPOT_APPROVED_SCHEDULED_RUNTIME"          = jsonencode(
2026-10-03T06:00:17.2148055Z                   [33m~[0m[0m {
2026-10-03T06:00:17.2150302Z                       [33m~[0m[0m bundle_s3_uri   = "s3://bot-manager-tf-state/prod/runtime-bundles/99e7123d325775b126b2c8c31bbd214c53e46d85b5104d9d7a3e9eb90426477a.tar.zst" [33m->[0m[0m "s3://bot-manager-tf-state/prod/runtime-bundles/48a35b66bd0d7cb40ff399c33e28c8156b74e987a9a66687a95aff9075dfa042.tar.zst"
2026-10-03T06:00:17.2153135Z                       [33m~[0m[0m bundle_sha256   = "99e7123d325775b126b2c8c31bbd214c53e46d85b5104d9d7a3e9eb90426477a" [33m->[0m[0m "48a35b66bd0d7cb40ff399c33e28c8156b74e987a9a66687a95aff9075dfa042"
2026-10-03T06:00:17.2154987Z                       [33m~[0m[0m git_sha         = "0cc6f2b1e9923e482de577d2bee233752be11200" [33m->[0m[0m "330bd1095c61852b4c7534a79ff387b2f6d9bed3"
2026-10-03T06:00:17.2157782Z                       [33m~[0m[0m image           = "412381755468.dkr.ecr.us-east-1.amazonaws.com/prod-trading-bot-base@sha256:43e7810dba4d73c860ae60e8a3071bdd06e07836391416f758154fc5a2734a07" [33m->[0m[0m "412381755468.dkr.ecr.us-east-1.amazonaws.com/prod-trading-bot-base@sha256:38195d77128db9793518dd316cd34c92a48e47aa345d9a500e6301d19d92f748"
2026-10-03T06:00:17.2161392Z                       [33m~[0m[0m manifest_sha256 = "935165cf2ed62211a9304144394c18a55832620a95d7912969a504e48f75c700" [33m->[0m[0m "21dbdc4476f5e7f02b7db531721a08ef7c0487f675742593cfbe77c7164765bc"
2026-10-03T06:00:17.2163516Z                       [33m~[0m[0m release_id      = "eeb00a2083c2-37095614041-1-promoted" [33m->[0m[0m "13edd12075d7-37101252446-1-promoted"
2026-10-03T06:00:17.2176569Z                         [90m# (2 unchanged attributes hidden)[0m[0m
2026-10-03T06:00:17.2177157Z                     }
2026-10-03T06:00:17.2177523Z                 )
2026-10-03T06:00:17.2178059Z                 [90m# (15 unchanged elements hidden)[0m[0m
2026-10-03T06:00:17.2178569Z             }
2026-10-03T06:00:17.2179258Z         }
2026-10-03T06:00:17.2179463Z 
2026-10-03T06:00:17.2179899Z         [90m# (3 unchanged blocks hidden)[0m[0m
2026-10-03T06:00:17.2180395Z     }
2026-10-03T06:00:17.2180579Z 
2026-10-03T06:00:17.2181035Z [1m  # aws_lambda_function.single_trade_executor[0m will be updated in-place
2026-10-03T06:00:17.2181941Z [0m  [33m~[0m[0m resource "aws_lambda_function" "single_trade_executor" {
2026-10-03T06:00:17.2182669Z         id                             = "prod-single-trade-executor"
2026-10-03T06:00:17.2185179Z       [33m~[0m[0m image_uri                      = "412381755468.dkr.ecr.us-east-1.amazonaws.com/prod-single-trade-lambda@sha256:29eda66fde29892931d04fd3c28bc25dcfc08d494fdbf662e298d2f36fb1fb47" [33m->[0m[0m "412381755468.dkr.ecr.us-east-1.amazonaws.com/prod-single-trade-lambda@sha256:dd4c7a58105f42edff17bf35e40a663ad8d692f51a8f3c2ccd8a0919b0ed9fd7"
2026-10-03T06:00:17.2193487Z       [33m~[0m[0m last_modified                  = "2026-10-03T04:15:44.000+0000" -> (known after apply)
2026-10-03T06:00:17.2194221Z         tags                           = {
2026-10-03T06:00:17.2194700Z             "Environment" = "prod"
2026-10-03T06:00:17.2195161Z             "ManagedBy"   = "terraform"
2026-10-03T06:00:17.2195647Z             "Workload"    = "single_trade"
2026-10-03T06:00:17.2196095Z         }
2026-10-03T06:00:17.2196599Z         [90m# (26 unchanged attributes hidden)[0m[0m
2026-10-03T06:00:17.2196966Z 
2026-10-03T06:00:17.2197225Z       [33m~[0m[0m environment {
2026-10-03T06:00:17.2197759Z           [33m~[0m[0m variables = {
2026-10-03T06:00:17.2198951Z               [33m~[0m[0m "BOT_MANAGER_RELEASE_GIT_SHA"            = "0cc6f2b1e9923e482de577d2bee233752be11200" [33m->[0m[0m "330bd1095c61852b4c7534a79ff387b2f6d9bed3"
2026-10-03T06:00:17.2200803Z               [33m~[0m[0m "BOT_MANAGER_RELEASE_ID"                 = "eeb00a2083c2-37095614041-1-promoted" [33m->[0m[0m "13edd12075d7-37101252446-1-promoted"
2026-10-03T06:00:17.2203258Z               [33m~[0m[0m "BOT_MANAGER_RELEASE_MANIFEST_S3_URI"    = "s3://bot-manager-tf-state/prod/releases/eeb00a2083c2-37095614041-1-promoted/release-manifest.json" [33m->[0m[0m "s3://bot-manager-tf-state/prod/releases/13edd12075d7-37101252446-1-promoted/release-manifest.json"
2026-10-03T06:00:17.2206003Z               [33m~[0m[0m "BOT_MANAGER_RELEASE_MANIFEST_SHA256"    = "935165cf2ed62211a9304144394c18a55832620a95d7912969a504e48f75c700" [33m->[0m[0m "21dbdc4476f5e7f02b7db531721a08ef7c0487f675742593cfbe77c7164765bc"
2026-10-03T06:00:17.2208386Z               [33m~[0m[0m "BOT_MANAGER_RUNTIME_BUNDLE_SHA256"      = "99e7123d325775b126b2c8c31bbd214c53e46d85b5104d9d7a3e9eb90426477a" [33m->[0m[0m "48a35b66bd0d7cb40ff399c33e28c8156b74e987a9a66687a95aff9075dfa042"
2026-10-03T06:00:17.2209922Z                 [90m# (10 unchanged elements hidden)[0m[0m
2026-10-03T06:00:17.2210434Z             }
2026-10-03T06:00:17.2210775Z         }
2026-10-03T06:00:17.2210971Z 
2026-10-03T06:00:17.2211252Z         [90m# (3 unchanged blocks hidden)[0m[0m
2026-10-03T06:00:17.2211734Z     }
2026-10-03T06:00:17.2211919Z 
2026-10-03T06:00:17.2212427Z [1m  # aws_s3_bucket_policy.audit_logs_dr_cloudtrail_allow[0][0m will be updated in-place
2026-10-03T06:00:17.2213432Z [0m  [33m~[0m[0m resource "aws_s3_bucket_policy" "audit_logs_dr_cloudtrail_allow" {
2026-10-03T06:00:17.2214189Z         id     = "prod-bot-manager-audit-logs-412381755468-dr"
2026-10-03T06:00:17.2214833Z       [33m~[0m[0m policy = jsonencode(
2026-10-03T06:00:17.2216075Z           [33m~[0m[0m {
2026-10-03T06:00:17.2216906Z               [33m~[0m[0m Statement = [
2026-10-03T06:00:17.2217455Z                   [33m~[0m[0m {
2026-10-03T06:00:17.2217994Z                       [33m~[0m[0m Action    = [
2026-10-03T06:00:17.2218613Z                           [31m-[0m[0m "s3:DeleteObject",
2026-10-03T06:00:17.2232018Z                           [31m-[0m[0m "s3:DeleteObjectVersion",
2026-10-03T06:00:17.2232735Z                           [31m-[0m[0m "s3:AbortMultipartUpload",
2026-10-03T06:00:17.2233413Z                           [32m+[0m[0m "s3:GetBucketAcl",
2026-10-03T06:00:17.2234064Z                           [32m+[0m[0m "s3:GetBucketLocation",
2026-10-03T06:00:17.2234583Z                         ]
2026-10-03T06:00:17.2235187Z                       [33m~[0m[0m Effect    = "Deny" [33m->[0m[0m "Allow"
2026-10-03T06:00:17.2235927Z                       [33m~[0m[0m Principal = "*" [33m->[0m[0m {
2026-10-03T06:00:17.2236713Z                           [32m+[0m[0m Service = "cloudtrail.amazonaws.com"
2026-10-03T06:00:17.2237297Z                         }
2026-10-03T06:00:17.2237805Z                       [33m~[0m[0m Resource  = [
2026-10-03T06:00:17.2238795Z                           [31m-[0m[0m "arn:aws:s3:::prod-bot-manager-audit-logs-412381755468-dr",
2026-10-03T06:00:17.2240021Z                           [31m-[0m[0m "arn:aws:s3:::prod-bot-manager-audit-logs-412381755468-dr/*",
2026-10-03T06:00:17.2241086Z                         ] [33m->[0m[0m "arn:aws:s3:::prod-bot-manager-audit-logs-412381755468-dr"
2026-10-03T06:00:17.2242265Z                       [33m~[0m[0m Sid       = "DenyDeleteAndOverwrite" [33m->[0m[0m "AllowCloudTrailGetBucketAclAndLocation"
2026-10-03T06:00:17.2243093Z                     },
2026-10-03T06:00:17.2243544Z                   [32m+[0m[0m {
2026-10-03T06:00:17.2244128Z                       [32m+[0m[0m Action    = "s3:PutObject"
2026-10-03T06:00:17.2244768Z                       [32m+[0m[0m Condition = {
2026-10-03T06:00:17.2245393Z                           [32m+[0m[0m StringEquals = {
2026-10-03T06:00:17.2246159Z                               [32m+[0m[0m "s3:x-amz-acl" = "bucket-owner-full-control"
2026-10-03T06:00:17.2246771Z                             }
2026-10-03T06:00:17.2247185Z                         }
2026-10-03T06:00:17.2247716Z                       [32m+[0m[0m Effect    = "Allow"
2026-10-03T06:00:17.2248339Z                       [32m+[0m[0m Principal = {
2026-10-03T06:00:17.2249085Z                           [32m+[0m[0m Service = "cloudtrail.amazonaws.com"
2026-10-03T06:00:17.2249765Z                         }
2026-10-03T06:00:17.2250787Z                       [32m+[0m[0m Resource  = "arn:aws:s3:::prod-bot-manager-audit-logs-412381755468-dr/AWSLogs/412381755468/*"
2026-10-03T06:00:17.2251814Z                       [32m+[0m[0m Sid       = "AllowCloudTrailPutObject"
2026-10-03T06:00:17.2252382Z                     },
2026-10-03T06:00:17.2252764Z                 ]
2026-10-03T06:00:17.2253291Z                 [90m# (1 unchanged attribute hidden)[0m[0m
2026-10-03T06:00:17.2259712Z             }
2026-10-03T06:00:17.2260205Z         )
2026-10-03T06:00:17.2260772Z         [90m# (1 unchanged attribute hidden)[0m[0m
2026-10-03T06:00:17.2261274Z     }
2026-10-03T06:00:17.2261462Z 
2026-10-03T06:00:17.2261965Z [1m  # aws_s3_bucket_policy.audit_logs_immutability_policy[0m will be updated in-place
2026-10-03T06:00:17.2262962Z [0m  [33m~[0m[0m resource "aws_s3_bucket_policy" "audit_logs_immutability_policy" {
2026-10-03T06:00:17.2263714Z         id     = "prod-bot-manager-audit-logs-412381755468"
2026-10-03T06:00:17.2264350Z       [33m~[0m[0m policy = jsonencode(
2026-10-03T06:00:17.2264880Z           [33m~[0m[0m {
2026-10-03T06:00:17.2265855Z               [33m~[0m[0m Statement = [
2026-10-03T06:00:17.2266410Z                   [33m~[0m[0m {
2026-10-03T06:00:17.2266955Z                       [33m~[0m[0m Action    = [
2026-10-03T06:00:17.2268134Z                           [31m-[0m[0m "s3:GetBucketAcl",
2026-10-03T06:00:17.2269123Z                           [31m-[0m[0m "s3:GetBucketLocation",
2026-10-03T06:00:17.2269904Z                           [32m+[0m[0m "s3:DeleteObject",
2026-10-03T06:00:17.2270578Z                           [32m+[0m[0m "s3:DeleteObjectVersion",
2026-10-03T06:00:17.2271276Z                           [32m+[0m[0m "s3:AbortMultipartUpload",
2026-10-03T06:00:17.2271808Z                         ]
2026-10-03T06:00:17.2272402Z                       [33m~[0m[0m Effect    = "Allow" [33m->[0m[0m "Deny"
2026-10-03T06:00:17.2273082Z                       [33m~[0m[0m Principal = {
2026-10-03T06:00:17.2273773Z                           [31m-[0m[0m Service = "cloudtrail.amazonaws.com"
2026-10-03T06:00:17.2274446Z                         } [33m->[0m[0m "*"
2026-10-03T06:00:17.2275529Z                       [33m~[0m[0m Resource  = "arn:aws:s3:::prod-bot-manager-audit-logs-412381755468" [33m->[0m[0m [
2026-10-03T06:00:17.2276698Z                           [32m+[0m[0m "arn:aws:s3:::prod-bot-manager-audit-logs-412381755468",
2026-10-03T06:00:17.2277745Z                           [32m+[0m[0m "arn:aws:s3:::prod-bot-manager-audit-logs-412381755468/*",
2026-10-03T06:00:17.2278410Z                         ]
2026-10-03T06:00:17.2279332Z                       [33m~[0m[0m Sid       = "AllowCloudTrailGetBucketAclAndLocation" [33m->[0m[0m "DenyDeleteAndOverwrite"
2026-10-03T06:00:17.2280289Z                     },
2026-10-03T06:00:17.2280743Z                   [31m-[0m[0m {
2026-10-03T06:00:17.2281320Z                       [31m-[0m[0m Action    = "s3:PutObject"
2026-10-03T06:00:17.2281943Z                       [31m-[0m[0m Condition = {
2026-10-03T06:00:17.2282548Z                           [31m-[0m[0m StringEquals = {
2026-10-03T06:00:17.2283297Z                               [31m-[0m[0m "s3:x-amz-acl" = "bucket-owner-full-control"
2026-10-03T06:00:17.2283925Z                             }
2026-10-03T06:00:17.2284349Z                         }
2026-10-03T06:00:17.2284877Z                       [31m-[0m[0m Effect    = "Allow"
2026-10-03T06:00:17.2285479Z                       [31m-[0m[0m Principal = {
2026-10-03T06:00:17.2286167Z                           [31m-[0m[0m Service = "cloudtrail.amazonaws.com"
2026-10-03T06:00:17.2286738Z                         }
2026-10-03T06:00:17.2287720Z                       [31m-[0m[0m Resource  = "arn:aws:s3:::prod-bot-manager-audit-logs-412381755468/AWSLogs/412381755468/*"
2026-10-03T06:00:17.2288734Z                       [31m-[0m[0m Sid       = "AllowCloudTrailPutObject"
2026-10-03T06:00:17.2289301Z                     },
2026-10-03T06:00:17.2289773Z                 ]
2026-10-03T06:00:17.2290297Z                 [90m# (1 unchanged attribute hidden)[0m[0m
2026-10-03T06:00:17.2290806Z             }
2026-10-03T06:00:17.2291149Z         )
2026-10-03T06:00:17.2291618Z         [90m# (1 unchanged attribute hidden)[0m[0m
2026-10-03T06:00:17.2292124Z     }
2026-10-03T06:00:17.2292319Z 
2026-10-03T06:00:17.2292771Z [1m  # null_resource.release_manifest_contract[0m must be [1m[31mreplaced[0m
2026-10-03T06:00:17.2293717Z [0m[31m-[0m/[32m+[0m[0m resource "null_resource" "release_manifest_contract" {
2026-10-03T06:00:17.2294559Z       [33m~[0m[0m id       = "4769727889426753798" -> (known after apply)
2026-10-03T06:00:17.2295313Z       [33m~[0m[0m triggers = { [31m# forces replacement[0m[0m
2026-10-03T06:00:17.2296823Z           [33m~[0m[0m "manifest_sha256" = "935165cf2ed62211a9304144394c18a55832620a95d7912969a504e48f75c700" [33m->[0m[0m "21dbdc4476f5e7f02b7db531721a08ef7c0487f675742593cfbe77c7164765bc"
2026-10-03T06:00:17.2298554Z           [33m~[0m[0m "release_id"      = "eeb00a2083c2-37095614041-1-promoted" [33m->[0m[0m "13edd12075d7-37101252446-1-promoted"
2026-10-03T06:00:17.2300108Z             [90m# (1 unchanged element hidden)[0m[0m
2026-10-03T06:00:17.2300607Z         }
2026-10-03T06:00:17.2301491Z     }
2026-10-03T06:00:17.2302010Z 
2026-10-03T06:00:17.2302371Z [1mPlan:[0m 1 to add, 11 to change, 1 to destroy.
2026-10-03T06:00:17.7977909Z [0m[0m[1mnull_resource.release_manifest_contract: Destroying... [id=4769727889426753798][0m[0m
2026-10-03T06:00:17.8021511Z [0m[1mnull_resource.release_manifest_contract: Destruction complete after 0s[0m
2026-10-03T06:00:17.8052301Z [0m[1mnull_resource.release_manifest_contract: Creating...[0m[0m
2026-10-03T06:00:17.8110712Z [0m[1mnull_resource.release_manifest_contract: Creation complete after 0s [id=735566548241613677][0m
2026-10-03T06:00:18.1766997Z [0m[1maws_iam_openid_connect_provider.github: Modifying... [id=arn:aws:iam::412381755468:oidc-provider/token.actions.githubusercontent.com][0m[0m
2026-10-03T06:00:18.1860870Z [0m[1maws_lambda_function.broker_data_fetcher: Modifying... [id=prod-broker-data-fetcher][0m[0m
2026-10-03T06:00:18.1862738Z [0m[1maws_lambda_function.cleanup_scheduled_secrets: Modifying... [id=prod-cleanup-scheduled-secrets][0m[0m
2026-10-03T06:00:18.1886138Z [0m[1maws_lambda_function.single_trade_executor: Modifying... [id=prod-single-trade-executor][0m[0m
2026-10-03T06:00:18.1962741Z [0m[1maws_s3_bucket_policy.audit_logs_immutability_policy: Modifying... [id=prod-bot-manager-audit-logs-412381755468][0m[0m
2026-10-03T06:00:18.2229880Z [0m[1maws_api_gateway_account.account: Modifying... [id=api-gateway-account][0m[0m
2026-10-03T06:00:18.2261529Z [0m[1maws_s3_bucket_policy.audit_logs_dr_cloudtrail_allow[0]: Modifying... [id=prod-bot-manager-audit-logs-412381755468-dr][0m[0m
2026-10-03T06:00:18.2301641Z [0m[1maws_lambda_function.scheduled_custom_launcher[0]: Modifying... [id=prod-scheduled-custom-launcher][0m[0m
2026-10-03T06:00:18.2330622Z [0m[1maws_ecs_cluster_capacity_providers.backtest_cp_attach: Modifying... [id=prod-trading-bots-backtest][0m[0m
2026-10-03T06:00:18.4846089Z [0m[1maws_s3_bucket_policy.audit_logs_dr_cloudtrail_allow[0]: Modifications complete after 0s [id=prod-bot-manager-audit-logs-412381755468-dr][0m
2026-10-03T06:00:18.5148932Z [0m[1maws_iam_openid_connect_provider.github: Modifications complete after 1s [id=arn:aws:iam::412381755468:oidc-provider/token.actions.githubusercontent.com][0m
2026-10-03T06:00:18.5186268Z [0m[1mdata.aws_iam_policy_document.gha_assume_role: Reading...[0m[0m
2026-10-03T06:00:18.5211828Z [0m[1mdata.aws_iam_policy_document.gha_assume_role: Read complete after 0s [id=692207511][0m
2026-10-03T06:00:18.5553480Z [0m[1maws_s3_bucket_policy.audit_logs_immutability_policy: Modifications complete after 1s [id=prod-bot-manager-audit-logs-412381755468][0m
2026-10-03T06:00:18.6732695Z [0m[1maws_api_gateway_account.account: Modifications complete after 1s [id=api-gateway-account][0m
2026-10-03T06:00:24.1851474Z [0m[1maws_lambda_function.scheduled_custom_launcher[0]: Modifications complete after 6s [id=prod-scheduled-custom-launcher][0m
2026-10-03T06:00:24.5390638Z [0m[1maws_lambda_function.cleanup_scheduled_secrets: Modifications complete after 7s [id=prod-cleanup-scheduled-secrets][0m
2026-10-03T06:00:28.1814379Z [0m[1maws_lambda_function.broker_data_fetcher: Still modifying... [id=prod-broker-data-fetcher, 10s elapsed][0m[0m
2026-10-03T06:00:28.1917784Z [0m[1maws_lambda_function.single_trade_executor: Still modifying... [id=prod-single-trade-executor, 10s elapsed][0m[0m
2026-10-03T06:00:28.2318065Z [0m[1maws_ecs_cluster_capacity_providers.backtest_cp_attach: Still modifying... [id=prod-trading-bots-backtest, 10s elapsed][0m[0m
2026-10-03T06:00:29.0007457Z [0m[1maws_ecs_cluster_capacity_providers.backtest_cp_attach: Modifications complete after 11s [id=prod-trading-bots-backtest][0m
2026-10-03T06:00:38.1821041Z [0m[1maws_lambda_function.broker_data_fetcher: Still modifying... [id=prod-broker-data-fetcher, 20s elapsed][0m[0m
2026-10-03T06:00:38.1934631Z [0m[1maws_lambda_function.single_trade_executor: Still modifying... [id=prod-single-trade-executor, 20s elapsed][0m[0m
2026-10-03T06:00:48.1822847Z [0m[1maws_lambda_function.broker_data_fetcher: Still modifying... [id=prod-broker-data-fetcher, 30s elapsed][0m[0m
2026-10-03T06:00:48.1942792Z [0m[1maws_lambda_function.single_trade_executor: Still modifying... [id=prod-single-trade-executor, 30s elapsed][0m[0m
2026-10-03T06:00:53.8639081Z [0m[1maws_lambda_function.broker_data_fetcher: Modifications complete after 36s [id=prod-broker-data-fetcher][0m
2026-10-03T06:00:58.1951282Z [0m[1maws_lambda_function.single_trade_executor: Still modifying... [id=prod-single-trade-executor, 40s elapsed][0m[0m
2026-10-03T06:01:03.7687158Z [0m[1maws_lambda_function.single_trade_executor: Modifications complete after 46s [id=prod-single-trade-executor][0m
2026-10-03T06:01:03.7989640Z [0m[1maws_lambda_function.bot_manager_api: Modifying... [id=prod-bot-manager-api][0m[0m
2026-10-03T06:01:13.8008079Z [0m[1maws_lambda_function.bot_manager_api: Still modifying... [id=prod-bot-manager-api, 10s elapsed][0m[0m
2026-10-03T06:01:16.1916678Z [0m[1maws_lambda_function.bot_manager_api: Modifications complete after 12s [id=prod-bot-manager-api][0m
2026-10-03T06:01:17.0483890Z [0m[1m[32m
2026-10-03T06:01:17.0485219Z Apply complete! Resources: 1 added, 10 changed, 1 destroyed.
2026-10-03T06:01:17.0486006Z [0m[0m[1m[32m
2026-10-03T06:01:17.0486372Z Outputs:
2026-10-03T06:01:17.0486568Z 
2026-10-03T06:01:17.0487337Z [0mgithub_actions_role_arn = "***"
2026-10-03T06:01:21.3194004Z {"repaired": 0, "verified": 12}
2026-10-03T06:01:21.3958207Z [06:01:21] [188s] Infrastructure deployment done for environment: prod!
2026-10-03T06:01:22.8965839Z [06:01:22] [189s] prod-reconcile-idle-live-capacity completed: {"environment": "prod", "asg": "prod-trading-bots-asg-ms", "desired_before": 6, "desired_after": 6, "reconciled_instance_ids": [], "deregistered_instance_ids": []}
2026-10-03T06:01:30.6883716Z [06:01:30] [197s] prod-cleanup-cost-leaks completed: {"environment": "prod", "eligible_ephemeral_secrets": 65, "deleted_ephemeral_secrets": 65, "terminated_snapshot_instances": 0, "deleted_allowlisted_legacy_volumes": 0, "deleted_orphan_volumes": 0, "deleted_orphan_volume_gib": 0}
2026-10-03T06:01:33.6287463Z [06:01:33] [200s] Step 3.3: Ensuring all background snapshot processes complete before cleanup...
2026-10-03T06:01:33.6317133Z [06:01:33] [200s] No background snapshot processes to wait for
2026-10-03T06:01:33.6343601Z [06:01:33] [200s] Skipping post-infrastructure cleanup on blocking deploy path (RUN_POST_DEPLOY_CLEANUP=false)
2026-10-03T06:01:34.5465020Z [06:01:34] [201s] Updating prod-broker-oauth-schwab from workflow environment
2026-10-03T06:01:36.3313966Z [06:01:36] [203s] Updating prod-broker-oauth-tradier from workflow environment
2026-10-03T06:01:37.2519403Z [06:01:37] [204s] Broker token authority provider secrets are available for prod
2026-10-03T06:01:38.1711402Z [06:01:38] [205s] Updating prod-bot-manager-api-key from workflow environment
2026-10-03T06:01:40.8627942Z [06:01:40] [207s] Updating prod-bot-manager-scope-api-key from BOT_MANAGER_SCOPE_API_KEY
2026-10-03T06:01:43.5726876Z [06:01:43] [210s] Updating prod-bot-manager-admin-api-key from BOT_MANAGER_ADMIN_API_KEY
2026-10-03T06:01:44.4882934Z [06:01:44] [211s] Bot access scope secrets are available for prod integration tests
2026-10-03T06:01:44.4911358Z [06:01:44] [211s] Running release manifest endpoint preflight...
2026-10-03T06:01:45.1928080Z Release preflight passed for 13edd12075d7-37101252446-1-promoted
2026-10-03T06:01:45.2248165Z [06:01:45] [212s] Release manifest endpoint preflight passed.
2026-10-03T06:01:45.2282566Z [06:01:45] [212s] Skipping integration tests (SKIP_INTEGRATION_TESTS=true)
2026-10-03T06:01:45.9335151Z s3://bot-manager-tf-state/prod/deployments/37101252446.json
2026-10-03T06:01:46.0117056Z [06:01:46] [213s] prod deployment tasks finished.
2026-10-03T06:01:46.0160472Z [06:01:46] [213s] Total script execution time: 213s
2026-10-03T06:01:46.0190370Z [06:01:46] [213s] All operations completed.
2026-10-03T06:01:46.0320678Z Post job cleanup.
2026-10-03T06:01:46.1820232Z Pruning cache...
2026-10-03T06:01:46.1836055Z (node:4963) [DEP0040] DeprecationWarning: The `punycode` module is deprecated. Please use a userland alternative instead.
2026-10-03T06:01:46.1837388Z (Use `node --trace-deprecation ...` to show where the warning was created)
2026-10-03T06:01:46.2715552Z Saving cache path: /home/runner/_work/_temp/setup-uv-cache
2026-10-03T06:01:46.2883151Z [command]/usr/bin/tar --posix -cf cache.tzst --exclude cache.tzst -P -C /home/runner/_work/bot_manager/bot_manager --files-from manifest.txt --use-compress-program zstdmt
2026-10-03T06:01:46.3610871Z ##[warning]Failed to save: <h2>Our services aren't available right now</h2><p>We're working to restore all services as soon as possible. Please check back soon.</p>0SprAagAAAABKcadN28MHTbphAJDgLiXwUEhYMzFFREdFMDIwOQBFZGdl
2026-10-03T06:01:46.3638800Z cache saved with the key: setup-uv-1-aarch64-unknown-linux-gnu-0.11.8-b5a73c9e60b3d1f51a768b078414d58f1f3844dc53996b22f18be30091fb9ab8
2026-10-03T06:01:46.5235353Z Post job cleanup.
2026-10-03T06:01:46.6467665Z (node:5009) [DEP0040] DeprecationWarning: The `punycode` module is deprecated. Please use a userland alternative instead.
2026-10-03T06:01:46.6469022Z (Use `node --trace-deprecation ...` to show where the warning was created)
2026-10-03T06:01:46.6664014Z [warning]Path Validation Error: Path(s) specified in the action for caching do(es) not exist, hence no cache is being saved.
2026-10-03T06:01:46.8215141Z Post job cleanup.
2026-10-03T06:01:46.9588951Z (node:5044) [DEP0040] DeprecationWarning: The `punycode` module is deprecated. Please use a userland alternative instead.
2026-10-03T06:01:46.9593117Z (Use `node --trace-deprecation ...` to show where the warning was created)
2026-10-03T06:01:46.9880174Z [command]/usr/bin/tar --posix -cf cache.tzst --exclude cache.tzst -P -C /home/runner/_work/bot_manager/bot_manager --files-from manifest.txt --use-compress-program zstdmt
2026-10-03T06:01:49.2541368Z (node:5044) [DEP0169] DeprecationWarning: `url.parse()` behavior is not standardized and prone to errors that have security implications. Use the WHATWG URL API instead. CVEs are not issued for `url.parse()` vulnerabilities.
2026-10-03T06:01:49.6025567Z Sent 118745629 of 118745629 (100.0%), 311.1 MBs/sec
2026-10-03T06:01:50.3662063Z Cache saved with key: bot-manager-terraform-43af8923aefb3ef71f1e73d80b048717aea72310c228839f022784f016763096
2026-10-03T06:01:50.3827904Z Post job cleanup.
2026-10-03T06:01:50.5184557Z (node:5066) [DEP0040] DeprecationWarning: The `punycode` module is deprecated. Please use a userland alternative instead.
2026-10-03T06:01:50.5186381Z (Use `node --trace-deprecation ...` to show where the warning was created)
2026-10-03T06:01:50.5419566Z Post job cleanup.
2026-10-03T06:01:50.6729354Z Post job cleanup.
2026-10-03T06:01:50.7707541Z [command]/usr/local/bin/git version
2026-10-03T06:01:50.7779974Z git version 2.51.2
2026-10-03T06:01:50.7834049Z Temporarily overriding HOME='/home/runner/_work/_temp/0a7baaf7-6436-43c9-b675-f9a994dfff91' before making global git config changes
2026-10-03T06:01:50.7835476Z Adding repository directory to the temporary git global config as a safe directory
2026-10-03T06:01:50.7836656Z [command]/usr/local/bin/git config --global --add safe.directory /home/runner/_work/bot_manager/bot_manager
2026-10-03T06:01:50.7906243Z [command]/usr/local/bin/git config --local --name-only --get-regexp core\.sshCommand
2026-10-03T06:01:50.7959608Z [command]/usr/local/bin/git submodule foreach --recursive sh -c "git config --local --name-only --get-regexp 'core\.sshCommand' && git config --local --unset-all 'core.sshCommand' || :"
2026-10-03T06:01:50.8179166Z [command]/usr/local/bin/git config --local --name-only --get-regexp http\.https\:\/\/github\.com\/\.extraheader
2026-10-03T06:01:50.8237561Z [command]/usr/local/bin/git submodule foreach --recursive sh -c "git config --local --name-only --get-regexp 'http\.https\:\/\/github\.com\/\.extraheader' && git config --local --unset-all 'http.https://github.com/.extraheader' || :"
2026-10-03T06:01:50.8454828Z [command]/usr/local/bin/git config --local --name-only --get-regexp ^includeIf\.gitdir:
2026-10-03T06:01:50.8503503Z [command]/usr/local/bin/git submodule foreach --recursive git config --local --show-origin --name-only --get-regexp remote.origin.url
2026-10-03T06:01:50.9137090Z A job completed hook has been configured by the self-hosted runner administrator
2026-10-03T06:01:50.9193451Z ##[group]Run '/job_completed.sh'
2026-10-03T06:01:50.9227795Z shell: /usr/bin/bash --noprofile --norc -e -o pipefail {0}
2026-10-03T06:01:50.9228368Z env:
2026-10-03T06:01:50.9228767Z   BLACKSMITH_RUNNER_MESSAGE_WAIT_MS: 229
2026-10-03T06:01:50.9229291Z   BLACKSMITH_RUNNER_ACQUIRE_JOB_MS: 1100
2026-10-03T06:01:50.9229796Z   BLACKSMITH_CHECK_RUN_ID: 111141744002
2026-10-03T06:01:50.9230349Z   BLACKSMITH_JOB_DISPLAY_NAME: Deploy to Production
2026-10-03T06:01:50.9230912Z   GITHUB_ACTIONS_CACHE_MODE: write
2026-10-03T06:01:50.9231480Z ##[endgroup]
2026-10-03T06:01:50.9419746Z Docker container cache not activated, skipping hash computation.
2026-10-03T06:01:50.9812794Z No active SSH sessions detected. Proceeding with shutdown immediately.
2026-10-03T06:01:50.9906798Z Cleaning up orphan processes
2026-10-03T06:01:51.2039345Z ##[warning]Node.js 20 is deprecated. The following actions target Node.js 20 but are being forced to run on Node.js 24: actions/cache@0057852bfaa89a56745cba8c7296529d2fc39830, actions/checkout@34e114876b0b11c390a56381ad16ebd13914f8d5, actions/setup-python@a26af69be951a213d495a4c3e4e4022e16d87065, astral-sh/setup-uv@caf0cab7a618c569241d31dcd442f54681755d39, aws-actions/configure-aws-credentials@7474bc4690e29a8392af63c5b98e7449536d5c3a, hashicorp/setup-terraform@633666f66e0061ca3b725c73b2ec20cd13a8fdd1. For more information see: https://github.blog/changelog/2025-09-19-deprecation-of-node-20-on-github-actions-runners/
